SQ_CANDIDATO,NR_CANDIDATO,NM_CANDIDATO,NM_URNA_CANDIDATO,SG_PARTIDO,DS_GENERO,DS_GRAU_INSTRUCAO,DS_OCUPACAO,DS_SITUACAO_CANDIDATURA,DS_SIT_TOT_TURNO,IDADE,PATRIMONIO_TOTAL,RECEITA_TOTAL,DESPESA_TOTAL,VOTOS_TOTAL,CLUSTER,PERFIL_CLUSTER
250001677888,9044,VALTER FRANCISCO BRITO,VALTÃO,PROS,MASCULINO,SUPERIOR INCOMPLETO,OUTROS,APTO,NÃO ELEITO,60.0,0.0,0.0,375.64,64.0,1.0,Baixa movimentação financeira
250001677870,9047,JAELSON DA CONCEIÇÃO SERRA,JOELSON,PROS,MASCULINO,ENSINO MÉDIO COMPLETO,COMERCIANTE,APTO,NÃO ELEITO,52.0,0.0,0.0,0.0,144.0,1.0,Baixa movimentação financeira
250001738902,9032,SELMA SANTOS GAMA MARTINS,SELMA GAMA,PROS,FEMININO,SUPERIOR COMPLETO,EMPRESÁRIO,APTO,NÃO ELEITO,43.0,0.0,0.0,0.0,44.0,1.0,Baixa movimentação financeira
250001677900,9056,JOÃO VITOR SPARANO,JOÃO SPARANO,PROS,MASCULINO,SUPERIOR COMPLETO,EMPRESÁRIO,APTO,NÃO ELEITO,44.0,0.0,907650.0,907565.03,300.0,2.0,Estrutura financeira intermediária
250001677907,9051,MARCO ANTONIO FONTEBASSO,MARCO FONTEBASSO,PROS,MASCULINO,ENSINO MÉDIO COMPLETO,EMPRESÁRIO,APTO,NÃO ELEITO,50.0,0.0,8950.0,4400.0,234.0,2.0,Estrutura financeira intermediária
250001677920,9088,EDIMARCOS FERREIRA DA SILVA,EDIMARCO SILVA,PROS,MASCULINO,SUPERIOR COMPLETO,EMPRESÁRIO,APTO,NÃO ELEITO,52.0,30000.0,2661.5,2661.5,232.0,0.0,Maior estrutura financeira
250001677869,9021,GREICE NAOMI YAMAGUCHI,NAOMI YAMAGUCHI,PROS,FEMININO,SUPERIOR COMPLETO,EMPRESÁRIO,APTO,NÃO ELEITO,51.0,0.0,200000.0,199883.4,279.0,2.0,Estrutura financeira intermediária
250001677892,9066,BIANCA MARIA DELLA SANTA PIMENTA,BIANCA PIMENTA,PROS,FEMININO,SUPERIOR COMPLETO,ADVOGADO,APTO,NÃO ELEITO,66.0,0.0,65.0,0.0,120.0,1.0,Baixa movimentação financeira
250001677877,9005,MARTHA VANIA LOPES IWASAKI,MARTHA ISHIDA,PROS,FEMININO,ENSINO MÉDIO COMPLETO,CABELEIREIRO E BARBEIRO,APTO,NÃO ELEITO,54.0,0.0,0.0,0.0,52.0,1.0,Baixa movimentação financeira
250001635948,3522,MARIA CONCEIÇÃO FRANCO DELFINO,MARY FRANCO,PMB,FEMININO,ENSINO MÉDIO COMPLETO,SERVIDOR PÚBLICO MUNICIPAL,APTO,NÃO ELEITO,50.0,4449.0,1967.0,1967.0,362.0,0.0,Maior estrutura financeira
250001635958,3580,EMERSON JONAS DE OLIVEIRA COSTA,EMERSON DORIVAL COSTA,PMB,MASCULINO,SUPERIOR COMPLETO,"CORRETOR DE IMÓVEIS, SEGUROS, TÍTULOS E VALORES",APTO,NÃO ELEITO,41.0,0.0,0.0,0.0,171.0,1.0,Baixa movimentação financeira
250001611355,2215,ROBSON LIEBETANZ DZELVE CALABIANQUI JUNIOR,FUINHA ROBSON CALABIANQUI,PL,MASCULINO,ENSINO MÉDIO COMPLETO,OUTROS,INAPTO,NÃO ELEITO,26.0,68000.0,325973.97,335000.0,22926.0,0.0,Maior estrutura financeira
250001715893,2874,ADEMIR DA PENHA CLEMENTE,ADEMIR CLEMENTE,PRTB,MASCULINO,ENSINO MÉDIO COMPLETO,APOSENTADO (EXCETO SERVIDOR PÚBLICO),APTO,NÃO ELEITO,52.0,0.0,2822.09,0.0,392.0,2.0,Estrutura financeira intermediária
250001715883,2846,ALLAN ARONI,ALLAN ARONI,PRTB,MASCULINO,SUPERIOR COMPLETO,SERVIDOR PÚBLICO ESTADUAL,APTO,NÃO ELEITO,42.0,0.0,2822.09,3340.0,46.0,2.0,Estrutura financeira intermediária
250001620276,4045,EVILASIO CAVALCANTE DE FARIAS,DR EVILASIO,PSB,MASCULINO,SUPERIOR COMPLETO,MÉDICO,INAPTO,NÃO ELEITO,70.0,76087.05,305328.88,285741.92,10087.0,0.0,Maior estrutura financeira
250001695284,2714,JOSÉ CARLOS DO NASCIMENTO REIS,CARLINHOS NEGÃO,DC,MASCULINO,ENSINO FUNDAMENTAL INCOMPLETO,TRABALHADOR DE CONSTRUÇÃO CIVIL,INAPTO,NÃO ELEITO,53.0,0.0,12685.76,0.0,,2.0,Estrutura financeira intermediária
250001613951,3306,EMERSON WELSCH,EMERSON,PMN,MASCULINO,SUPERIOR COMPLETO,PROFESSOR DE ENSINO MÉDIO,INAPTO,NÃO ELEITO,50.0,0.0,4350.0,4347.0,,2.0,Estrutura financeira intermediária
250001715896,2826,RAIMUNDO NONATO PEREIRA DOS SANTOS,RAIMUNDO NONATO,PRTB,MASCULINO,ENSINO MÉDIO COMPLETO,OUTROS,APTO,NÃO ELEITO,56.0,0.01,2822.09,0.0,139.0,2.0,Estrutura financeira intermediária
250001715848,2863,LEANDRO RUIVO,LEANDRO RUIVO,PRTB,MASCULINO,SUPERIOR COMPLETO,ADMINISTRADOR,APTO,NÃO ELEITO,52.0,1.0,5924.45,3040.0,140.0,2.0,Estrutura financeira intermediária
250001715874,2832,MARA LUCIA GARCIA,MARA GARCIA,PRTB,FEMININO,SUPERIOR COMPLETO,"CORRETOR DE IMÓVEIS, SEGUROS, TÍTULOS E VALORES",INAPTO,NÃO ELEITO,48.0,0.1,2822.09,0.0,166.0,2.0,Estrutura financeira intermediária
250001739237,9092,THAISE DIAS LIMA DE SOUZA,THAISE LIMA,PROS,FEMININO,SUPERIOR COMPLETO,ADVOGADO,INAPTO,NÃO ELEITO,37.0,0.0,0.0,0.0,,1.0,Baixa movimentação financeira
250001717803,9046,NILZA MARIA DE JESUS NOGUEIRA,NILZA NOGUEIRA,PROS,FEMININO,SUPERIOR INCOMPLETO,COMERCIANTE,INAPTO,NÃO ELEITO,57.0,0.0,0.0,0.0,45.0,1.0,Baixa movimentação financeira
250001643872,2068,JÉSSICA APARECIDA SOMER MAGALHÃES,JÉSSICA SOMER,PSC,FEMININO,ENSINO MÉDIO COMPLETO,EMPRESÁRIO,INAPTO,NÃO ELEITO,30.0,7900.0,0.0,0.0,,1.0,Baixa movimentação financeira
250001650566,4590,ERIKA FERNANDA MATOS DOS SANTOS,ERIKA MATOS,PSDB,FEMININO,SUPERIOR INCOMPLETO,OUTROS,INAPTO,NÃO ELEITO,28.0,0.0,11590.900000000001,0.0,229.0,2.0,Estrutura financeira intermediária
250001620748,5169,WAGNER DONIZETI PEREIRA,GUERREIRO,PATRIOTA,MASCULINO,SUPERIOR INCOMPLETO,CANTOR E COMPOSITOR,INAPTO,NÃO ELEITO,46.0,22000.0,3358.9,0.0,1310.0,0.0,Maior estrutura financeira
250001620738,5127,JORGE HERMES GUIMARÃES,DR JORGE,PATRIOTA,MASCULINO,SUPERIOR COMPLETO,MÉDICO,INAPTO,NÃO ELEITO,72.0,0.0,14261.7,0.0,853.0,2.0,Estrutura financeira intermediária
250001676832,4330,WILSON GRASSI JÚNIOR,VETERINÁRIO WILSON GRASSI,PV,MASCULINO,SUPERIOR COMPLETO,EMPRESÁRIO,INAPTO,NÃO ELEITO,52.0,9051034.03,688185.0,688185.0,6580.0,0.0,Maior estrutura financeira
250001715875,2875,SUZECLEA SOUZA SANTOS,SUZI,PRTB,FEMININO,ENSINO MÉDIO COMPLETO,OUTROS,INAPTO,NÃO ELEITO,37.0,10.1,2822.09,0.0,,2.0,Estrutura financeira intermediária
250001643896,2066,PAULO FRANCISCO PERES LUCAS,PAULO LUCCAS,PSC,MASCULINO,SUPERIOR INCOMPLETO,JORNALISTA E REDATOR,INAPTO,NÃO ELEITO,52.0,236000.0,10000.0,10000.0,,0.0,Maior estrutura financeira
250001651391,4073,IDÁRITONIO MARINHO DE JESUS,MARINHO MB,PSB,MASCULINO,SUPERIOR INCOMPLETO,EMPRESÁRIO,INAPTO,#NULO,58.0,812000.0,0.0,0.0,,1.0,Baixa movimentação financeira
250001695279,2726,EDER GARCIA SOARES VITERBO,EDER VITERBO,DC,MASCULINO,ENSINO MÉDIO COMPLETO,ADMINISTRADOR,INAPTO,#NULO,61.0,0.0,9071.05,0.0,,2.0,Estrutura financeira intermediária
250001622068,7029,LOREDANA NOCITO SALAMONE,DRA LORES,AVANTE,FEMININO,SUPERIOR COMPLETO,ADVOGADO,INAPTO,#NULO,56.0,0.0,0.0,0.0,,1.0,Baixa movimentação financeira
250001612121,4501,RICHARD PORTO DE ROSA,RICHARD DE ROSA,PSDB,MASCULINO,SUPERIOR COMPLETO,JORNALISTA E REDATOR,INAPTO,#NULO,38.0,30859.820000000003,0.0,0.0,,1.0,Baixa movimentação financeira
250001604872,1425,SILVIO ROBERTO SEIXAS REGO,SILVIO SEIXAS,PTB,MASCULINO,SUPERIOR COMPLETO,ADVOGADO,INAPTO,#NULO,58.0,107300.0,0.0,0.0,,1.0,Baixa movimentação financeira
250001612023,1160,RENATO DISSEI,RENATO DISSEI,PP,MASCULINO,SUPERIOR COMPLETO,ADMINISTRADOR,INAPTO,#NULO,40.0,808829.59,2000.0,1810.8,,0.0,Maior estrutura financeira
250001611868,1091,JARKSON VILAR DA SILVA,JACKSON VILLAR,REPUBLICANOS,MASCULINO,SUPERIOR COMPLETO,COMERCIANTE,INAPTO,#NULO,43.0,0.0,2226.2,2226.0,,2.0,Estrutura financeira intermediária
250001611331,2239,FREDERICK WASSEF,DR FREDERICK WASSEF,PL,MASCULINO,SUPERIOR COMPLETO,ADVOGADO,APTO,SUPLENTE,56.0,18311550.41,237240.63,229151.55,3628.0,0.0,Maior estrutura financeira
250001611315,2250,RICARDO DE AQUINO SALLES,RICARDO SALLES,PL,MASCULINO,SUPERIOR COMPLETO,ADVOGADO,APTO,ELEITO POR QP,47.0,3970000.0,2401140.63,2391556.17,640918.0,0.0,Maior estrutura financeira
250001611319,2240,KATIA DA SILVA SASTRE,POLICIAL KATIA SASTRE,PL,FEMININO,SUPERIOR COMPLETO,DEPUTADO,APTO,SUPLENTE,46.0,553703.3400000001,2621292.19,2574934.82,60330.0,0.0,Maior estrutura financeira
250001611337,2237,MARGARETE SÁ DOS REIS,MARGARETE REIS,PL,FEMININO,SUPERIOR COMPLETO,POLICIAL MILITAR,APTO,SUPLENTE,52.0,240000.0,37565.25,30000.0,441.0,0.0,Maior estrutura financeira
250001611367,2205,SALOMÃO PEREIRA DA SILVA,SALOMÃO,PL,MASCULINO,ENSINO MÉDIO COMPLETO,JORNALISTA E REDATOR,APTO,SUPLENTE,72.0,704067.22,34021.42,30000.0,3493.0,0.0,Maior estrutura financeira
250001611308,2238,MOSART ARAGÃO PEREIRA,TENENTE MOSART,PL,MASCULINO,SUPERIOR COMPLETO,OUTROS,APTO,SUPLENTE,52.0,1668000.0,565380.0,402933.32,33783.0,0.0,Maior estrutura financeira
250001611316,2278,DAVID ABMAEL DAVID,DELEGADO DAVI,PL,MASCULINO,SUPERIOR COMPLETO,OUTROS,APTO,SUPLENTE,54.0,1049171.75,264879.7,252707.02,18781.0,0.0,Maior estrutura financeira
250001611330,2252,GILMAR DA SILVA GIMENES,GILMAR GIMENES,PL,MASCULINO,SUPERIOR COMPLETO,EMPRESÁRIO,APTO,SUPLENTE,67.0,20845776.619999997,443908.9,421448.45,8022.0,0.0,Maior estrutura financeira
250001611350,2214,PAULO NISHIKAWA,CORONEL NISHIKAWA,PL,MASCULINO,SUPERIOR COMPLETO,DEPUTADO,APTO,SUPLENTE,73.0,43321.61,524198.63,479813.68,8166.0,0.0,Maior estrutura financeira
250001611306,2225,RAMIRO ALVES DA ROCHA CRUZ JUNIOR,RAMIRO DOS CAMINHONEIROS,PL,MASCULINO,SUPERIOR COMPLETO,EMPRESÁRIO,APTO,SUPLENTE,48.0,600000.0,150973.97,150000.0,4542.0,0.0,Maior estrutura financeira
250001611343,2258,ISAAC DALCOL ANTUNES,ISAAC ANTUNES,PL,MASCULINO,SUPERIOR COMPLETO,EMPRESÁRIO,APTO,SUPLENTE,38.0,5000.0,275757.44,274976.37,14371.0,0.0,Maior estrutura financeira
250001613803,1844,MARIO DONIZETE D ANDREA,MARIO D ´ANDREA,REDE,MASCULINO,SUPERIOR COMPLETO,ADMINISTRADOR,APTO,SUPLENTE,47.0,10000.0,16920.0,16920.0,239.0,0.0,Maior estrutura financeira
250001613816,1890,MARIA LUCIA SECOTI FILIZOLA,LUCIA SECOTI,REDE,FEMININO,SUPERIOR COMPLETO,PROFESSOR DE ENSINO SUPERIOR,APTO,SUPLENTE,58.0,779913.05,74640.0,59040.0,420.0,0.0,Maior estrutura financeira
250001613773,5005,ROSEMEIRE MARQUES RIBEIRO ARCHANGELO,ROSE ARCHANGELO,PSOL,FEMININO,SUPERIOR COMPLETO,ADMINISTRADOR,APTO,SUPLENTE,53.0,960520.4299999999,13480.41,13480.41,1718.0,0.0,Maior estrutura financeira
250001613790,5065,ALBERTINO FERREIRA DE OLIVEIRA,ALBERTINO OLIVEIRA SAPOPEMBA,PSOL,MASCULINO,ENSINO FUNDAMENTAL COMPLETO,OUTROS,APTO,SUPLENTE,56.0,0.0,28120.0,20869.9,2445.0,2.0,Estrutura financeira intermediária
250001610283,1905,VALDECI ANTONIO DE PROENÇA,VALDECI PROENÇA,PODE,MASCULINO,ENSINO MÉDIO COMPLETO,CABELEIREIRO E BARBEIRO,APTO,SUPLENTE,46.0,375000.0,247150.0,239972.17,4270.0,0.0,Maior estrutura financeira
250001610287,1908,DÉBORA CRISTINA CHANTRE CARDOSO,DÉBORA CHANTRE,PODE,FEMININO,SUPERIOR COMPLETO,ADVOGADO,APTO,SUPLENTE,34.0,0.0,53575.0,52400.0,1218.0,2.0,Estrutura financeira intermediária
250001610288,1904,ADELAIDE CASTRO DE OLIVEIRA,ADELAIDE OLIVEIRA,PODE,FEMININO,SUPERIOR COMPLETO,"CORRETOR DE IMÓVEIS, SEGUROS, TÍTULOS E VALORES",APTO,SUPLENTE,61.0,851446.94,333923.2,314015.62,1516.0,0.0,Maior estrutura financeira
250001610262,1962,JOSE WANDERLEY DE ANDRADE,ZÉ AMIGUINHO,PODE,MASCULINO,ENSINO MÉDIO COMPLETO,VEREADOR,APTO,SUPLENTE,52.0,234408.96,150000.0,149372.95,5202.0,0.0,Maior estrutura financeira
250001610324,1987,GUILHERME CAMPO DALL ORTO LEITE DO AMARAL,GUILHERME DALL ORTO,PODE,MASCULINO,SUPERIOR COMPLETO,ADVOGADO,APTO,SUPLENTE,45.0,258510.56,643050.0,640755.73,7637.0,0.0,Maior estrutura financeira
250001610256,1993,FRANKLIN VENANCIO DA SILVA NETTO,FRANKLIN,PODE,MASCULINO,SUPERIOR COMPLETO,VEREADOR,APTO,SUPLENTE,39.0,279443.91,180960.0,152346.97,4845.0,0.0,Maior estrutura financeira
250001620300,4042,TEREZINHA MARIA DOS SANTOS,PROFESSORA TEREZA,PSB,FEMININO,SUPERIOR COMPLETO,PROFESSOR DE ENSINO MÉDIO,APTO,SUPLENTE,57.0,20000.0,315261.31,307500.0,4803.0,0.0,Maior estrutura financeira
250001620272,4099,DEMERSON DIAS,DEMERSON SAÚDE,PSB,MASCULINO,SUPERIOR COMPLETO,VEREADOR,APTO,SUPLENTE,48.0,59460.34,167796.36,146077.64,11936.0,0.0,Maior estrutura financeira
250001651384,4046,WILSON LIMA DA SILVA,JUIZ WILSON LIMA,PSB,MASCULINO,SUPERIOR COMPLETO,APOSENTADO (EXCETO SERVIDOR PÚBLICO),APTO,SUPLENTE,66.0,3297323.31,47796.36,47300.0,645.0,0.0,Maior estrutura financeira
250001620262,4033,ISAÍAS TEIXEIRA DE OLIVEIRA,ISAÍAS OLIVEIRA,PSB,MASCULINO,ENSINO MÉDIO COMPLETO,COMERCIANTE,APTO,SUPLENTE,45.0,0.0,92796.36,84996.32,1329.0,2.0,Estrutura financeira intermediária
250001620271,4008,PAULO JOSÉ RIBEIRO DA SILVA,CORONEL PAULO RIBEIRO,PSB,MASCULINO,SUPERIOR COMPLETO,POLICIAL MILITAR,APTO,SUPLENTE,59.0,466000.0,547796.36,511039.21,751.0,0.0,Maior estrutura financeira
250001620294,4075,FRANCINA SOUZA DRUMOND,FRAN DRUMOND,PSB,FEMININO,ENSINO MÉDIO COMPLETO,EMPRESÁRIO,APTO,SUPLENTE,46.0,1439.1399999999999,383761.31,359706.75,665.0,0.0,Maior estrutura financeira
250001620260,4010,HILARIO JULIANO RUIZ DE OLIVEIRA,HILARIO RUIZ,PSB,MASCULINO,SUPERIOR COMPLETO,BANCÁRIO E ECONOMIÁRIO,APTO,SUPLENTE,55.0,570418.65,150602.36,122000.0,4997.0,0.0,Maior estrutura financeira
250001620275,4012,ELISEU GABRIEL DE PIERI,ELISEU GABRIEL,PSB,MASCULINO,SUPERIOR COMPLETO,VEREADOR,APTO,SUPLENTE,75.0,1080894.1800000002,918432.06,906335.93,18200.0,0.0,Maior estrutura financeira
250001620254,4065,ARIADNA THALIA DA SILVA ARANTES,ARIADNA ARANTES,PSB,FEMININO,ENSINO MÉDIO COMPLETO,OUTROS,APTO,SUPLENTE,38.0,8575.54,313075.12,295544.0,4885.0,0.0,Maior estrutura financeira
250001620289,4014,DANIELA CURIATI NUCCI,DANIELA CURIATI,PSB,FEMININO,SUPERIOR COMPLETO,ODONTÓLOGO,APTO,SUPLENTE,46.0,1382600.0,209976.31,173555.88,1247.0,0.0,Maior estrutura financeira
250001651392,4003,ROSENILDA APARECIDA DA SILVA CRUZ,PRETA,PSB,FEMININO,SUPERIOR COMPLETO,ASSISTENTE SOCIAL,APTO,SUPLENTE,42.0,311000.0,112761.31,105000.0,1358.0,0.0,Maior estrutura financeira
250001651394,4054,NELSON XIMENES JUNIOR,XIMENES JUNIOR,PSB,MASCULINO,SUPERIOR COMPLETO,ENGENHEIRO,APTO,SUPLENTE,62.0,1184897.6,47796.36,38693.4,216.0,0.0,Maior estrutura financeira
250001610270,1910,BRUNO AREVALO GANEM,BRUNO GANEM,PODE,MASCULINO,SUPERIOR COMPLETO,DEPUTADO,APTO,ELEITO POR QP,36.0,399840.77,800000.0,799866.1799999999,141595.0,0.0,Maior estrutura financeira
250001602037,4407,FELIPE BECARI COMENALE,FELIPE BECARI,UNIÃO,MASCULINO,SUPERIOR COMPLETO,VEREADOR,APTO,ELEITO POR QP,35.0,663574.05,2930124.53,2918890.43,178777.0,0.0,Maior estrutura financeira
250001602028,4451,ELZA NUNES MACHADO GALVÃO,DRA ELZA GALVÃO,UNIÃO,FEMININO,SUPERIOR COMPLETO,OUTROS,APTO,SUPLENTE,70.0,1764721.07,439447.35,445553.17,5137.0,0.0,Maior estrutura financeira
250001602034,4475,JANDIRA DE MENEZES CREPALDI,PROF. JANDIRA,UNIÃO,FEMININO,SUPERIOR COMPLETO,APOSENTADO (EXCETO SERVIDOR PÚBLICO),APTO,SUPLENTE,74.0,1034300.0,373709.67,386485.32,248.0,0.0,Maior estrutura financeira
250001602068,4470,NICOLINO BOZZELLA JUNIOR,JÚNIOR BOZZELLA,UNIÃO,MASCULINO,SUPERIOR COMPLETO,EMPRESÁRIO,APTO,SUPLENTE,42.0,2117303.12,2511074.53,3412205.13,34545.0,0.0,Maior estrutura financeira
250001602050,4478,CAROLINE DO AMPARO CERQUEIRA,CAROL CERQUEIRA,UNIÃO,FEMININO,SUPERIOR COMPLETO,EMPRESÁRIO,APTO,SUPLENTE,39.0,82919.0,964882.27,899768.02,4258.0,0.0,Maior estrutura financeira
250001602049,4421,LIGIA LIMA DOS SANTOS,LIGIA MUAYTHAI,UNIÃO,FEMININO,ENSINO MÉDIO COMPLETO,EMPRESÁRIO,APTO,SUPLENTE,43.0,300000.0,1089316.15,1253909.0,2936.0,0.0,Maior estrutura financeira
250001727938,4467,RODRIGO ADRIANO DA SILVA,RODRIGO RAS,UNIÃO,MASCULINO,SUPERIOR COMPLETO,OUTROS,APTO,SUPLENTE,42.0,390850.0,212827.27000000002,310191.0,616.0,0.0,Maior estrutura financeira
250001695268,2789,PAULO PURKYT,DR PAULO PURKYT,DC,MASCULINO,SUPERIOR COMPLETO,ADVOGADO,APTO,NÃO ELEITO,58.0,0.0,9571.04,500.0,164.0,2.0,Estrutura financeira intermediária
250001695288,2727,MARIA PAULA BARROS DE OLIVEIRA,PAULA BARROS,DC,FEMININO,SUPERIOR COMPLETO,PROFESSOR DE ENSINO SUPERIOR,APTO,NÃO ELEITO,60.0,0.0,13797.24,4999.4,890.0,2.0,Estrutura financeira intermediária
250001695270,2767,ROBERTO SELMER JÚNIOR,SELMER,DC,MASCULINO,SUPERIOR COMPLETO,PROFESSOR DE ENSINO SUPERIOR,APTO,NÃO ELEITO,45.0,181812.8,4839.94,862.53,225.0,0.0,Maior estrutura financeira
250001695283,2790,JOSÉ AUGUSTO FERREIRA,SOLDADO JOSÉ AUGUSTO,DC,MASCULINO,ENSINO MÉDIO COMPLETO,POLICIAL MILITAR,APTO,NÃO ELEITO,42.0,180320.0,10261.76,0.0,499.0,0.0,Maior estrutura financeira
250001695285,2731,LÉA PICELLI,LÉA PICELLI,DC,FEMININO,SUPERIOR COMPLETO,ARTISTA PLÁSTICO E ASSEMELHADOS,APTO,NÃO ELEITO,61.0,41000.0,13797.24,3372.3599999999997,74.0,0.0,Maior estrutura financeira
250001613962,3353,JONATHAN PEREIRA DE SOUZA,JOWNATHAN DA SAÚDE,PMN,MASCULINO,ENSINO MÉDIO COMPLETO,OUTROS,APTO,NÃO ELEITO,28.0,0.0,40000.0,40000.0,231.0,2.0,Estrutura financeira intermediária
250001613984,3326,YARA DE SOUZA LIMA,YARA LIMA,PMN,FEMININO,ENSINO MÉDIO COMPLETO,OUTROS,APTO,NÃO ELEITO,35.0,0.0,20000.0,20000.0,93.0,2.0,Estrutura financeira intermediária
250001613970,3312,MARIA APARECIDA DE SOUZA MARQUES,PASTORA CIDA TUTIA,PMN,FEMININO,ENSINO MÉDIO COMPLETO,COMERCIANTE,APTO,NÃO ELEITO,64.0,207900.0,30000.0,29950.0,100.0,0.0,Maior estrutura financeira
250001613964,3355,JOSÉ AUGUSTO BARBOSA DA SILVA,AUGUSTO,PMN,MASCULINO,SUPERIOR COMPLETO,OUTROS,APTO,NÃO ELEITO,54.0,0.0,20000.0,20000.0,358.0,2.0,Estrutura financeira intermediária
250001694707,3309,ELISANGELA BRITO DO NASCIMENTO,ELIZ BRITO,PMN,FEMININO,SUPERIOR INCOMPLETO,OUTROS,APTO,NÃO ELEITO,43.0,10000.0,30000.0,0.0,140.0,0.0,Maior estrutura financeira
250001613974,3320,PAULO ATAÍDE ARAÚJO DE SOUSA,PAULO ATAÍDE O RASTA,PMN,MASCULINO,SUPERIOR INCOMPLETO,MÚSICO,APTO,NÃO ELEITO,35.0,0.0,30000.0,30000.0,460.0,2.0,Estrutura financeira intermediária
250001613977,3317,ROMÁRIO SANTOS ALVES,ROMÁRIO SANTOS,PMN,MASCULINO,ENSINO MÉDIO COMPLETO,OUTROS,APTO,NÃO ELEITO,28.0,0.0,0.0,0.0,50.0,1.0,Baixa movimentação financeira
250001613955,3369,FRANCISCO JOSÉ DA CRUZ FILHO,FRANCISCO JOSÉ,PMN,MASCULINO,ENSINO MÉDIO COMPLETO,TÉCNICO DE LABORATÓRIO E RAIOS X,APTO,NÃO ELEITO,53.0,53500.0,15000.0,14284.19,202.0,0.0,Maior estrutura financeira
250001640574,2101,MAXWELL TEODORO MARIANEK ALVES,MAX MARIANEK,PCB,MASCULINO,SUPERIOR COMPLETO,SERVIDOR PÚBLICO ESTADUAL,APTO,NÃO ELEITO,36.0,0.0,1690.0,18685.38,509.0,2.0,Estrutura financeira intermediária
250001640571,2110,BEATRIZ BARBIERE OLIVEIRA,BEATRIZ BARBIERE,PCB,FEMININO,SUPERIOR INCOMPLETO,"ESTUDANTE, BOLSISTA, ESTAGIÁRIO E ASSEMELHADOS",APTO,NÃO ELEITO,23.0,0.0,5967.45,33544.68,4498.0,2.0,Estrutura financeira intermediária
250001622109,7080,CLOVIS PEREIRA JURADO,CLOVIS COLETIVO TRANSPARÊNCIA,AVANTE,MASCULINO,ENSINO MÉDIO COMPLETO,SERVIDOR PÚBLICO MUNICIPAL,APTO,NÃO ELEITO,55.0,328000.0,13286.75,4000.0,626.0,0.0,Maior estrutura financeira
250001622092,7004,MARCOS ANTONIO LELIS MOREIRA,PROMOTOR MARCOS LELIS,AVANTE,MASCULINO,SUPERIOR COMPLETO,MEMBRO DO MINISTÉRIO PÚBLICO,APTO,NÃO ELEITO,65.0,1709623.6400000001,90501.75,79997.0,6664.0,0.0,Maior estrutura financeira
250001622065,7072,NATÁLIA ROBERTA MASSI SOLERA,NATÁLIA MASSI,AVANTE,FEMININO,SUPERIOR INCOMPLETO,OUTROS,APTO,NÃO ELEITO,28.0,5651.91,5000.0,4994.0,262.0,2.0,Estrutura financeira intermediária
250001622043,7047,GISELDA MÁXIMO DE LIMA,COLETIVO NOSSA VEZ GISELDA,AVANTE,FEMININO,SUPERIOR COMPLETO,OUTROS,APTO,NÃO ELEITO,58.0,73501.76,26506.75,10001.14,776.0,0.0,Maior estrutura financeira
250001622060,7026,CRISTINA ROHRBACHER,CRIS ROHRBACHER,AVANTE,FEMININO,ENSINO MÉDIO COMPLETO,GERENTE,APTO,NÃO ELEITO,51.0,0.0,21046.75,5000.0,88.0,2.0,Estrutura financeira intermediária
250001622106,7038,MAURICIO JOSÉ LEMOS FREIRE,DELEGADO MAURICIO FREIRE,AVANTE,MASCULINO,SUPERIOR COMPLETO,POLICIAL CIVIL,APTO,NÃO ELEITO,66.0,3499184.6100000003,138030.03,137982.13,2575.0,0.0,Maior estrutura financeira
250001622078,7027,GILBERTO MACHADO DE OLIVEIRA MARQUES,CABO GIL MARQUES,AVANTE,MASCULINO,ENSINO MÉDIO COMPLETO,POLICIAL MILITAR,APTO,NÃO ELEITO,40.0,0.0,31416.75,13748.0,564.0,2.0,Estrutura financeira intermediária
250001717190,3611,JURACY FRANCISCO DE JESUS,JURACY DE JESUS (JURA ),AGIR,MASCULINO,SUPERIOR INCOMPLETO,OUTROS,APTO,NÃO ELEITO,56.0,358127.83,54000.0,53608.15,834.0,0.0,Maior estrutura financeira
250001717142,3683,MARIA PAULA MILLEN BARCELLOS,DRA MA PAULA GINECOLOGISTA,AGIR,FEMININO,SUPERIOR COMPLETO,MÉDICO,APTO,NÃO ELEITO,57.0,55949.31,10000.0,9980.0,1101.0,0.0,Maior estrutura financeira
250001717164,3685,MARCOS DE BARROS GABRIEL,MARCOS GABRIEL,AGIR,MASCULINO,SUPERIOR INCOMPLETO,OUTROS,APTO,NÃO ELEITO,40.0,0.0,5000.0,5000.0,201.0,2.0,Estrutura financeira intermediária
250001717161,3674,DAGMAR PEREIRA DE SOUZA MOITINHO DE LIMA CRUZ,PASTORA DAGMAR,AGIR,FEMININO,ENSINO MÉDIO COMPLETO,OUTROS,APTO,NÃO ELEITO,46.0,0.0,10000.0,0.0,333.0,2.0,Estrutura financeira intermediária
250001717179,3639,GILBERTO SILVA LIMA,GILBERTO COBRADOR,AGIR,MASCULINO,ENSINO MÉDIO COMPLETO,COBRADOR DE TRANSPORTE COLETIVO,APTO,NÃO ELEITO,46.0,25000.0,5000.0,5000.0,339.0,0.0,Maior estrutura financeira
250001717183,3621,JONAS AUGUSTO MIGUEL MACHADO,JONAS MACHADO,AGIR,MASCULINO,ENSINO MÉDIO COMPLETO,JORNALISTA E REDATOR,APTO,NÃO ELEITO,34.0,0.0,5000.03,0.0,133.0,2.0,Estrutura financeira intermediária
250001717152,3668,ROBSON DE LIMA,ROBSON LIMA,AGIR,MASCULINO,ENSINO MÉDIO COMPLETO,MOTORISTA PARTICULAR,APTO,NÃO ELEITO,52.0,0.0,5200.0,5000.0,189.0,2.0,Estrutura financeira intermediária
250001717125,3669,EDER SOLDERA BORGHETTI,EDER SOLDERA,AGIR,MASCULINO,SUPERIOR COMPLETO,EMPRESÁRIO,APTO,NÃO ELEITO,39.0,30000.0,30000.0,30000.0,878.0,0.0,Maior estrutura financeira
250001717185,3634,JOSE CICERO DE OLIVEIRA,TENENTE OLIVEIRA,AGIR,MASCULINO,SUPERIOR INCOMPLETO,MILITAR REFORMADO,APTO,NÃO ELEITO,54.0,106000.0,5000.0,5000.0,225.0,0.0,Maior estrutura financeira
250001717123,3680,CARLOS ALBERTO CANTELLI,CARLINHOS CANTELLI,AGIR,MASCULINO,ENSINO MÉDIO INCOMPLETO,OUTROS,APTO,NÃO ELEITO,59.0,418000.0,50000.0,50000.0,723.0,0.0,Maior estrutura financeira
250001611227,1500,MARIO PALUMBO JUNIOR,DELEGADO PALUMBO,MDB,MASCULINO,SUPERIOR COMPLETO,VEREADOR,APTO,ELEITO POR QP,48.0,2442078.52,585331.0,505971.33,254898.0,0.0,Maior estrutura financeira
250001611236,1570,LUCIANO ANDRE RODRIGUES,LUCIANO 30 HORAS,MDB,MASCULINO,SUPERIOR INCOMPLETO,TÉCNICO DE ENFERMAGEM E ASSEMELHADOS (EXCETO ENFERMEIRO),APTO,SUPLENTE,52.0,0.0,20525.0,1000.0,4272.0,2.0,Estrutura financeira intermediária
250001611241,1522,MARIA GABRIELA PRADO MANSSUR,JUSTICEIRA GABRIELA MANSSUR,MDB,FEMININO,SUPERIOR COMPLETO,OUTROS,APTO,SUPLENTE,48.0,3343926.09,2514890.0,2583949.61,24291.0,0.0,Maior estrutura financeira
250001611272,1548,SUELY APARECIDA ANTONIO,PROFESSORA SULA,MDB,FEMININO,SUPERIOR COMPLETO,PROFESSOR DE ENSINO FUNDAMENTAL,APTO,SUPLENTE,68.0,10435.52,20000.0,19987.0,697.0,0.0,Maior estrutura financeira
250001611257,1595,EDVAM RAMOS DE SOUZA,CINTIA RAMOS,MDB,FEMININO,ENSINO MÉDIO INCOMPLETO,AGENTE ADMINISTRATIVO,APTO,SUPLENTE,37.0,0.0,55000.0,55000.0,616.0,2.0,Estrutura financeira intermediária
250001643894,2015,FERNANDO FAVORETO,FERNANDO FAVORETTO,PSC,MASCULINO,SUPERIOR COMPLETO,EMPRESÁRIO,APTO,SUPLENTE,49.0,178913.7,66660.0,60235.4,4595.0,0.0,Maior estrutura financeira
250001643886,2045,GRACIANO ARILSON DOS SANTOS,ARILSON,PSC,MASCULINO,SUPERIOR COMPLETO,EMPRESÁRIO,APTO,SUPLENTE,49.0,135658.14,55900.0,55690.0,3540.0,0.0,Maior estrutura financeira
250001643915,2012,HERICA VELOSO RIBEIRO MONT ALVÃO,DRA. HERICA,PSC,FEMININO,ENSINO FUNDAMENTAL COMPLETO,MÉDICO,APTO,SUPLENTE,49.0,12296.130000000001,714235.0,683124.09,8924.0,0.0,Maior estrutura financeira
250001643873,2023,CARLOS ALBERTO VEIGA DE QUADROS,CHARLES VEIYGA,PSC,MASCULINO,ENSINO FUNDAMENTAL COMPLETO,"CABELEIREIRO, BARBEIRO, MANICURE, MAQUILADOR, ESTETICISTA E MASSAGISTA",APTO,SUPLENTE,50.0,1100000.0,41490.0,41490.0,1114.0,0.0,Maior estrutura financeira
250001643908,2008,MADALENA DE LAURA PEREIRA,MADALENA DE LAURA,PSC,FEMININO,SUPERIOR COMPLETO,VIGILANTE,APTO,SUPLENTE,47.0,0.0,35000.0,34926.4,362.0,2.0,Estrutura financeira intermediária
250001643895,2030,JOSÉ OSVALDO CAVALCANTE BELONI,KIKO BELONI,PSC,MASCULINO,SUPERIOR COMPLETO,EMPRESÁRIO,APTO,SUPLENTE,41.0,0.0,25008.56,25003.9,2416.0,2.0,Estrutura financeira intermediária
250001643893,2035,JUCILENE ALVES DA SILVA,JÔ,PSC,FEMININO,ENSINO FUNDAMENTAL COMPLETO,COMERCIANTE,APTO,SUPLENTE,52.0,0.0,10000.0,9846.56,107.0,2.0,Estrutura financeira intermediária
250001643922,2074,VANDERCI EDUARDO PEREIRA,VANDERCI PEREIRA,PSC,MASCULINO,SUPERIOR COMPLETO,SERVIDOR PÚBLICO CIVIL APOSENTADO,APTO,SUPLENTE,60.0,27951.51,80000.0,34992.29,301.0,0.0,Maior estrutura financeira
250001643877,2046,CLAUDIA NERYS DE OLIVEIRA,PRA. CLÁUDIA NERYS,PSC,FEMININO,SUPERIOR INCOMPLETO,VENDEDOR DE COMÉRCIO VAREJISTA E ATACADISTA,APTO,SUPLENTE,44.0,0.0,16000.0,15954.0,191.0,2.0,Estrutura financeira intermediária
250001612115,4525,EDISON IWAO KURAMOTO,DR KURAMOTO,PSDB,MASCULINO,SUPERIOR COMPLETO,MÉDICO,APTO,SUPLENTE,63.0,622314.1699999999,34026.25,22336.45,3634.0,0.0,Maior estrutura financeira
250001612133,4569,JOAO NAVES NETO,DR. JOÃO NAVES,PSDB,MASCULINO,SUPERIOR COMPLETO,MÉDICO,APTO,SUPLENTE,65.0,870000.0,154500.0,133665.17,1856.0,0.0,Maior estrutura financeira
250001612130,2351,POLLYANA FATIMA GAMA SANTOS,POLLYANA GAMA,CIDADANIA,FEMININO,SUPERIOR COMPLETO,ADMINISTRADOR,APTO,SUPLENTE,47.0,602852.0,2691500.0,2626314.07,12998.0,0.0,Maior estrutura financeira
250001612128,4508,ELTON FRANCISCO DE BRITO,ELTON,PSDB,MASCULINO,ENSINO MÉDIO COMPLETO,OUTROS,APTO,SUPLENTE,36.0,30000.0,66590.9,54889.3,875.0,0.0,Maior estrutura financeira
250001612123,2300,MARCO ANTONIO VILLA,PROF. MARCO ANTONIO VILLA,CIDADANIA,MASCULINO,SUPERIOR COMPLETO,PROFESSOR DE ENSINO SUPERIOR,APTO,SUPLENTE,67.0,1311757.4,2001975.0,1797832.73,95745.0,0.0,Maior estrutura financeira
250001612129,2323,ALEX SPINELLI MANENTE,ALEX MANENTE,CIDADANIA,MASCULINO,SUPERIOR COMPLETO,DEPUTADO,APTO,ELEITO POR QP,43.0,1227268.0,3107760.02,3007097.87,196866.0,0.0,Maior estrutura financeira
250001612124,2310,DMITRI PATRICIO DE LIMA,LIMA,CIDADANIA,MASCULINO,SUPERIOR INCOMPLETO,"CORRETOR DE IMÓVEIS, SEGUROS, TÍTULOS E VALORES",APTO,SUPLENTE,32.0,10390.0,0.0,0.0,402.0,1.0,Baixa movimentação financeira
250001612119,4570,DANIELE LUCI CARDOSO BARBOSA FRANCO,DANI LUCI,PSDB,FEMININO,SUPERIOR COMPLETO,OUTROS,APTO,SUPLENTE,46.0,21760.0,366590.9,105000.0,944.0,0.0,Maior estrutura financeira
250001620706,5151,ERICA CRISTINA ROCHA GORGA,ÉRICA GORGA,PATRIOTA,FEMININO,SUPERIOR COMPLETO,ADVOGADO,APTO,NÃO ELEITO,45.0,3715719.69,759680.0,757565.4,12538.0,0.0,Maior estrutura financeira
250001620752,5183,ULISSES HENRIQUE MATIAS COSTA,ULISSES COSTA,PATRIOTA,MASCULINO,SUPERIOR INCOMPLETO,VIGILANTE,APTO,NÃO ELEITO,33.0,6103.64,18291.7,0.0,3690.0,0.0,Maior estrutura financeira
250001620759,5119,MICHEL ARAUJO SILVA FIGUEREDO,MICHEL FIGUEREDO,PATRIOTA,MASCULINO,SUPERIOR COMPLETO,VEREADOR,APTO,NÃO ELEITO,47.0,16692.82,134681.4,99837.92,6264.0,0.0,Maior estrutura financeira
250001620765,5170,BENEDITO PEREIRA COSTA JÚNIOR,CORONEL COSTA,PATRIOTA,MASCULINO,SUPERIOR COMPLETO,POLICIAL MILITAR,APTO,NÃO ELEITO,59.0,949000.0,55648.9,40000.0,1226.0,0.0,Maior estrutura financeira
250001620714,5173,MARIA ROSA GUSMÃO RODRIGUES,ROSA GUSMÃO,PATRIOTA,FEMININO,ENSINO MÉDIO COMPLETO,OUTROS,APTO,NÃO ELEITO,39.0,68709.0,34689.79,10000.0,255.0,0.0,Maior estrutura financeira
250001620751,5117,RONALDO PEREIRA COSTA,RONALDO MOSCOU,PATRIOTA,MASCULINO,SUPERIOR INCOMPLETO,JORNALISTA E REDATOR,APTO,NÃO ELEITO,55.0,0.0,8883.9,0.0,120.0,2.0,Estrutura financeira intermediária
250001700018,2959,IZADORA CRISTINA DIAS DA SILVA,IZADORA DIAS,PCO,FEMININO,SUPERIOR INCOMPLETO,"ESTUDANTE, BOLSISTA, ESTAGIÁRIO E ASSEMELHADOS",APTO,NÃO ELEITO,27.0,0.0,11974.36,0.0,237.0,2.0,Estrutura financeira intermediária
250001700012,2979,RIVALDO DOS SANTOS SILVA,RIVA,PCO,MASCULINO,SUPERIOR COMPLETO,PROFESSOR DE ENSINO MÉDIO,APTO,NÃO ELEITO,52.0,0.0,11974.36,0.0,76.0,2.0,Estrutura financeira intermediária
250001611407,1602,GABRIELA GUERRERO ARIONE,PROFESSORA GRABRIELA,PSTU,FEMININO,SUPERIOR COMPLETO,PROFESSOR DE ENSINO FUNDAMENTAL,APTO,NÃO ELEITO,34.0,231080.15,5801.7,5050.0,218.0,0.0,Maior estrutura financeira
250001611412,1606,WALDEMIR APARECIDO SOARES JUNIOR,WALDEMIR SOARES JUNIOR,PSTU,MASCULINO,SUPERIOR COMPLETO,ADVOGADO,APTO,NÃO ELEITO,45.0,495000.0,10524.64,6213.0,744.0,0.0,Maior estrutura financeira
250001610708,1345,GILBERTO ANTONIO LUIZ,DR GILBERTO,PT,MASCULINO,SUPERIOR COMPLETO,ADVOGADO,APTO,SUPLENTE,60.0,720790.11,31711.48,27805.2,11366.0,0.0,Maior estrutura financeira
250001610663,1358,ALENCAR SANTANA BRAGA,ALENCAR SANTANA,PT,MASCULINO,SUPERIOR COMPLETO,ADVOGADO,APTO,ELEITO POR QP,46.0,619188.6799999999,1859272.53,1880852.62,139223.0,0.0,Maior estrutura financeira
250001610648,1365,PAULO APARECIDO SILVA CAYRES,PAULÃO CAYRES,PT,MASCULINO,SUPERIOR COMPLETO,TRABALHADOR METALÚRGICO E SIDERÚRGICO,APTO,SUPLENTE,57.0,250000.0,690213.39,693639.0,15610.0,0.0,Maior estrutura financeira
250001610678,1355,LUIZ MARINHO,LUIZ MARINHO,PT,MASCULINO,SUPERIOR COMPLETO,TRABALHADOR METALÚRGICO E SIDERÚRGICO,APTO,ELEITO POR QP,63.0,285718.73,1872305.48,1861915.83,156202.0,0.0,Maior estrutura financeira
250001610706,1377,FRANCISCO JOSÉ NOGUEIRA DA SILVA,CHICO DO SETTAPORT,PT,MASCULINO,SUPERIOR COMPLETO,VEREADOR,APTO,SUPLENTE,50.0,30750.0,520475.97000000003,510063.16,13147.0,0.0,Maior estrutura financeira
250001610675,4344,ADALBERTO FELICIO MALUF FILHO,ADALBERTO MALUF,PV,MASCULINO,SUPERIOR COMPLETO,DIRETOR DE EMPRESAS,APTO,SUPLENTE,40.0,1125676.71,319900.0,308195.8,3162.0,0.0,Maior estrutura financeira
250001610686,1385,KÁTIA SILVA DE OLIVEIRA,PROFESSORA KÁTIA OLIVEIRA,PT,FEMININO,SUPERIOR COMPLETO,PEDAGOGO,APTO,SUPLENTE,53.0,148000.0,97838.15,89840.0,3691.0,0.0,Maior estrutura financeira
250001610662,4388,RALF SANTOS NAURE,RALF NAURE,PV,MASCULINO,ENSINO MÉDIO COMPLETO,COMERCIÁRIO,APTO,SUPLENTE,58.0,10948.36,411900.0,399987.19,494.0,0.0,Maior estrutura financeira
250001606084,7785,JOSE DOMINGOS RIZZO,PROF. RIZZO,SOLIDARIEDADE,MASCULINO,SUPERIOR COMPLETO,APOSENTADO (EXCETO SERVIDOR PÚBLICO),APTO,SUPLENTE,70.0,400000.0,41868.4,24125.06,470.0,0.0,Maior estrutura financeira
250001606070,7714,ASTROGILDO CANDIDO DE SOUSA JUNIOR,DEFENSOR JUNIOR SOUSA,SOLIDARIEDADE,MASCULINO,ENSINO MÉDIO COMPLETO,EMPRESÁRIO,APTO,SUPLENTE,36.0,948500.0,71758.4,34307.44,280.0,0.0,Maior estrutura financeira
250001606093,7703,UBIRATAN ALAN DE CARVALHO,ALAN MARRA,SOLIDARIEDADE,MASCULINO,SUPERIOR INCOMPLETO,EMPRESÁRIO,APTO,SUPLENTE,40.0,0.0,90288.4,78000.0,210.0,2.0,Estrutura financeira intermediária
250001606109,7710,RENATO ARAUJO DA CRUZ,POLICIAL PENAL RENATO CRUZ,SOLIDARIEDADE,MASCULINO,SUPERIOR COMPLETO,SERVIDOR PÚBLICO ESTADUAL,APTO,SUPLENTE,50.0,560000.0,125718.4,113958.97,1591.0,0.0,Maior estrutura financeira
250001606066,7779,ROBSON JOSE DOS SANTOS,ROBSON SANTOS,SOLIDARIEDADE,MASCULINO,SUPERIOR COMPLETO,PROFESSOR DE ENSINO SUPERIOR,APTO,SUPLENTE,42.0,1365930.0,214045.88,205273.48,2899.0,0.0,Maior estrutura financeira
250001606076,7796,TATIANA LIMA SCHIMIGUEL,TATIANA LIMA,SOLIDARIEDADE,FEMININO,ENSINO FUNDAMENTAL COMPLETO,"FEIRANTE, AMBULANTE E MASCATE",APTO,SUPLENTE,26.0,18000.0,53787.23,37948.05,121.0,0.0,Maior estrutura financeira
250001606100,7797,CLAUDIO FREITAS,CLAUDIO FREITAS,SOLIDARIEDADE,MASCULINO,ENSINO MÉDIO COMPLETO,OUTROS,APTO,SUPLENTE,50.0,0.0,200758.4,188000.0,6527.0,2.0,Estrutura financeira intermediária
250001606082,7775,LUCIANO DA CONCEIÇÃO,LUCIANO ROX,SOLIDARIEDADE,MASCULINO,ENSINO FUNDAMENTAL COMPLETO,COMERCIANTE,APTO,SUPLENTE,50.0,0.0,60868.4,33790.42,304.0,2.0,Estrutura financeira intermediária
250001643750,1221,LINCOLN PEREIRA FERNANDES,LINCOLN FERNANDES,PDT,MASCULINO,ENSINO MÉDIO COMPLETO,VEREADOR,APTO,NÃO ELEITO,43.0,106993.8,308000.0,301000.0,7701.0,0.0,Maior estrutura financeira
250001643735,1238,SOLANGE ELIZABETH DOS SANTOS DORTA,SOLANGE PSICOLOGA,PDT,FEMININO,SUPERIOR COMPLETO,PSICÓLOGO,APTO,NÃO ELEITO,61.0,0.0,5000.0,4900.0,653.0,2.0,Estrutura financeira intermediária
250001643721,1236,LINDINALVA DO CARMO LIMA,NALVA LIMA,PDT,FEMININO,ENSINO FUNDAMENTAL INCOMPLETO,DONA DE CASA,APTO,NÃO ELEITO,58.0,0.0,50000.0,50000.0,2327.0,2.0,Estrutura financeira intermediária
250001643744,1215,GERALDO JERÔNIMO GONÇALVES,GERALDO J GONÇALVES,PDT,MASCULINO,ENSINO MÉDIO COMPLETO,COMERCIANTE,APTO,NÃO ELEITO,58.0,439725.0,20065.83,20065.829999999998,462.0,0.0,Maior estrutura financeira
250001604818,1420,MUNIR WAHHAB,MUNIR WAHHAB,PTB,MASCULINO,SUPERIOR COMPLETO,PSICÓLOGO,APTO,NÃO ELEITO,56.0,0.0,21170.0,21084.57,756.0,2.0,Estrutura financeira intermediária
250001604851,1478,JUNIA CRISTINA LEME MACEDO,DELEGADA JUNIA,PTB,FEMININO,SUPERIOR COMPLETO,POLICIAL CIVIL,APTO,NÃO ELEITO,51.0,284662.36,80000.0,80000.0,1311.0,0.0,Maior estrutura financeira
250001604855,1483,ROBERTA CRISTINA RONCADA GASPAR,ROBERTA GASPAR,PTB,FEMININO,SUPERIOR COMPLETO,PEDAGOGO,APTO,NÃO ELEITO,50.0,110710.0,15249.04,15224.220000000001,161.0,0.0,Maior estrutura financeira
250001604837,1408,DANIEL MIGUEL,DANIEL ATIVISTA,PTB,MASCULINO,ENSINO MÉDIO COMPLETO,EMPRESÁRIO,APTO,NÃO ELEITO,45.0,70129.0,165000.0,165000.0,1520.0,0.0,Maior estrutura financeira
250001604822,1431,ROSINETE DA SILVA MOREIRA,ADVOGADA ROSE MOREIRA,PTB,FEMININO,SUPERIOR COMPLETO,ADVOGADO,APTO,NÃO ELEITO,53.0,0.0,15000.0,0.0,220.0,2.0,Estrutura financeira intermediária
250001731887,1488,ORLANDO GALATI,ORLANDO GALATI,PTB,MASCULINO,SUPERIOR COMPLETO,OUTROS,APTO,NÃO ELEITO,66.0,0.0,1180.0,18130.0,923.0,2.0,Estrutura financeira intermediária
250001604836,1407,SELMA RODRIGUES DANTAS MUNHOZ,SELMA DANTAS,PTB,FEMININO,SUPERIOR COMPLETO,PROFESSOR DE ENSINO FUNDAMENTAL,APTO,NÃO ELEITO,53.0,0.0,20000.0,19708.239999999998,826.0,2.0,Estrutura financeira intermediária
250001604857,1499,MICHAEL DELLA TORRE NETO,DELLA TORRE,PTB,MASCULINO,SUPERIOR COMPLETO,ADVOGADO,APTO,NÃO ELEITO,37.0,402299.68,43790.0,51790.0,975.0,0.0,Maior estrutura financeira
250001604865,1464,HUGO GOMES PAIVA,HUGO PAIVA,PTB,MASCULINO,ENSINO MÉDIO COMPLETO,EMPRESÁRIO,APTO,NÃO ELEITO,28.0,0.0,30000.0,0.0,186.0,2.0,Estrutura financeira intermediária
250001604846,1472,MIGUEL ANDERSON HEREDIA DE SÁ,HEREDIA,PTB,MASCULINO,SUPERIOR COMPLETO,ECONOMISTA,APTO,NÃO ELEITO,77.0,0.0,15619.36,15619.36,614.0,2.0,Estrutura financeira intermediária
250001611979,1127,GERALDA MARIA DE LIMA,GERALDA LIMA,PP,FEMININO,ENSINO MÉDIO COMPLETO,OUTROS,APTO,SUPLENTE,58.0,0.0,30000.0,4000.0,1025.0,2.0,Estrutura financeira intermediária
250001611974,1122,CARLOS ALBERTO DA CUNHA,DELEGADO DA CUNHA,PP,MASCULINO,SUPERIOR COMPLETO,POLICIAL CIVIL,APTO,ELEITO POR QP,44.0,266972.86,2328348.0,2311255.64,181568.0,0.0,Maior estrutura financeira
250001612001,1130,TIAGO RAMOS DE CAMPOS,TIAGO CAMPOS,PP,MASCULINO,SUPERIOR COMPLETO,SERVIDOR PÚBLICO MUNICIPAL,APTO,SUPLENTE,38.0,0.0,13000.0,13000.0,1318.0,2.0,Estrutura financeira intermediária
250001611981,1137,HOSANA DA SILVA PEREIRA,HOSANA SILVA,PP,FEMININO,SUPERIOR INCOMPLETO,OUTROS,APTO,SUPLENTE,33.0,572000.0,36000.0,35999.65,512.0,0.0,Maior estrutura financeira
250001611978,1167,ELAINE CRISTINA DA SILVA,ELAINE SILVA,PP,FEMININO,SUPERIOR INCOMPLETO,AUXILIAR DE ESCRITÓRIO E ASSEMELHADOS,APTO,SUPLENTE,48.0,0.0,30000.0,29999.899999999998,189.0,2.0,Estrutura financeira intermediária
250001612009,1168,JACQUES CHOURIK,KIKO CHOURIK,PP,MASCULINO,SUPERIOR COMPLETO,ENGENHEIRO,APTO,SUPLENTE,51.0,411394.45,26648.0,23648.0,392.0,0.0,Maior estrutura financeira
250001611984,1109,JOSE RODRIGUES COSTA,DR RODRIGUES,PP,MASCULINO,SUPERIOR COMPLETO,ADVOGADO,APTO,SUPLENTE,50.0,825000.0,61090.0,59068.8,1238.0,0.0,Maior estrutura financeira
250001611992,1155,OSWALDO MARQUES CERA FILHO,NENE CERA,PP,MASCULINO,SUPERIOR INCOMPLETO,REPRESENTANTE COMERCIAL,APTO,SUPLENTE,51.0,522300.0,14720.45,14720.45,4967.0,0.0,Maior estrutura financeira
250001597697,3018,JANIEIRE MARIA SILVA,JANIEIRE SILVA,NOVO,FEMININO,ENSINO MÉDIO COMPLETO,DONA DE CASA,APTO,SUPLENTE,50.0,0.0,1851.5300000000002,607.3,292.0,2.0,Estrutura financeira intermediária
250001597683,3012,ANTONIO CARLOS DA MOTTA,ANTONIO MOTTA,NOVO,MASCULINO,SUPERIOR COMPLETO,GERENTE,APTO,SUPLENTE,60.0,327894.09,25613.53,24371.82,1143.0,0.0,Maior estrutura financeira
250001597670,3004,ADILSON DE BRITO FARIAS,ADILSON FARIAS,NOVO,MASCULINO,SUPERIOR COMPLETO,ENGENHEIRO,APTO,SUPLENTE,54.0,450000.0,4125.63,2884.1,1429.0,0.0,Maior estrutura financeira
250001597707,3033,FÁBIO ISSA ZAN,FABIO ZAN,NOVO,MASCULINO,SUPERIOR COMPLETO,SERVIDOR PÚBLICO ESTADUAL,APTO,SUPLENTE,56.0,400000.0,61842.44,60600.91,2474.0,0.0,Maior estrutura financeira
250001604979,5599,MILTON ANTONIO CASQUEL MONTI,MILTON MONTI,PSD,MASCULINO,SUPERIOR COMPLETO,ECONOMISTA,APTO,SUPLENTE,61.0,1668306.48,1948479.56,1929857.29,35440.0,0.0,Maior estrutura financeira
250001604959,5540,DENILSON ROCHA ZIROLDO,DENILSON ZIROLDO,PSD,MASCULINO,SUPERIOR COMPLETO,OUTROS,APTO,SUPLENTE,64.0,452882.0,313856.41,300022.3,5355.0,0.0,Maior estrutura financeira
250001604943,5560,CLAUDIA CARRATO GRANDE,CLAUDIA GRANDE,PSD,FEMININO,SUPERIOR INCOMPLETO,EMPRESÁRIO,APTO,SUPLENTE,66.0,3781502.0,320271.41000000003,309733.08999999997,3666.0,0.0,Maior estrutura financeira
250001604940,5532,VINICIUS SAUDINO DE MORAES,VINICIUS SAUDINO,PSD,MASCULINO,SUPERIOR COMPLETO,VEREADOR,APTO,SUPLENTE,30.0,280000.0,105156.73,93767.0,10599.0,0.0,Maior estrutura financeira
250001604965,5515,SAULO PEDROSO DE SOUZA,SAULO PEDROSO,PSD,MASCULINO,SUPERIOR COMPLETO,EMPRESÁRIO,APTO,SUPLENTE,39.0,2436934.0,1251056.41,1219997.17,80186.0,0.0,Maior estrutura financeira
250001604970,5516,ELIANA FERNANDES CONCEIÇÃO,ELIANA FERNANDES,PSD,FEMININO,SUPERIOR COMPLETO,EMPRESÁRIO,APTO,SUPLENTE,42.0,50000.0,110256.41,100000.0,1180.0,0.0,Maior estrutura financeira
250001639646,1096,MARCELO APARECIDO DA SILVA,MARCELO DESPACHANTE,REPUBLICANOS,MASCULINO,ENSINO MÉDIO COMPLETO,DESPACHANTE,APTO,SUPLENTE,50.0,0.0,40000.0,14159.47,154.0,2.0,Estrutura financeira intermediária
250001611847,1047,LEONICE LEONCIA DOS SANTOS,LEONICE LEONCIA,REPUBLICANOS,FEMININO,ENSINO MÉDIO COMPLETO,DONA DE CASA,APTO,SUPLENTE,62.0,990000.0,54865.0,49790.0,407.0,0.0,Maior estrutura financeira
250001611875,1038,EDGARD MARCOS GASPAR,CORONEL EDGARD GASPAR,REPUBLICANOS,MASCULINO,SUPERIOR COMPLETO,MEMBRO DAS FORÇAS ARMADAS,APTO,SUPLENTE,48.0,637623.72,120395.5,105000.0,1767.0,0.0,Maior estrutura financeira
250001677872,9067,JOSE RIBEIRO DE MELO,PASTOR JOSÉ RIBEIRO,PROS,MASCULINO,SUPERIOR COMPLETO,OUTROS,APTO,NÃO ELEITO,63.0,374000.0,20000.0,19928.9,109.0,0.0,Maior estrutura financeira
250001677918,9028,MARCELO ROBERTO PAOLILLO MARTINS,PAOLILLO,PROS,MASCULINO,SUPERIOR COMPLETO,ECONOMISTA,APTO,NÃO ELEITO,58.0,40000.0,32280.0,30222.38,110.0,0.0,Maior estrutura financeira
250001739238,9025,ANDRÉA CRISTINA PRADELLA,ANDRÉA PRADELLA,PROS,FEMININO,SUPERIOR COMPLETO,ADVOGADO,APTO,NÃO ELEITO,49.0,0.0,0.0,0.0,26.0,1.0,Baixa movimentação financeira
250001677915,9031,RICARDO PEREIRA DO CARMO,RICARDO,PROS,MASCULINO,ENSINO FUNDAMENTAL COMPLETO,MECÂNICO DE MANUTENÇÃO,APTO,NÃO ELEITO,54.0,239000.0,111000.0,111000.0,127.0,0.0,Maior estrutura financeira
250001677911,9042,MARIANA CRISTINA PONTES PAPAIZ,MARIANA PAPAIZ,PROS,FEMININO,SUPERIOR COMPLETO,PUBLICITÁRIO,APTO,NÃO ELEITO,39.0,0.0,0.0,0.0,10.0,1.0,Baixa movimentação financeira
250001677890,9093,WALDIR FELICIANO GUEDES,GUEDES BOMBEIRO,PROS,MASCULINO,ENSINO FUNDAMENTAL COMPLETO,BOMBEIRO CIVIL,APTO,NÃO ELEITO,60.0,0.0,0.0,0.0,34.0,1.0,Baixa movimentação financeira
250001677886,9086,SILVANO XAVIER MOURATO,GRAN NEGO,PROS,MASCULINO,ENSINO MÉDIO COMPLETO,COMERCIANTE,APTO,NÃO ELEITO,44.0,0.0,0.0,0.0,182.0,1.0,Baixa movimentação financeira
250001677910,9090,EDJANE LIMA DE AZEVEDO,POLICIAL EDJANE,PROS,FEMININO,ENSINO MÉDIO COMPLETO,POLICIAL MILITAR,APTO,NÃO ELEITO,45.0,0.0,250000.0,250000.0,1116.0,2.0,Estrutura financeira intermediária
250001635936,3510,ELIAS TADEU NOGUEIRA DE OLIVEIRA,TADEU NOGUEIRA,PMB,MASCULINO,SUPERIOR COMPLETO,ADVOGADO,APTO,NÃO ELEITO,49.0,223466.0,11600.0,9133.8,3265.0,0.0,Maior estrutura financeira
250001635935,3555,EDSON FAGUNDES DE OLIVEIRA,SARGENTO FAGUNDES,PMB,MASCULINO,SUPERIOR COMPLETO,OUTROS,APTO,NÃO ELEITO,53.0,322000.0,120.0,120.0,596.0,1.0,Baixa movimentação financeira
250001620265,4071,JOSÉ FLORIANO DE ARAUJO JUNIOR,FLORIANO JUNIOR,PSB,MASCULINO,SUPERIOR COMPLETO,FERROVIÁRIO,INAPTO,NÃO ELEITO,56.0,135977.0,47796.36,39987.95,349.0,0.0,Maior estrutura financeira
250001715852,2823,KERIN DA ROCHA SILVA PEREIRA,KERIN SILVA,PRTB,FEMININO,ENSINO FUNDAMENTAL COMPLETO,EMPRESÁRIO,APTO,NÃO ELEITO,27.0,0.0,5864.47,3042.38,92.0,2.0,Estrutura financeira intermediária
250001715862,2833,VILMA MARQUES RIBEIRO,VILMA MARQUES,PRTB,FEMININO,ENSINO MÉDIO COMPLETO,EMPRESÁRIO,APTO,NÃO ELEITO,50.0,25000.0,5864.47,3042.38,307.0,0.0,Maior estrutura financeira
250001715902,2836,MARCIONILIO CAMARGO DOS SANTOS,MARCIONILIO CAMARGO,PRTB,MASCULINO,ENSINO MÉDIO COMPLETO,OUTROS,APTO,NÃO ELEITO,55.0,0.0,2822.09,0.0,224.0,2.0,Estrutura financeira intermediária
250001715869,2801,WASHINGTON LUIZ BEZERRA DA SILVA,SARGENTO WASHINGTON,PRTB,MASCULINO,SUPERIOR COMPLETO,POLICIAL MILITAR,APTO,NÃO ELEITO,37.0,1.0,2822.09,0.0,736.0,2.0,Estrutura financeira intermediária
250001695269,2722,ROBERTO ALVES DOS SANTOS,CORONEL ROBERTO ALVES,DC,MASCULINO,SUPERIOR COMPLETO,POLICIAL MILITAR,INAPTO,NÃO ELEITO,60.0,1310000.0,10261.75,0.0,979.0,0.0,Maior estrutura financeira
250001715864,2814,SANDERSON RIBEIRO CORREIA DE LIMA,PROF. SANDERSON RIBEIRO,PRTB,MASCULINO,SUPERIOR COMPLETO,PROFESSOR DE ENSINO MÉDIO,APTO,NÃO ELEITO,40.0,1.0,2822.09,0.0,141.0,2.0,Estrutura financeira intermediária
250001715879,2843,ANGELA ISABEL RODRIGUES,ANGELA RODRIGUES,PRTB,FEMININO,SUPERIOR COMPLETO,OUTROS,APTO,NÃO ELEITO,47.0,0.0,2822.09,0.0,42.0,2.0,Estrutura financeira intermediária
250001715888,2816,SILVIA HELENA BUENDIA,DRA. SILVIA DENTISTA,PRTB,FEMININO,SUPERIOR COMPLETO,ODONTÓLOGO,APTO,NÃO ELEITO,58.0,108672.75,6464.47,3642.38,273.0,0.0,Maior estrutura financeira
250001715877,2815,REGINALDO BELARMINO DA SILVA,BELARMINO,PRTB,MASCULINO,ENSINO FUNDAMENTAL COMPLETO,OUTROS,APTO,NÃO ELEITO,54.0,0.01,5864.47,3042.38,324.0,2.0,Estrutura financeira intermediária
250001715859,2877,RODRIGO TAVARES DA SILVA,RODRIGO TAVARES,PRTB,MASCULINO,SUPERIOR COMPLETO,SERVIDOR PÚBLICO MUNICIPAL,APTO,NÃO ELEITO,41.0,285500.0,2316.3,0.0,1168.0,0.0,Maior estrutura financeira
250001715839,2868,ROSEMEIRE SANTIAGO,ROSE DO CERVI - A PRÓ VIDA DE,PRTB,FEMININO,SUPERIOR COMPLETO,OUTROS,APTO,NÃO ELEITO,60.0,0.1,3272.09,450.0,683.0,2.0,Estrutura financeira intermediária
250001715886,2839,RENATA CARVALHO RIBEIRO GIMENEZ,RENATA RIBEIRO,PRTB,FEMININO,SUPERIOR COMPLETO,OUTROS,APTO,NÃO ELEITO,44.0,1.0,2822.09,0.0,18.0,2.0,Estrutura financeira intermediária
250001715904,2844,MARCOS ROBERTO DIAS DE OLIVEIRA,MARCOS OLIVEIRA,PRTB,MASCULINO,SUPERIOR COMPLETO,OUTROS,APTO,NÃO ELEITO,52.0,0.01,2822.09,0.0,265.0,2.0,Estrutura financeira intermediária
250001715850,2879,LUIZ EDUARDO DAMASCENO,SARGENTO DAMASCENO,PRTB,MASCULINO,SUPERIOR COMPLETO,APOSENTADO (EXCETO SERVIDOR PÚBLICO),APTO,NÃO ELEITO,63.0,1.0,2822.09,0.0,176.0,2.0,Estrutura financeira intermediária
250001715843,2820,FLAVIUS COTAIT RUGGIERO,FLAVIUS,PRTB,MASCULINO,SUPERIOR COMPLETO,ARQUITETO,APTO,NÃO ELEITO,58.0,18000000.0,27222.09,23000.0,229.0,0.0,Maior estrutura financeira
250001715871,2842,BEATRIZ CAROLINA REIS,BEATRIZ REIS,PRTB,FEMININO,SUPERIOR COMPLETO,EMPRESÁRIO,APTO,NÃO ELEITO,26.0,1.0,2822.09,0.0,87.0,2.0,Estrutura financeira intermediária
250001622050,7014,CARLOS ANDRÉ FURTADO,ANDRÉ BOKINHA,AVANTE,MASCULINO,ENSINO MÉDIO COMPLETO,EMPRESÁRIO,INAPTO,NÃO ELEITO,46.0,0.0,16445.0,0.0,2205.0,2.0,Estrutura financeira intermediária
250001715890,2873,ALEXANDRE MARTINS RICCI,ALEXANDRE BOSCHINI,PRTB,MASCULINO,ENSINO MÉDIO COMPLETO,OUTROS,INAPTO,NÃO ELEITO,42.0,0.01,2822.09,0.0,308.0,2.0,Estrutura financeira intermediária
250001717156,3623,SÔNIA MELHADO DE MORAIS,SONIA MELHADO,AGIR,FEMININO,ENSINO MÉDIO COMPLETO,OUTROS,INAPTO,NÃO ELEITO,49.0,0.0,10000.0,0.0,282.0,2.0,Estrutura financeira intermediária
250001620762,5144,ROGÉRIO COELHO GRAFT,ROGÉRIO GRAFT,PATRIOTA,MASCULINO,ENSINO MÉDIO COMPLETO,OUTROS,INAPTO,NÃO ELEITO,46.0,78000.0,75789.9,50011.0,3729.0,0.0,Maior estrutura financeira
250001604960,5551,EDSON MOURA,EDSON MOURA,PSD,MASCULINO,ENSINO MÉDIO COMPLETO,EMPRESÁRIO,INAPTO,NÃO ELEITO,72.0,15289241.0,193116.41,404572.89,9866.0,0.0,Maior estrutura financeira
250001610292,1994,FLAVIA BITENCOURT PIRES,FLAVIA BITENCOURT,PODE,FEMININO,SUPERIOR COMPLETO,FISIOTERAPEUTA E TERAPEUTA OCUPACIONAL,INAPTO,#NULO,27.0,0.0,0.0,0.0,,1.0,Baixa movimentação financeira
250001651387,4021,EDNA PENHA DA SILVA,EDNA PENHA,PSB,FEMININO,SUPERIOR COMPLETO,OUTROS,INAPTO,#NULO,47.0,0.0,0.0,0.0,,1.0,Baixa movimentação financeira
250001602065,4455,RUBENS ALBERTO GATTI NUNES,RUBINHO NUNES,UNIÃO,MASCULINO,SUPERIOR COMPLETO,VEREADOR,INAPTO,#NULO,34.0,456500.0,0.0,0.0,,1.0,Baixa movimentação financeira
250001695274,2733,AILTON ALCANTARA DOS SANTOS,AILTON ALCANTARA,DC,MASCULINO,ENSINO MÉDIO COMPLETO,MOTORISTA DE VEÍCULOS DE TRANSPORTE COLETIVO DE PASSAGEIROS,INAPTO,#NULO,56.0,0.0,10261.75,0.0,,2.0,Estrutura financeira intermediária
250001715870,2803,ABRAÃO GONÇALVES,PASTOR ABRAAO,PRTB,MASCULINO,SUPERIOR COMPLETO,EMPRESÁRIO,INAPTO,#NULO,60.0,1.0,2822.09,0.0,,2.0,Estrutura financeira intermediária
250001715853,2828,LEVY FRANCISCO RODRIGUES FIDELIX,LEVY FIDELIX FILHO,PRTB,MASCULINO,SUPERIOR COMPLETO,PUBLICITÁRIO,INAPTO,#NULO,45.0,950000.0,4034.09,0.0,,0.0,Maior estrutura financeira
250001717141,3684,DAYANE ANDRADE DA SILVA,DAYANE ANDRADE,AGIR,FEMININO,SUPERIOR COMPLETO,EMPRESÁRIO,INAPTO,#NULO,31.0,0.0,0.0,0.0,,1.0,Baixa movimentação financeira
250001677904,9083,MARIA JOSÉ CUNHA,MARIA JOSÉ CUNHA,PROS,FEMININO,ENSINO MÉDIO COMPLETO,TAXISTA,INAPTO,#NULO,63.0,0.0,0.0,0.0,,1.0,Baixa movimentação financeira
250001612106,4553,RAQUEL BARBOSA DOS SANTOS,TIA RAQUEL,PSDB,FEMININO,ENSINO MÉDIO INCOMPLETO,OUTROS,INAPTO,#NULO,54.0,0.0,0.0,0.0,,1.0,Baixa movimentação financeira
250001612118,4558,CARLA GUIDINI SANTAGUITA NEGRINI,CARLA GUIDINI,PSDB,FEMININO,SUPERIOR COMPLETO,EMPRESÁRIO,INAPTO,#NULO,44.0,412240.61,0.0,0.0,,1.0,Baixa movimentação financeira
250001610645,1399,THIAGO DOS REIS PEREIRA DOS SANTOS,THIAGO DOS REIS,PT,MASCULINO,SUPERIOR INCOMPLETO,EMPRESÁRIO,INAPTO,#NULO,34.0,1201244.29,0.0,0.0,,1.0,Baixa movimentação financeira
250001643741,1214,CARLOS TARCISIO PAULO,TARCISIO A VOZ DOS NORDESTINOS,PDT,MASCULINO,ENSINO FUNDAMENTAL INCOMPLETO,COMERCIANTE,INAPTO,#NULO,52.0,0.0,0.0,0.0,,1.0,Baixa movimentação financeira
250001604847,1494,MARIA DE JESUS LOPES MARTINS SILVA,MARIA MARTINS,PTB,FEMININO,SUPERIOR COMPLETO,ADVOGADO,INAPTO,#NULO,67.0,0.0,0.0,0.0,,1.0,Baixa movimentação financeira
250001612013,1125,JOSÉ BARBOSA DA SILVA,ZEZINHO CABELEIREIRO,PP,MASCULINO,ENSINO MÉDIO COMPLETO,CABELEIREIRO E BARBEIRO,INAPTO,#NULO,60.0,280000.0,980.0,980.0,,0.0,Maior estrutura financeira
250001611959,1118,FLÁVIO MIGUEL AMORIM,DR FLÁVIO AMORIM,PP,MASCULINO,SUPERIOR COMPLETO,MÉDICO,INAPTO,#NULO,73.0,153256.07,0.0,0.0,,1.0,Baixa movimentação financeira
250001611854,1054,PAULO CESAR DA SILVA FERREIRA,DR. PAULO CESAR O PC,REPUBLICANOS,MASCULINO,SUPERIOR COMPLETO,EMPRESÁRIO,INAPTO,#NULO,51.0,3129689.39,41545.0,0.0,,0.0,Maior estrutura financeira
250001611329,2274,JEFFERSON ALVES DE CAMPOS,JEFFERSON CAMPOS,PL,MASCULINO,SUPERIOR COMPLETO,DEPUTADO,APTO,ELEITO POR QP,57.0,1682088.4,724982.13,887970.97,155336.0,0.0,Maior estrutura financeira
250001611370,2298,SAMIRA SILOTI,DRA SAMIRA,PL,FEMININO,SUPERIOR COMPLETO,ADVOGADO,APTO,SUPLENTE,39.0,50000.0,87768.02,80000.0,946.0,0.0,Maior estrutura financeira
250001611336,2299,MARCIO LUIZ ALVINO DE SOUZA,MARCIO ALVINO,PL,MASCULINO,SUPERIOR COMPLETO,DEPUTADO,APTO,ELEITO POR QP,53.0,509518.88,966020.63,955244.05,187314.0,0.0,Maior estrutura financeira
250001611346,2289,LYSSA CAROLINE MONTEIRO MAXIMO CARTIER,DRA LYSSA CARTIER,PL,FEMININO,SUPERIOR COMPLETO,MÉDICO,APTO,SUPLENTE,32.0,0.0,176862.79,150721.31,2045.0,2.0,Estrutura financeira intermediária
250001611310,2279,ELIANA BERTA FERNANDES CORRAL,PROFESSORA BERTA,PL,FEMININO,SUPERIOR COMPLETO,PROFESSOR DE ENSINO SUPERIOR,APTO,SUPLENTE,54.0,1205000.0,59933.54,49949.9,764.0,0.0,Maior estrutura financeira
250001611334,2224,CLEONICE DE OLIVEIRA,DRA CLÉO DE OLIVEIRA,PL,FEMININO,SUPERIOR COMPLETO,OUTROS,APTO,SUPLENTE,55.0,76000.0,171360.0,170293.59,4962.0,0.0,Maior estrutura financeira
250001611335,2270,MARCO ANTONIO FELICIANO,PASTOR MARCO FELICIANO,PL,MASCULINO,SUPERIOR COMPLETO,DEPUTADO,APTO,ELEITO POR QP,49.0,4797415.75,2016070.63,2010181.19,220595.0,0.0,Maior estrutura financeira
250001611369,2229,ROSILAINE APARECIDA DOS SANTOS BRANDÃO,BOMBEIRA SARGENTO BRANDÃO,PL,FEMININO,ENSINO MÉDIO COMPLETO,POLICIAL MILITAR,APTO,SUPLENTE,51.0,350330.0,97311.24,83000.0,3474.0,0.0,Maior estrutura financeira
250001613801,1882,ISABEL CRISTINA GONÇALVES BERNARDES,ISABEL BERNARDES,REDE,FEMININO,SUPERIOR COMPLETO,PSICÓLOGO,APTO,SUPLENTE,40.0,306534.68,33205.0,33129.8,409.0,0.0,Maior estrutura financeira
250001613765,1877,RICARDO MAGNUS OSÓRIO GALVÃO,RICARDO GALVÃO,REDE,MASCULINO,SUPERIOR COMPLETO,PROFESSOR DE ENSINO SUPERIOR,APTO,SUPLENTE,74.0,1440607.09,1124319.0,1124319.0,40365.0,0.0,Maior estrutura financeira
250001613804,1881,MARKS RODRIGO PINTIJA,MARKS PINTIJA,REDE,MASCULINO,SUPERIOR COMPLETO,EMPRESÁRIO,APTO,SUPLENTE,46.0,1297478.17,15600.0,15600.0,459.0,0.0,Maior estrutura financeira
250001613817,5014,ESTHEFANIA ROBERTA DE OLIVEIRA,TETÊ,PSOL,FEMININO,ENSINO FUNDAMENTAL COMPLETO,COMERCIANTE,APTO,SUPLENTE,30.0,15000.0,200100.85,198910.02,1092.0,0.0,Maior estrutura financeira
250001613780,5040,MARIA ELI FERNANDES DOS SANTOS MANIÇOBA,MARIA ELI FERNANDES,PSOL,FEMININO,ENSINO MÉDIO COMPLETO,CABELEIREIRO E BARBEIRO,APTO,SUPLENTE,50.0,0.0,190347.79,190655.45,1244.0,2.0,Estrutura financeira intermediária
250001613796,1819,CLAUDIO GASPAR DOTTORI,CLAUDIO GASPAR,REDE,MASCULINO,SUPERIOR COMPLETO,ADMINISTRADOR,APTO,SUPLENTE,49.0,143000.0,22000.0,21980.0,495.0,0.0,Maior estrutura financeira
250001613811,5030,ALVARO EXPEDITO JERONYMO,ÁLVARO JERONYMO QAE QSE,PSOL,MASCULINO,SUPERIOR COMPLETO,OUTROS,APTO,SUPLENTE,54.0,0.0,167587.74000000002,146079.76,1704.0,2.0,Estrutura financeira intermediária
250001613783,5029,AGOSTINHO FERREIRA GOMES,AGOSTINHO GOMES,PSOL,MASCULINO,SUPERIOR COMPLETO,ADVOGADO,APTO,SUPLENTE,68.0,360000.0,174353.79,153207.0,797.0,0.0,Maior estrutura financeira
250001613805,5055,GUILHERME PRADO ALMEIDA DE SOUZA,GUILHERME PRADO,PSOL,MASCULINO,SUPERIOR COMPLETO,SOCIÓLOGO,APTO,SUPLENTE,32.0,48308.63,13745.15,13707.45,2614.0,0.0,Maior estrutura financeira
250001613778,5066,ROBSON SILVÉRIO DA SILVA,ROBSON SILVÉRIO,PSOL,MASCULINO,SUPERIOR COMPLETO,"ESTUDANTE, BOLSISTA, ESTAGIÁRIO E ASSEMELHADOS",APTO,SUPLENTE,50.0,0.0,21185.77,10116.0,374.0,2.0,Estrutura financeira intermediária
250001613770,1828,SÉRGIO DA SILVA GRILLO,SERGIO GRILLO,REDE,MASCULINO,SUPERIOR COMPLETO,DESPACHANTE,APTO,SUPLENTE,58.0,180000.0,19200.0,18540.0,464.0,0.0,Maior estrutura financeira
250001613791,5020,LUZIANE DIAS SIMÃO,LUCY DIAS,PSOL,FEMININO,SUPERIOR COMPLETO,ECONOMISTA,APTO,SUPLENTE,27.0,0.0,2295.0,2300.0,1018.0,2.0,Estrutura financeira intermediária
250001610319,1949,FLAVIA CAMARGO DA SILVA,FLAVIA CAMARGO,PODE,FEMININO,SUPERIOR COMPLETO,PROFESSOR DE ENSINO DE PRIMEIRO E SEGUNDO GRAUS,APTO,SUPLENTE,65.0,2741887.04,1119500.0,1098330.16,9198.0,0.0,Maior estrutura financeira
250001610293,1980,WANESSA SOUSA BOMFIM,WANESSA BOMFIM,PODE,FEMININO,SUPERIOR COMPLETO,ADVOGADO,APTO,SUPLENTE,42.0,254092.89,310650.0,299712.35,3120.0,0.0,Maior estrutura financeira
250001610325,1914,JÚLIO CÉSAR GARCIA,JULIO GARCIA DA PRATA FM,PODE,MASCULINO,ENSINO FUNDAMENTAL INCOMPLETO,LOCUTOR E COMENTARISTA DE RÁDIO E TELEVISÃO E RADIALISTA,APTO,SUPLENTE,42.0,18500.0,316540.0,268135.85,1158.0,0.0,Maior estrutura financeira
250001610265,1976,ILDA MARA REIS,ILDA REIS,PODE,FEMININO,ENSINO MÉDIO COMPLETO,FAXINEIRO,APTO,SUPLENTE,50.0,25000.0,57425.0,50000.0,235.0,0.0,Maior estrutura financeira
250001610285,1959,JOSÉ LEMES SOARES,JOSÉ LEMES SOARES,PODE,MASCULINO,SUPERIOR INCOMPLETO,EMPRESÁRIO,APTO,SUPLENTE,35.0,32671.09,386075.0,448919.08,1749.0,0.0,Maior estrutura financeira
250001725858,1954,CLEIDE FRANCISCO BIZERRA DA SILVA,CLEIDE DOS ANJOS DA LIMPEZA,PODE,FEMININO,ENSINO FUNDAMENTAL INCOMPLETO,AGRICULTOR,APTO,SUPLENTE,55.0,0.0,100023.2,99868.2,232.0,2.0,Estrutura financeira intermediária
250001610280,1984,WALTER JOSÉ DA SILVA,WALTER TATO,PODE,MASCULINO,SUPERIOR COMPLETO,ADMINISTRADOR,APTO,SUPLENTE,40.0,450000.0,249465.0,199982.65,749.0,0.0,Maior estrutura financeira
250001651396,4047,EVANDRO FONTINELE,EVANDRO FONTINELE,PSB,MASCULINO,ENSINO MÉDIO COMPLETO,COMERCIANTE,APTO,SUPLENTE,56.0,0.0,47796.36,39809.18,257.0,2.0,Estrutura financeira intermediária
250001620283,4025,WALTER JOSÉ DOS SANTOS,O WARTÃO,PSB,MASCULINO,ENSINO MÉDIO COMPLETO,TAPECEIRO,APTO,SUPLENTE,55.0,290500.0,65716.5,65716.5,2376.0,0.0,Maior estrutura financeira
250001620284,4022,WESLEY CASA FORTE MARIANO,WESLEY CASA FORTE,PSB,MASCULINO,SUPERIOR COMPLETO,OUTROS,APTO,SUPLENTE,42.0,402560.73,427346.36,419550.0,12560.0,0.0,Maior estrutura financeira
250001620287,4052,CIBELE FRAGOSO BOTELHO,CIBELE BOTELHO,PSB,FEMININO,SUPERIOR COMPLETO,COMERCIANTE,APTO,SUPLENTE,47.0,0.0,100761.31,74616.0,473.0,2.0,Estrutura financeira intermediária
250001651388,4061,VANESSSA FERREIRA MARCELO LAURINDO,VANESSA FERREIRA,PSB,FEMININO,ENSINO MÉDIO COMPLETO,FOTÓGRAFO E ASSEMELHADOS,APTO,SUPLENTE,35.0,0.0,82751.31,74612.19,578.0,2.0,Estrutura financeira intermediária
250001740216,4009,SERGIO ROBERTO RIBEIRO DOS SANTOS,SERGINHO,PSB,MASCULINO,SUPERIOR INCOMPLETO,SERVIDOR PÚBLICO ESTADUAL,APTO,SUPLENTE,55.0,0.0,40000.0,39937.15,408.0,2.0,Estrutura financeira intermediária
250001651390,4006,ALEXSANDRA RIBEIRO RODRIGUES DA SILVA,ALEXSANDRA RIBEIRO,PSB,FEMININO,SUPERIOR COMPLETO,AUXILIAR DE ESCRITÓRIO E ASSEMELHADOS,APTO,SUPLENTE,49.0,0.0,82761.31,74423.69,774.0,2.0,Estrutura financeira intermediária
250001610267,1985,PAULO ROBERTO AMARAL VIEIRA,PAULLO VIEIRA,PODE,MASCULINO,SUPERIOR COMPLETO,EMPRESÁRIO,APTO,SUPLENTE,52.0,61909.6,200000.0,199390.49,3539.0,0.0,Maior estrutura financeira
250001610315,1982,ALESSANDRO TADEU DAMIN,CHOCOLATE,PODE,MASCULINO,SUPERIOR COMPLETO,SERVIDOR PÚBLICO MUNICIPAL,APTO,SUPLENTE,40.0,0.0,110000.0,109963.9,1192.0,2.0,Estrutura financeira intermediária
250001610311,1992,RENATA ODETTE DE MELLO,RENATA MELLO POKAS,PODE,FEMININO,ENSINO MÉDIO INCOMPLETO,EMPRESÁRIO,APTO,SUPLENTE,50.0,0.0,50000.0,50000.0,288.0,2.0,Estrutura financeira intermediária
250001610272,1911,HENI OZI CUKIER,"PROFESSOR HOC, HENI OZI CUKIER",PODE,MASCULINO,SUPERIOR COMPLETO,DEPUTADO,APTO,SUPLENTE,45.0,9084452.31,1541100.0,1541029.88,98720.0,0.0,Maior estrutura financeira
250001602061,4490,MARCOS GUERRA,MARCOS GUERRA,UNIÃO,MASCULINO,SUPERIOR COMPLETO,EMPRESÁRIO,APTO,SUPLENTE,53.0,1144880.0,536999.53,497174.93,818.0,0.0,Maior estrutura financeira
250001602043,4412,ESTER LOPES DE SOUZA FLOR,GARI ESTER LOPES,UNIÃO,FEMININO,SUPERIOR INCOMPLETO,GARI OU LIXEIRO,APTO,SUPLENTE,34.0,5452.0,2647846.8,2361505.0,5099.0,0.0,Maior estrutura financeira
250001602042,4431,LUIS ANTONIO DE LIMA CLEMENTE,SARGENTO CLEMENTE,UNIÃO,MASCULINO,SUPERIOR COMPLETO,POLICIAL MILITAR,APTO,SUPLENTE,50.0,10475.28,191681.77,386662.85,1744.0,0.0,Maior estrutura financeira
250001602040,4414,JULIANA DE PAULA LOURO TENÓRIO,JULIANA,UNIÃO,FEMININO,SUPERIOR COMPLETO,ENFERMEIRO,APTO,SUPLENTE,45.0,524.33,533274.53,499026.67,2137.0,0.0,Maior estrutura financeira
250001602066,4477,ADRIANO ELI CORREA,ELI CORRÊA FILHO,UNIÃO,MASCULINO,SUPERIOR COMPLETO,DEPUTADO,APTO,SUPLENTE,46.0,3191958.43,2655938.23,2609961.17,59959.0,0.0,Maior estrutura financeira
250001602067,4499,DELBIO CAMARGO TERUEL,DELBIO TERUEL,UNIÃO,MASCULINO,SUPERIOR COMPLETO,VEREADOR,APTO,SUPLENTE,56.0,922082.78,568810.37,541735.84,11304.0,0.0,Maior estrutura financeira
250001602048,4433,KIM PATROCA KATAGUIRI,KIM KATAGUIRI,UNIÃO,MASCULINO,SUPERIOR INCOMPLETO,ESCRITOR E CRÍTICO,APTO,ELEITO POR QP,26.0,325896.01,1625249.99,1623079.14,295460.0,0.0,Maior estrutura financeira
250001602036,4425,ALEXANDRE LEITE DA SILVA,ALEXANDRE LEITE,UNIÃO,MASCULINO,SUPERIOR COMPLETO,DEPUTADO,APTO,ELEITO POR QP,33.0,937873.27,2807933.91,2311221.97,192806.0,0.0,Maior estrutura financeira
250001651723,4406,FRANCIELLE EYRE DE OLIVEIRA TRIANI,FRAN TRIANI,UNIÃO,FEMININO,SUPERIOR COMPLETO,OUTROS,APTO,SUPLENTE,35.0,2310.19,186863.53,178684.19,813.0,0.0,Maior estrutura financeira
250001602027,4441,CAIO AUGUSTO SILVA DOS SANTOS,CAIO SANTOS,UNIÃO,MASCULINO,SUPERIOR COMPLETO,ADVOGADO,APTO,SUPLENTE,47.0,1880737.1500000001,1367573.71,1295599.18,10386.0,0.0,Maior estrutura financeira
250001602054,4413,ALEX DOS REIS,ALEX REIS,UNIÃO,MASCULINO,ENSINO MÉDIO COMPLETO,OUTROS,APTO,SUPLENTE,45.0,8000.0,348474.53,299954.11,1759.0,0.0,Maior estrutura financeira
250001653330,4450,MARCELO HERCOLIN,MARCELO HERCOLIN,UNIÃO,MASCULINO,SUPERIOR COMPLETO,COMERCIANTE,APTO,SUPLENTE,43.0,1159756.74,2742227.09,2696449.04,58419.0,0.0,Maior estrutura financeira
250001602056,4411,DAVID BEZERRA RIBEIRO SOARES,DAVID SOARES,UNIÃO,MASCULINO,SUPERIOR COMPLETO,DEPUTADO,APTO,ELEITO POR QP,48.0,930146.42,2557004.01,2524139.12,93831.0,0.0,Maior estrutura financeira
250001602075,4434,DOUGLAS DE PAULO VIEGAS,DOUGLAS VIEGAS,UNIÃO,MASCULINO,SUPERIOR COMPLETO,OUTROS,APTO,SUPLENTE,43.0,536427.4299999999,1747983.33,1588639.54,76149.0,0.0,Maior estrutura financeira
250001695287,2745,MARCIA HELENA BARROS BENEDITO,MARCIA,DC,FEMININO,SUPERIOR COMPLETO,OUTROS,APTO,NÃO ELEITO,40.0,0.0,17797.24,5000.0,59.0,2.0,Estrutura financeira intermediária
250001613957,3311,HÉLIO TELES ALVES,HÉLIO TELES,PMN,MASCULINO,ENSINO MÉDIO COMPLETO,OUTROS,APTO,NÃO ELEITO,57.0,0.0,30000.0,30000.0,196.0,2.0,Estrutura financeira intermediária
250001613972,3365,MIGUEL GOMES FERNANDES,MIGUEL GOMES,PMN,MASCULINO,ENSINO FUNDAMENTAL COMPLETO,MECÂNICO DE MANUTENÇÃO,APTO,NÃO ELEITO,57.0,0.0,30000.0,30000.0,301.0,2.0,Estrutura financeira intermediária
250001613966,3367,JOSÉ MAURO SOUZA DA SILVA,MISSIONÁRIO JOSÉ MAURO,PMN,MASCULINO,ENSINO MÉDIO COMPLETO,ADMINISTRADOR,APTO,NÃO ELEITO,55.0,0.0,30000.0,30500.0,65.0,2.0,Estrutura financeira intermediária
250001613952,3323,FÁBIO DE ARAÚJO PATUSSO,FÁBIO PATUSSO,PMN,MASCULINO,SUPERIOR COMPLETO,TORNEIRO MECÂNICO,APTO,NÃO ELEITO,48.0,0.0,15000.0,0.0,59.0,2.0,Estrutura financeira intermediária
250001613944,3351,DARLEY JEAN ALBUQUERQUE BARBOSA,JEAN BARBOSA,PMN,MASCULINO,ENSINO MÉDIO COMPLETO,EMPRESÁRIO,APTO,NÃO ELEITO,41.0,0.0,15000.0,0.0,23.0,2.0,Estrutura financeira intermediária
250001613981,3318,SOLANGE DE SOUZA,SOL SOUZA,PMN,FEMININO,ENSINO MÉDIO INCOMPLETO,OUTROS,APTO,NÃO ELEITO,52.0,170000.0,20000.0,19966.0,104.0,0.0,Maior estrutura financeira
250001613978,3371,SANDRO FERREIRA DE SOUZA,SANDRO FERREIRA,PMN,MASCULINO,ENSINO MÉDIO COMPLETO,TAPECEIRO,APTO,NÃO ELEITO,30.0,0.0,20000.0,19966.35,40.0,2.0,Estrutura financeira intermediária
250001613976,3399,REINALDO ADRIANO DO CARMO,REINALDO UBER,PMN,MASCULINO,ENSINO MÉDIO COMPLETO,MOTORISTA DE VEÍCULOS DE TRANSPORTE COLETIVO DE PASSAGEIROS,APTO,NÃO ELEITO,39.0,0.0,25000.0,24966.0,117.0,2.0,Estrutura financeira intermediária
250001613946,3307,ÉLCIO GUSSON,GUSSON,PMN,MASCULINO,SUPERIOR COMPLETO,COMERCIANTE,APTO,NÃO ELEITO,63.0,216938.02000000002,20000.0,20000.0,259.0,0.0,Maior estrutura financeira
250001622079,7017,SILVIO NIVALDO,PROFESSOR SILVIO NIVALDO,AVANTE,MASCULINO,SUPERIOR COMPLETO,PROFESSOR DE ENSINO MÉDIO,APTO,NÃO ELEITO,59.0,18309.16,14436.75,5090.0,439.0,0.0,Maior estrutura financeira
250001622083,7002,UBIRATAN FIM MENDES,BIRA DA AUTOESCOLA,AVANTE,MASCULINO,SUPERIOR COMPLETO,EMPRESÁRIO,APTO,NÃO ELEITO,43.0,0.0,72786.75,45000.0,413.0,2.0,Estrutura financeira intermediária
250001622086,7005,JOSÉ EDMILSON FERREIRA DOS SANTOS,PR EDMILSON SANTOS,AVANTE,MASCULINO,ENSINO FUNDAMENTAL COMPLETO,MOTORISTA DE VEÍCULOS DE TRANSPORTE COLETIVO DE PASSAGEIROS,APTO,NÃO ELEITO,40.0,0.0,21361.75,10000.0,251.0,2.0,Estrutura financeira intermediária
250001622073,7058,ROGÉRIO BATTISTETTI MARTINS RODRIGUES,ROGÉRIO RODRIGUES,AVANTE,MASCULINO,SUPERIOR COMPLETO,ADVOGADO,APTO,NÃO ELEITO,55.0,240741.66,42938.75,20951.41,440.0,0.0,Maior estrutura financeira
250001622053,7055,WILLIAM DE SOUZA SILVA,ZIDANE,AVANTE,MASCULINO,SUPERIOR COMPLETO,SERVIDOR PÚBLICO ESTADUAL,APTO,NÃO ELEITO,41.0,580761.06,38951.75,21749.85,875.0,0.0,Maior estrutura financeira
250001622081,7075,ALESSANDRO AZEVEDO DOS SANTOS,ALESSANDRO AZEVEDO,AVANTE,MASCULINO,ENSINO MÉDIO COMPLETO,COMERCIANTE,APTO,NÃO ELEITO,42.0,156000.0,0.0,0.0,3085.0,1.0,Baixa movimentação financeira
250001622051,7051,CLAUDINEI ALEXANDRE PIRES,DINEI,AVANTE,MASCULINO,ENSINO FUNDAMENTAL COMPLETO,ATLETA PROFISSIONAL E TÉCNICO EM DESPORTOS,APTO,NÃO ELEITO,52.0,0.0,0.0,0.0,2532.0,1.0,Baixa movimentação financeira
250001622110,7019,LUANA TRINDADE DA SILVA,LUANA TRINDADE,AVANTE,FEMININO,ENSINO MÉDIO COMPLETO,EMPRESÁRIO,APTO,NÃO ELEITO,41.0,0.0,20216.75,10000.0,351.0,2.0,Estrutura financeira intermediária
250001622100,7023,FRANCISCO ALVES DA SILVA,CABO CHIQUINHO,AVANTE,MASCULINO,SUPERIOR COMPLETO,POLICIAL MILITAR,APTO,NÃO ELEITO,61.0,365000.0,17911.95,10435.75,743.0,0.0,Maior estrutura financeira
250001622098,7057,RUBENS DE ALMEIDA,RUBINHO DO IPIRANGA,AVANTE,MASCULINO,SUPERIOR INCOMPLETO,"CORRETOR DE IMÓVEIS, SEGUROS, TÍTULOS E VALORES",APTO,NÃO ELEITO,56.0,10000.0,627960.0,617629.4,14944.0,0.0,Maior estrutura financeira
250001622108,7066,CLEOMENES ANTUNES JUNIOR,CLEOMENES JUNIOR,AVANTE,MASCULINO,ENSINO MÉDIO COMPLETO,"CORRETOR DE IMÓVEIS, SEGUROS, TÍTULOS E VALORES",APTO,NÃO ELEITO,61.0,0.0,4000.0,4000.0,675.0,2.0,Estrutura financeira intermediária
250001717174,3601,SUELI DOS SANTOS SILVA BARBOSA,SUELI BARBOSA,AGIR,FEMININO,SUPERIOR INCOMPLETO,"VENDEDOR PRACISTA, REPRESENTANTE, CAIXEIRO-VIAJANTE E ASSEMELHADOS",APTO,NÃO ELEITO,40.0,0.0,5000.0,5000.0,198.0,2.0,Estrutura financeira intermediária
250001717167,3628,VIVIANE RODRIGUES DA SILVA AUGUSTO,VIVIANE DA SAUDE,AGIR,FEMININO,ENSINO MÉDIO COMPLETO,OUTROS,APTO,NÃO ELEITO,54.0,0.0,5000.0,5000.0,193.0,2.0,Estrutura financeira intermediária
250001717182,3681,JENNIFER ADRIELI CERQUEIRA LEITE LOPES,JENNIFER LOPES,AGIR,FEMININO,ENSINO MÉDIO COMPLETO,OUTROS,APTO,NÃO ELEITO,28.0,0.0,5000.0,5000.0,183.0,2.0,Estrutura financeira intermediária
250001717155,3642,SOLANGE APARECIDA FERREIRA DOS SANTOS,SOLANGE SANTOS,AGIR,FEMININO,ENSINO MÉDIO COMPLETO,OUTROS,APTO,NÃO ELEITO,55.0,0.0,5850.0,5000.0,152.0,2.0,Estrutura financeira intermediária
250001611230,1513,ANA PAULA TAVARES DE OLIVEIRA GOFFI,ANA GOFFI,MDB,FEMININO,SUPERIOR COMPLETO,EMPRESÁRIO,APTO,SUPLENTE,47.0,3000000.0,835050.0,835022.27,7646.0,0.0,Maior estrutura financeira
250001611247,1553,RUI CARLOS VINCENZI,DR RUI,MDB,MASCULINO,SUPERIOR COMPLETO,MÉDICO,APTO,SUPLENTE,58.0,455070.0,30000.0,30044.0,742.0,0.0,Maior estrutura financeira
250001611233,1511,TANDARA ALVES CAIXETA,TANDARA CAIXETA,MDB,FEMININO,ENSINO MÉDIO COMPLETO,ATLETA PROFISSIONAL E TÉCNICO EM DESPORTOS,APTO,SUPLENTE,33.0,982280.69,401099.01,401099.01,7412.0,0.0,Maior estrutura financeira
250001611268,1510,WALTER VICIONI GONÇALVES,PROF WALTER VICIONI,MDB,MASCULINO,SUPERIOR COMPLETO,DIRETOR DE EMPRESAS,APTO,SUPLENTE,75.0,10316497.01,543000.0,539225.68,6186.0,0.0,Maior estrutura financeira
250001611269,1516,DANIEL NEVES DE FARIA,DANIEL FARIA,MDB,MASCULINO,SUPERIOR COMPLETO,EMPRESÁRIO,APTO,SUPLENTE,42.0,204486.69,61910.0,60909.35,2381.0,0.0,Maior estrutura financeira
250001611271,1514,LIDIANI ROCHA FERREIRA,LIDIANE ROCHA,MDB,FEMININO,SUPERIOR COMPLETO,ENFERMEIRO,APTO,SUPLENTE,40.0,46401.0,30000.0,30000.0,386.0,0.0,Maior estrutura financeira
250001643898,2022,JOSÉ GUILHERME NEGRÃO PEIXOTO,GUIGA PEIXOTO,PSC,MASCULINO,SUPERIOR COMPLETO,DEPUTADO,APTO,SUPLENTE,60.0,1821753.85,256250.0,252232.02,54849.0,0.0,Maior estrutura financeira
250001643902,2084,MARIA ELISABETE DO NASCIMENTO TAHAN LOPES BARROS,ELISABETE TAHAN,PSC,FEMININO,SUPERIOR COMPLETO,OUTROS,APTO,SUPLENTE,37.0,315943.34,35000.0,35000.0,197.0,0.0,Maior estrutura financeira
250001643916,2049,JERRI ADRIANO FERREIRA DA SILVA,JERRI MAXIMO JD,PSC,MASCULINO,ENSINO MÉDIO COMPLETO,COMERCIÁRIO,APTO,SUPLENTE,40.0,7500.0,14195.24,10000.0,210.0,0.0,Maior estrutura financeira
250001643914,2001,ALEXANDRE DONIZETE TEODORO,ALEXIS JUNNIOR RADIALISTA,PSC,MASCULINO,ENSINO MÉDIO COMPLETO,JORNALISTA E REDATOR,APTO,SUPLENTE,52.0,300000.0,10000.0,11130.7,987.0,0.0,Maior estrutura financeira
250001643879,2002,ELIS REGINA VIEIRA RUANO,ELIS REGINA,PSC,FEMININO,SUPERIOR COMPLETO,GERENTE,APTO,SUPLENTE,56.0,308110.0,41720.0,35000.0,1413.0,0.0,Maior estrutura financeira
250001643909,2021,ORLANDO COSTA DIAS,DR ORLANDO COSTA DIAS,PSC,MASCULINO,SUPERIOR COMPLETO,MÉDICO,APTO,SUPLENTE,68.0,3607901.99,107800.0,101680.45,16065.0,0.0,Maior estrutura financeira
250001643901,2005,PRISCILLA ROBERTA GASPAR DE OLIVEIRA,PRISCILLA GASPAR,PSC,FEMININO,SUPERIOR COMPLETO,PEDAGOGO,APTO,SUPLENTE,44.0,1010000.0,160602.0,153056.29,4609.0,0.0,Maior estrutura financeira
250001643880,2037,JOSÉ LUIZ SILVEIRA FILHO,PROF JOSÉ LUIZ SILVEIRA,PSC,MASCULINO,SUPERIOR COMPLETO,PROFESSOR DE ENSINO MÉDIO,APTO,SUPLENTE,56.0,220492.0,20000.0,19952.600000000002,328.0,0.0,Maior estrutura financeira
250001612111,4537,ERIKA ROBERTA DOS SANTOS OLIVETTI JACOMINI,ERIKA SANTOS,PSDB,FEMININO,SUPERIOR COMPLETO,EMPRESÁRIO,APTO,SUPLENTE,34.0,727258.32,31590.9,19998.97,757.0,0.0,Maior estrutura financeira
250001612096,4568,CESAR RICARDO DOS SANTOS FERREIRA,CESAR DO CANOA,PSDB,MASCULINO,SUPERIOR INCOMPLETO,COMERCIANTE,APTO,SUPLENTE,56.0,729129.36,113590.9,99895.35,5553.0,0.0,Maior estrutura financeira
250001612099,4504,MARIA APARECIDA DE SOUZA COSTA SILVA,CIDA COSTA,PSDB,FEMININO,SUPERIOR COMPLETO,APOSENTADO (EXCETO SERVIDOR PÚBLICO),APTO,SUPLENTE,66.0,1.0,116590.9,45000.0,1607.0,2.0,Estrutura financeira intermediária
250001612109,4515,EDUARDO PEDROSA CURY,EDUARDO CURY,PSDB,MASCULINO,SUPERIOR COMPLETO,DEPUTADO,APTO,SUPLENTE,59.0,1521962.08,1968455.4000000001,1928955.4,92225.0,0.0,Maior estrutura financeira
250001612114,4538,JOÃO BATISTA DE OLIVEIRA,SARGENTO OLIVEIRINHA,PSDB,MASCULINO,ENSINO MÉDIO COMPLETO,POLICIAL MILITAR,APTO,SUPLENTE,55.0,188980.0,111590.9,100000.0,682.0,0.0,Maior estrutura financeira
250001612107,4518,ALEXANDRE DE ALCANTARA,DR ALEXANDRE,PSDB,MASCULINO,SUPERIOR COMPLETO,ODONTÓLOGO,APTO,SUPLENTE,51.0,141000.0,13590.900000000001,2000.0,955.0,0.0,Maior estrutura financeira
250001612104,4505,GUILHERME DE SOUZA GOMES,GUILHERME GOMES,PSDB,MASCULINO,SUPERIOR COMPLETO,EMPRESÁRIO,APTO,SUPLENTE,49.0,270000.0,81590.9,70000.0,1245.0,0.0,Maior estrutura financeira
250001612105,4567,ROSSIELI SOARES DA SILVA,ROSSIELI SOARES,PSDB,MASCULINO,SUPERIOR COMPLETO,ADVOGADO,APTO,SUPLENTE,43.0,748874.45,2123448.0,1993767.42,33516.0,0.0,Maior estrutura financeira
250001612108,4572,SILVIA SAMPAIO SALES SANTOS,SILVIA SANTOS,PSDB,FEMININO,SUPERIOR COMPLETO,ANALISTA DE SISTEMAS,APTO,SUPLENTE,50.0,436700.0,36590.9,24999.16,684.0,0.0,Maior estrutura financeira
250001612091,4551,VANDERLEI MACRIS,VANDERLEI MACRIS,PSDB,MASCULINO,SUPERIOR COMPLETO,DEPUTADO,APTO,SUPLENTE,72.0,2351218.57,3096833.36,3014496.27,87502.0,0.0,Maior estrutura financeira
250001612094,4527,ALEXANDRE GLUSKOSKI VENEGAS,VENEGAS DO COMEX,PSDB,MASCULINO,SUPERIOR COMPLETO,ADMINISTRADOR,APTO,SUPLENTE,48.0,1300000.0,11590.900000000001,0.0,266.0,0.0,Maior estrutura financeira
250001612102,2345,ARNALDO CALIL PEREIRA JARDIM,ARNALDO JARDIM,CIDADANIA,MASCULINO,SUPERIOR COMPLETO,DEPUTADO,APTO,ELEITO POR QP,67.0,4194566.4799999995,3789999.99,3453214.09,113462.0,0.0,Maior estrutura financeira
250001620768,5116,REINALDO GUIMARÃES MOTA,REINALDO MOTA,PATRIOTA,MASCULINO,SUPERIOR COMPLETO,ADMINISTRADOR,APTO,NÃO ELEITO,58.0,180821.95,100000.0,100000.0,619.0,0.0,Maior estrutura financeira
250001620746,5160,LOURIVALDO DELFINO,LOURIVALDO DELFINO,PATRIOTA,MASCULINO,ENSINO MÉDIO COMPLETO,OUTROS,APTO,NÃO ELEITO,62.0,0.0,78353.9,65000.0,558.0,2.0,Estrutura financeira intermediária
250001620769,5105,CARLOS ANTONIO FERREIRA DOS SANTOS,CARLÃO DA PROTEÇÃO,PATRIOTA,MASCULINO,ENSINO MÉDIO COMPLETO,OUTROS,APTO,NÃO ELEITO,56.0,3739752.0,102416.7,50000.0,698.0,0.0,Maior estrutura financeira
250001620747,5191,RAFAEL CARLOS LABIAPARI GOMES,RAFAEL LABIAPARI,PATRIOTA,MASCULINO,SUPERIOR COMPLETO,POLICIAL MILITAR,APTO,NÃO ELEITO,41.0,89990.0,33953.9,20000.0,536.0,0.0,Maior estrutura financeira
250001620712,5102,LEANDRO AUGUSTO DO AMARAL,LEANDRO GUERREIRO,PATRIOTA,MASCULINO,ENSINO MÉDIO COMPLETO,DESENHISTA,APTO,NÃO ELEITO,38.0,9200.0,90181.7,80000.0,3223.0,0.0,Maior estrutura financeira
250001620753,5199,CAMILA GARCIA,KAMILA GARCIA,PATRIOTA,FEMININO,SUPERIOR INCOMPLETO,EMPRESÁRIO,APTO,NÃO ELEITO,36.0,1780000.0,250289.79,210943.05,2041.0,0.0,Maior estrutura financeira
250001620730,5164,PAULA DANIELA DE JESUS,PROFESSORA PAULA,PATRIOTA,FEMININO,SUPERIOR COMPLETO,PROFESSOR DE ENSINO MÉDIO,APTO,NÃO ELEITO,40.0,0.0,40964.79,19916.0,127.0,2.0,Estrutura financeira intermediária
250001700016,2939,CLENILZA PANATO,CLENILZA PANATO,PCO,FEMININO,SUPERIOR COMPLETO,APOSENTADO (EXCETO SERVIDOR PÚBLICO),APTO,NÃO ELEITO,61.0,125975.09,11974.36,0.0,177.0,0.0,Maior estrutura financeira
250001611411,1610,THAIS RABELLO SILVA,THAÍS RABELLO,PSTU,FEMININO,SUPERIOR COMPLETO,BANCÁRIO E ECONOMIÁRIO,APTO,NÃO ELEITO,32.0,158763.0,5286.93,4200.0,245.0,0.0,Maior estrutura financeira
250001610651,1316,JORGE ANTONIO SORIANO MOURA,JORGE MOURA,PT,MASCULINO,SUPERIOR COMPLETO,ADVOGADO,APTO,SUPLENTE,42.0,537482.7,76290.98,67093.2,3744.0,0.0,Maior estrutura financeira
250001610713,1314,BERNARDO LERER,BERNARDO LERER,PT,MASCULINO,ENSINO MÉDIO COMPLETO,JORNALISTA E REDATOR,APTO,SUPLENTE,80.0,249788.11,0.0,0.0,2673.0,1.0,Baixa movimentação financeira
250001610687,1366,MARIANA CERGOLI JANEIRO,MARIANA JANEIRO CHAPADASPRETAS,PT,FEMININO,SUPERIOR COMPLETO,OUTROS,APTO,SUPLENTE,31.0,0.0,2148521.48,2141288.26,22464.0,2.0,Estrutura financeira intermediária
250001610711,1389,ALFREDO ALVES CAVALCANTE,DEPUTADO ALFREDINHO,PT,MASCULINO,ENSINO MÉDIO COMPLETO,VEREADOR,APTO,SUPLENTE,63.0,1193081.0,1807512.79,1792430.18,97063.0,0.0,Maior estrutura financeira
250001610679,1312,ORLANDO VITORIANO DE OLIVEIRA,ORLANDO VITORIANO,PT,MASCULINO,SUPERIOR COMPLETO,VEREADOR,APTO,SUPLENTE,50.0,680121.78,769108.38,758119.51,54243.0,0.0,Maior estrutura financeira
250001610644,1369,SYMMY LARRAT BRITO DE CARVALHO,SYMMY LARRAT,PT,FEMININO,SUPERIOR COMPLETO,OUTROS,APTO,SUPLENTE,44.0,40508.0,1132709.72,1123962.59,5400.0,0.0,Maior estrutura financeira
250001610652,1360,JOSÉ AMÉRICO ASCENCIO DIAS,JOSÉ AMÉRICO,PT,MASCULINO,SUPERIOR COMPLETO,DEPUTADO,APTO,SUPLENTE,68.0,490000.0,1370213.88,1362161.22,42813.0,0.0,Maior estrutura financeira
250001610668,1398,LUIZ PAULO TEIXEIRA FERREIRA,PAULO TEIXEIRA,PT,MASCULINO,SUPERIOR COMPLETO,DEPUTADO,APTO,ELEITO POR MÉDIA,61.0,970684.84,3281293.48,3263156.41,122800.0,0.0,Maior estrutura financeira
250001610666,1367,SANDRA APARECIDA MADEU IDA,SANDRA MADEU,PT,FEMININO,SUPERIOR COMPLETO,PSICÓLOGO,APTO,SUPLENTE,56.0,20000.0,94315.65,87971.76999999999,1271.0,0.0,Maior estrutura financeira
250001606069,7717,EDUARDO VINICIUS VENTURELLI DE ALMEIDA PRANDO,EDUARDO CODORNA,SOLIDARIEDADE,MASCULINO,SUPERIOR INCOMPLETO,VEREADOR,APTO,SUPLENTE,49.0,0.0,174258.4,164490.7,3209.0,2.0,Estrutura financeira intermediária
250001606061,7702,SIDNEY LUIZ DA CRUZ,SIDNEY CRUZ,SOLIDARIEDADE,MASCULINO,SUPERIOR COMPLETO,VEREADOR,APTO,SUPLENTE,49.0,875013.6,1275494.4,1249988.79,21034.0,0.0,Maior estrutura financeira
250001606101,7712,EDILAINE DANIEL CARVALHO,PROFESSORA LAINE DANIEL,SOLIDARIEDADE,FEMININO,SUPERIOR COMPLETO,PROFESSOR DE ENSINO SUPERIOR,APTO,SUPLENTE,47.0,295000.0,253342.53,238132.8,7775.0,0.0,Maior estrutura financeira
250001606105,7778,EDUARDO DE VASCONCELLOS CORREIA ANNUNCIATO,CHICAO DA BANCADA TRABALHISTA,SOLIDARIEDADE,MASCULINO,SUPERIOR INCOMPLETO,ELETRICISTA E ASSEMELHADOS,APTO,SUPLENTE,49.0,522389.58,863249.6,863249.6,8822.0,0.0,Maior estrutura financeira
250001643745,1251,GILSON DE SOUZA CARVALHO,GILSON DO SINDICATO,PDT,MASCULINO,SUPERIOR COMPLETO,SERVIDOR PÚBLICO MUNICIPAL,APTO,NÃO ELEITO,45.0,234000.0,20000.0,20000.0,1055.0,0.0,Maior estrutura financeira
250001643720,1233,HEITOR ALVES,HEITOR ALVES,PDT,MASCULINO,SUPERIOR COMPLETO,ADVOGADO,APTO,NÃO ELEITO,45.0,38654.67,118000.0,114452.0,6192.0,0.0,Maior estrutura financeira
250001643718,1232,DIMITRI SEAN RIBEIRO CARNEIRO,DIMITRI SEAN,PDT,MASCULINO,SUPERIOR COMPLETO,EMPRESÁRIO,APTO,NÃO ELEITO,36.0,343843.51,109000.0,109000.0,6626.0,0.0,Maior estrutura financeira
250001643716,1290,CLOVES ALVES DOS SANTOS,CLOVES ALVES CAMELO,PDT,MASCULINO,ENSINO MÉDIO COMPLETO,GARÇOM,APTO,NÃO ELEITO,43.0,0.0,10000.0,10859.35,389.0,2.0,Estrutura financeira intermediária
250001643729,1234,WILSON CALDEIRA PAIVA,WILSON PAIVA,PDT,MASCULINO,SUPERIOR COMPLETO,ADVOGADO,APTO,NÃO ELEITO,42.0,20162312.990000002,736826.76,736826.76,29713.0,0.0,Maior estrutura financeira
250001604854,1403,RAFAEL ALMEIDA PRADO VALENTIM,RAFAEL VALENTIM,PTB,MASCULINO,SUPERIOR COMPLETO,OUTROS,APTO,NÃO ELEITO,40.0,17062.6,25000.0,25000.0,2250.0,0.0,Maior estrutura financeira
250001604841,1470,RENATO TAMAIO DE SOUZA,RENATO TAMAIO,PTB,MASCULINO,ENSINO MÉDIO COMPLETO,EMPRESÁRIO,APTO,NÃO ELEITO,55.0,0.0,25000.0,0.0,347.0,2.0,Estrutura financeira intermediária
250001604813,1427,MARCIA REGINA ALVES GONCALVES,MARCIA PARA,PTB,FEMININO,SUPERIOR INCOMPLETO,OUTROS,APTO,NÃO ELEITO,36.0,0.0,100000.0,99999.0,1408.0,2.0,Estrutura financeira intermediária
250001604839,1441,WAGNER TADEU SILVA PRADO,CORONEL PRADO,PTB,MASCULINO,SUPERIOR COMPLETO,MILITAR REFORMADO,APTO,NÃO ELEITO,55.0,1242834.6600000001,106500.0,106500.0,9009.0,0.0,Maior estrutura financeira
250001604811,1415,VALDEMAR SILVA,VAVA DO TRANSPORTE,PTB,MASCULINO,SUPERIOR COMPLETO,APOSENTADO (EXCETO SERVIDOR PÚBLICO),APTO,NÃO ELEITO,58.0,677983.87,120000.0,78473.0,2656.0,0.0,Maior estrutura financeira
250001604840,1412,WELDER DOUGLAS DA SILVA,WELDER DOUGLAS,PTB,MASCULINO,SUPERIOR INCOMPLETO,VEREADOR,APTO,NÃO ELEITO,38.0,0.0,62355.0,62344.17,3196.0,2.0,Estrutura financeira intermediária
250001604835,1428,NILSON JESPERSEN DE OLIVEIRA FRANCO,CORONEL NILSON JESPERSEN,PTB,MASCULINO,SUPERIOR COMPLETO,MILITAR REFORMADO,APTO,NÃO ELEITO,56.0,4870454.7,100000.0,99902.28,826.0,0.0,Maior estrutura financeira
250001604864,1468,MARCELO ROSSI DOS SANTOS,MARCELO ROSSI,PTB,MASCULINO,SUPERIOR INCOMPLETO,OUTROS,APTO,NÃO ELEITO,54.0,93900.23000000001,15721.95,15721.95,7612.0,0.0,Maior estrutura financeira
250001604821,1455,OSMAR BENEDITO PRIANTE,PRIANTE,PTB,MASCULINO,SUPERIOR COMPLETO,ADVOGADO,APTO,NÃO ELEITO,50.0,2373000.0,19600.0,19495.2,1316.0,0.0,Maior estrutura financeira
250001738807,1473,JOSE CARLOS FERREIRA BARBOSA,CARLINHOS BARBOSA,PTB,MASCULINO,SUPERIOR COMPLETO,COMERCIANTE,APTO,NÃO ELEITO,62.0,0.0,5000.0,5000.0,62.0,2.0,Estrutura financeira intermediária
250001612018,1182,MARCELO MORICKOCHI,DR MARCELO MORICKOCHI,PP,MASCULINO,SUPERIOR COMPLETO,MÉDICO,APTO,SUPLENTE,56.0,276961.77,77608.70999999999,77615.82,5734.0,0.0,Maior estrutura financeira
250001611995,1189,SAMUEL PAES,CB SAMUEL PAES,PP,MASCULINO,ENSINO MÉDIO COMPLETO,POLICIAL MILITAR,APTO,SUPLENTE,40.0,91760.09999999999,31139.1,31139.1,3180.0,0.0,Maior estrutura financeira
250001611970,1128,AIRTON DOS SANTOS,PAI AIRTON,PP,MASCULINO,SUPERIOR INCOMPLETO,OUTROS,APTO,SUPLENTE,62.0,300000.0,1956.0,1956.0,895.0,0.0,Maior estrutura financeira
250001611957,1123,FAUSTO RUY PINATO,FAUSTO PINATO,PP,MASCULINO,SUPERIOR COMPLETO,ADVOGADO,APTO,ELEITO POR MÉDIA,45.0,712867.36,2530515.27,2507553.11,72169.0,0.0,Maior estrutura financeira
250001611980,1175,GLAUCIA DE MATOS BERNARDO,GLÁUCIA,PP,FEMININO,SUPERIOR COMPLETO,ESCRITOR E CRÍTICO,APTO,SUPLENTE,46.0,0.0,0.0,0.0,62.0,1.0,Baixa movimentação financeira
250001597701,3037,PAULO PROIETI,PAULO PROIETI,NOVO,MASCULINO,SUPERIOR COMPLETO,EMPRESÁRIO,APTO,SUPLENTE,39.0,192000.79,33777.45,32527.92,2368.0,0.0,Maior estrutura financeira
250001597720,3028,THIAGO BONFIM DE OLIVEIRA,THIAGO OLIVEIRA,NOVO,MASCULINO,SUPERIOR COMPLETO,OUTROS,APTO,SUPLENTE,38.0,73535.0,9327.53,8085.82,291.0,0.0,Maior estrutura financeira
250001597666,3002,HELCIO FREIRE DO CARMO,HÉLCIO,NOVO,MASCULINO,SUPERIOR COMPLETO,ENGENHEIRO,APTO,SUPLENTE,59.0,100000.0,10391.54,9149.99,641.0,0.0,Maior estrutura financeira
250001597691,3017,LILIAN MARIA COSTA MANSUR ANDRADE,LILIAN MANSUR,NOVO,FEMININO,SUPERIOR COMPLETO,ADVOGADO,APTO,SUPLENTE,55.0,100990.0,27355.53,25514.0,2943.0,0.0,Maior estrutura financeira
250001597674,3000,ALEXIS JOSEPH STEVERLYNCK FONTEYNE,ALEXIS FONTEYNE,NOVO,MASCULINO,SUPERIOR COMPLETO,DEPUTADO,APTO,SUPLENTE,55.0,26760146.209999997,1066803.5,1061910.71,20963.0,0.0,Maior estrutura financeira
250001597686,3080,SIDNEY CARVALHO ELIAS,SIDNEY ELIAS,NOVO,MASCULINO,SUPERIOR COMPLETO,ADVOGADO,APTO,SUPLENTE,52.0,2130000.0,5241.63,4000.0,636.0,0.0,Maior estrutura financeira
250001597681,3044,ANA LUIZA HATIKIAN NEGRAO PASSOS,PROF ANA NEGRÃO,NOVO,FEMININO,SUPERIOR COMPLETO,EMPRESÁRIO,APTO,SUPLENTE,68.0,5145.1900000000005,3361.53,1916.3600000000001,748.0,0.0,Maior estrutura financeira
250001597703,3090,RICARDO DE CAMPOS RAMOS,RICARDO RAMOS,NOVO,MASCULINO,SUPERIOR COMPLETO,ENGENHEIRO,APTO,SUPLENTE,55.0,1802000.0,2812.33,132.0,791.0,0.0,Maior estrutura financeira
250001597667,3007,VLADIMIR FRANCISCHINELLI ARRUDA LEITE,VLADIMIR ARRUDA,NOVO,MASCULINO,SUPERIOR COMPLETO,SERVIDOR PÚBLICO FEDERAL,APTO,SUPLENTE,52.0,751635.25,8381.94,1140.4099999999999,1345.0,0.0,Maior estrutura financeira
250001597676,3016,CELSO HENRIQUE DE OLIVEIRA,CELSO HENRIQUE,NOVO,MASCULINO,SUPERIOR COMPLETO,MÉDICO,APTO,SUPLENTE,53.0,2833896.45,3241.53,1999.84,878.0,0.0,Maior estrutura financeira
250001597724,3045,PEDRO LUIS VAZ DE LIMA MATTOS,PEDRO VAZ DE LIMA,NOVO,MASCULINO,ENSINO FUNDAMENTAL COMPLETO,MÉDICO,APTO,SUPLENTE,42.0,1669244.0,8047.53,5287.89,1151.0,0.0,Maior estrutura financeira
250001597662,3073,TONY VINICIUS DE OLIVEIRA,TONY OLIVEIRA,NOVO,MASCULINO,SUPERIOR COMPLETO,GERENTE,APTO,SUPLENTE,39.0,110521.56,2851.53,1610.0,536.0,0.0,Maior estrutura financeira
250001604946,5505,EMERSON KAPAZ,EMERSON KAPAZ,PSD,MASCULINO,SUPERIOR COMPLETO,EMPRESÁRIO,APTO,SUPLENTE,67.0,1010517.86,596559.8200000001,586089.4,3793.0,0.0,Maior estrutura financeira
250001604984,5535,SILVIO EDUARDO CONEGLIAM PECCIOLI,SILVINHO FILHO,PSD,MASCULINO,SUPERIOR COMPLETO,ADVOGADO,APTO,SUPLENTE,26.0,206200.0,93186.41,82920.6,13164.0,0.0,Maior estrutura financeira
250001604982,5519,RIBAMAR ANTONIO DA SILVA,RIBAMAR SILVA,PSD,MASCULINO,ENSINO MÉDIO COMPLETO,EMPRESÁRIO,APTO,SUPLENTE,47.0,1246500.0,1594165.33,1576608.92,65219.0,0.0,Maior estrutura financeira
250001604952,5528,TALMA CRISTINA NONAKA,TALMA NONAKA,PSD,FEMININO,SUPERIOR COMPLETO,COMERCIANTE,APTO,SUPLENTE,57.0,0.0,40256.41,29971.8,288.0,2.0,Estrutura financeira intermediária
250001604967,5512,RICARDO AUGUSTO MACHADO DA SILVA,RICARDO SILVA,PSD,MASCULINO,SUPERIOR COMPLETO,DEPUTADO,APTO,ELEITO POR QP,37.0,1112876.0,1674543.8599999999,1657642.01,133936.0,0.0,Maior estrutura financeira
250001604966,5536,LUÍS EDUARDO ANTUNES VIEIRA,LUIS VIEIRA,PSD,MASCULINO,SUPERIOR COMPLETO,SERVIDOR PÚBLICO FEDERAL,APTO,SUPLENTE,50.0,36463.0,32694.66,22426.95,209.0,0.0,Maior estrutura financeira
250001611902,1008,GILBERTO BENTO,GILBERTO BOBY BOBY,REPUBLICANOS,MASCULINO,ENSINO FUNDAMENTAL COMPLETO,"VENDEDOR PRACISTA, REPRESENTANTE, CAIXEIRO-VIAJANTE E ASSEMELHADOS",APTO,SUPLENTE,53.0,227520.58000000002,47270.0,36410.69,4018.0,0.0,Maior estrutura financeira
250001611867,1003,VAGNER JOSE DOS SANTOS,VAGNER SANTOS,REPUBLICANOS,MASCULINO,SUPERIOR COMPLETO,OUTROS,APTO,SUPLENTE,42.0,0.0,44268.2,39304.0,390.0,2.0,Estrutura financeira intermediária
250001639644,1064,BENEDITO APARECIDO DA SILVA,BENE DANITA,REPUBLICANOS,MASCULINO,SUPERIOR COMPLETO,EMPRESÁRIO,APTO,SUPLENTE,57.0,2207704.98,86769.01,74701.01,9651.0,0.0,Maior estrutura financeira
250001611886,1088,DEBORA FARIAS CABRAL,DEBORA CABRAL,REPUBLICANOS,FEMININO,SUPERIOR INCOMPLETO,SERVIDOR PÚBLICO ESTADUAL,APTO,SUPLENTE,41.0,38300.0,32790.0,28575.8,746.0,0.0,Maior estrutura financeira
250001611858,1084,RENATA BANHARA PEIXOTO MARCONDES,RENATA BANHARA,REPUBLICANOS,FEMININO,ENSINO MÉDIO COMPLETO,JORNALISTA E REDATOR,APTO,SUPLENTE,47.0,72000.0,518375.0,499919.5,2494.0,0.0,Maior estrutura financeira
250001737231,1079,VANIA DA PAIXÃO LANA ONWUDIWE,VANIA DA PAIXÃO,REPUBLICANOS,FEMININO,SUPERIOR COMPLETO,ADVOGADO,APTO,SUPLENTE,46.0,411601.34,57446.0,50000.0,787.0,0.0,Maior estrutura financeira
250001611882,1000,CELSO UBIRAJARA RUSSOMANNO,CELSO RUSSOMANNO,REPUBLICANOS,MASCULINO,SUPERIOR COMPLETO,DEPUTADO,APTO,ELEITO POR QP,66.0,1481428.34,2725834.0,2493079.86,305520.0,0.0,Maior estrutura financeira
250001611877,1052,FABIO SIQUEIRA DIAS,DR. FABIO SIQUEIRA,REPUBLICANOS,MASCULINO,SUPERIOR COMPLETO,ADVOGADO,APTO,SUPLENTE,45.0,505000.0,87590.0,81692.74,1257.0,0.0,Maior estrutura financeira
250001611900,1017,EMERSON APARECIDO DOS SANTOS,PR EMERSON SANTOS,REPUBLICANOS,MASCULINO,ENSINO MÉDIO COMPLETO,OUTROS,APTO,SUPLENTE,49.0,270000.0,40614.0,40000.0,718.0,0.0,Maior estrutura financeira
250001597695,3001,MARINA HELENA CUNHA PEREIRA SANTOS,MARINA HELENA,NOVO,NÃO DIVULGÁVEL,NÃO DIVULGÁVEL,NÃO DIVULGÁVEL,APTO,SUPLENTE,,0.0,1706559.44,1562303.42,50073.0,,
250001677893,9064,CLEBER DOS SANTOS TEIXEIRA,JACARÉ DE TANGA,PROS,MASCULINO,SUPERIOR COMPLETO,ADVOGADO,APTO,NÃO ELEITO,55.0,25000.0,0.0,0.0,1261.0,1.0,Baixa movimentação financeira
250001677880,9022,NISE HITOMI YAMAGUCHI,DRA NISE YAMAGUCHI,PROS,FEMININO,SUPERIOR COMPLETO,MÉDICO,APTO,NÃO ELEITO,63.0,3428411.16,550285.0,550146.92,36690.0,0.0,Maior estrutura financeira
250001677894,9075,DECIO COUTO CLEMENTE,DECIO CLEMENTE,PROS,MASCULINO,SUPERIOR COMPLETO,ADMINISTRADOR,APTO,NÃO ELEITO,73.0,40000.0,75000.0,75000.0,189.0,0.0,Maior estrutura financeira
250001677871,9049,JEFFERSON RIPI DA SILVA,PROFESSOR JEFFERSON RIPI,PROS,MASCULINO,SUPERIOR COMPLETO,OUTROS,APTO,NÃO ELEITO,46.0,400000.0,0.0,0.0,192.0,1.0,Baixa movimentação financeira
250001635947,3527,LEA MARIA DE SALES CUNHA,LEA SALES CUNHA,PMB,FEMININO,SUPERIOR INCOMPLETO,OUTROS,APTO,NÃO ELEITO,73.0,2376555.59,150.0,150.0,43.0,0.0,Maior estrutura financeira
250001635956,3589,TATIANE SOARES DA SILVA,TATI DA ANALÂNDIA,PMB,FEMININO,ENSINO MÉDIO COMPLETO,OUTROS,APTO,NÃO ELEITO,33.0,0.0,0.0,0.0,30.0,1.0,Baixa movimentação financeira
250001635955,3525,CELSO LUIZ PEREIRA,CELSO PEREIRA,PMB,MASCULINO,SUPERIOR COMPLETO,SERVIDOR PÚBLICO MUNICIPAL,APTO,NÃO ELEITO,54.0,2600000.0,1801.0,1799.95,137.0,0.0,Maior estrutura financeira
250001736106,3535,VALTER ALCANTARA ROSSI,VALTER ALCANTARA ROSSI,PMB,MASCULINO,SUPERIOR COMPLETO,ADMINISTRADOR,APTO,NÃO ELEITO,57.0,0.0,0.0,0.0,217.0,1.0,Baixa movimentação financeira
250001715889,2893,JOSÉ ALFREDO GARCIA DOS SANTOS,JOSÉ ALFREDO GARCIA,PRTB,MASCULINO,ENSINO MÉDIO COMPLETO,EMPRESÁRIO,APTO,NÃO ELEITO,63.0,1.0,2822.09,0.0,53.0,2.0,Estrutura financeira intermediária
250001715907,2812,SILAS ALVES FEITOSA,SILAS FEITOSA,PRTB,MASCULINO,SUPERIOR COMPLETO,PUBLICITÁRIO,APTO,NÃO ELEITO,49.0,669259.46,73988.3,68988.3,3799.0,0.0,Maior estrutura financeira
250001715880,2891,LEANDRO VITOR AFONSO DA SILVA VERONEZ,LEANDRO VERONEZ,PRTB,MASCULINO,SUPERIOR COMPLETO,FARMACÊUTICO,APTO,NÃO ELEITO,41.0,1.0,2822.09,0.0,92.0,2.0,Estrutura financeira intermediária
250001715898,2840,TIAGO SOUZA GUEDES,TIAGO GUEDES,PRTB,MASCULINO,SUPERIOR COMPLETO,OUTROS,APTO,NÃO ELEITO,37.0,0.01,2822.09,0.0,584.0,2.0,Estrutura financeira intermediária
250001620273,4060,EDSON FRANCISCO DE SANTANA,EDINHO SANTANA,PSB,MASCULINO,SUPERIOR COMPLETO,ADMINISTRADOR,INAPTO,NÃO ELEITO,61.0,219461.1,77796.36,69992.3,9439.0,0.0,Maior estrutura financeira
250001715856,2800,MARIA EMILIA GADELHA SERRA,DRA. MARIA EMILIA GADELHA,PRTB,FEMININO,SUPERIOR COMPLETO,MÉDICO,APTO,NÃO ELEITO,57.0,1695738.79,99605.78,77495.67,14131.0,0.0,Maior estrutura financeira
250001717136,3607,ANDRÉ ALMEIDA MILIAN,BISPO ANDRE ALMEIDA,AGIR,MASCULINO,SUPERIOR INCOMPLETO,ENGENHEIRO,INAPTO,NÃO ELEITO,36.0,5000.0,0.0,0.0,237.0,1.0,Baixa movimentação financeira
250001715873,2818,DANILO ANDRÉ MOSER,CAPITÃO MOSER,PRTB,MASCULINO,SUPERIOR COMPLETO,SERVIDOR PÚBLICO ESTADUAL,APTO,NÃO ELEITO,42.0,0.01,22822.09,20000.0,443.0,2.0,Estrutura financeira intermediária
250001725834,9057,ALESSANDRO SOUSA DA SILVA,SANDRO DO PROS,PROS,MASCULINO,ENSINO MÉDIO COMPLETO,COMERCIANTE,INAPTO,NÃO ELEITO,48.0,907000.0,2018000.0,2000000.0,496.0,0.0,Maior estrutura financeira
250001612134,4550,MARIA REGINA LEME PRADO,REGINA ENFERMEIRA,PSDB,FEMININO,SUPERIOR COMPLETO,ENFERMEIRO,INAPTO,NÃO ELEITO,54.0,26153.73,22590.9,11000.0,,0.0,Maior estrutura financeira
250001610309,1948,SILVIA MIRANDA NAGATA,SÍLVIA NAGATA,PODE,FEMININO,SUPERIOR COMPLETO,EMPRESÁRIO,INAPTO,#NULO,41.0,22979.82,0.0,0.0,,1.0,Baixa movimentação financeira
250001602055,4449,ODECIO BRAGA DE LOUREDO FILHO,ODÉCIO BRAGA,UNIÃO,MASCULINO,SUPERIOR COMPLETO,APOSENTADO (EXCETO SERVIDOR PÚBLICO),INAPTO,#NULO,73.0,530258.23,0.0,0.0,,1.0,Baixa movimentação financeira
250001715841,2858,ERNESTO FERNANDES DE FREITAS NETO,DOM ERNESTO,PRTB,MASCULINO,ENSINO MÉDIO COMPLETO,AGRICULTOR,INAPTO,#NULO,40.0,1.0,2822.09,0.0,,2.0,Estrutura financeira intermediária
250001677909,9029,EDINALVA JACINTA DE ALMEIDA,EDIJOTA,PROS,FEMININO,SUPERIOR COMPLETO,OUTROS,INAPTO,#NULO,54.0,0.0,0.0,0.0,,1.0,Baixa movimentação financeira
250001612131,4519,MARCIO CECCHETTINI,MARCIO CECCHETTINI,PSDB,MASCULINO,SUPERIOR COMPLETO,EMPRESÁRIO,INAPTO,#NULO,54.0,835928.1699999999,0.0,0.0,,1.0,Baixa movimentação financeira
250001604820,1413,DAVID DE AMORIM CALDAS,DAVID CALDAS,PTB,MASCULINO,SUPERIOR INCOMPLETO,"ESTUDANTE, BOLSISTA, ESTAGIÁRIO E ASSEMELHADOS",INAPTO,#NULO,21.0,0.0,0.0,0.0,,1.0,Baixa movimentação financeira
250001612006,1114,DOMENICO ANTONIO DONINA RODRIGUES,DOMENICO DONINA,PP,MASCULINO,SUPERIOR COMPLETO,ODONTÓLOGO,INAPTO,#NULO,44.0,13000.0,0.0,0.0,,1.0,Baixa movimentação financeira
250001611344,2260,JOÃO EDUARDO DADO LEITE DE CARVALHO,JOÃO DADO,PL,MASCULINO,SUPERIOR COMPLETO,APOSENTADO (EXCETO SERVIDOR PÚBLICO),APTO,SUPLENTE,67.0,1703441.9,373938.0,372199.98,14106.0,0.0,Maior estrutura financeira
250001611359,2290,GUILHERME MURARO DERRITE,CAPITÃO DERRITE,PL,MASCULINO,SUPERIOR COMPLETO,DEPUTADO,APTO,ELEITO POR QP,37.0,812788.26,2356995.63,2337090.37,239772.0,0.0,Maior estrutura financeira
250001611352,2251,ADILSON BARROSO OLIVEIRA,ADILSON BARROSO,PL,MASCULINO,SUPERIOR COMPLETO,EMPRESÁRIO,APTO,SUPLENTE,58.0,870747.6,3003431.42,3001473.5,62445.0,0.0,Maior estrutura financeira
250001611312,2221,VANESSA FERREIRA GOMES,VANESSA GOMES,PL,FEMININO,ENSINO MÉDIO COMPLETO,DONA DE CASA,APTO,SUPLENTE,33.0,734.73,89933.38,75160.0,6755.0,2.0,Estrutura financeira intermediária
250001611342,2223,FERNANDO PINHEIRO,NANDO PINHEIRO,PL,MASCULINO,ENSINO MÉDIO COMPLETO,ATOR E DIRETOR DE ESPETÁCULOS PÚBLICOS,APTO,SUPLENTE,42.0,1422272.78,217492.7,211254.18,30364.0,0.0,Maior estrutura financeira
250001611357,2200,JOSÉ AUGUSTO ROSA,CAPITÃO AUGUSTO,PL,MASCULINO,SUPERIOR COMPLETO,DEPUTADO,APTO,ELEITO POR QP,55.0,1266000.0,881700.62,1663080.83,168740.0,0.0,Maior estrutura financeira
250001611348,2268,MAURICIO BERNARDINO SOARES,DR MAURÍCIO SOARES,PL,MASCULINO,SUPERIOR COMPLETO,OUTROS,APTO,SUPLENTE,44.0,981.0,51431.42,49875.1,944.0,0.0,Maior estrutura financeira
250001611338,2228,CRISTIANE IGNACIO ISIDORO BRAZ,POLICIAL CRISTIANE,PL,FEMININO,ENSINO MÉDIO COMPLETO,POLICIAL MILITAR,APTO,SUPLENTE,50.0,0.0,37107.8,6000.0,1498.0,2.0,Estrutura financeira intermediária
250001611349,2201,PATRICIA SANT ANA BORGES,PATRICIA BORGES,PL,FEMININO,ENSINO MÉDIO INCOMPLETO,EMPRESÁRIO,APTO,SUPLENTE,48.0,0.0,369821.97,349983.75,10434.0,2.0,Estrutura financeira intermediária
250001611373,2256,DAVID CARDOSO,DAVID CARDOSO,PL,MASCULINO,SUPERIOR INCOMPLETO,ATOR E DIRETOR DE ESPETÁCULOS PÚBLICOS,APTO,SUPLENTE,51.0,667956.4400000001,212740.63,199999.06,3331.0,0.0,Maior estrutura financeira
250001611364,2219,DULCINEIA LOPES DE OLIVEIRA,CORONEL DULCINÉIA,PL,FEMININO,SUPERIOR COMPLETO,OUTROS,APTO,SUPLENTE,54.0,678000.0,62564.85,54974.0,7234.0,0.0,Maior estrutura financeira
250001611327,2247,PAULO FRANCISCO MUNIZ BILYNSKYJ,DELEGADO PAULO BILYNSKYJ,PL,MASCULINO,SUPERIOR COMPLETO,POLICIAL CIVIL,APTO,ELEITO POR QP,35.0,455070.0,221147.64,219679.3,72156.0,0.0,Maior estrutura financeira
250001613785,1855,MARCO ANTONIO BATISTA,MARCO DIPRETO,REDE,MASCULINO,SUPERIOR COMPLETO,JORNALISTA E REDATOR,APTO,SUPLENTE,59.0,0.0,30000.0,28740.52,422.0,2.0,Estrutura financeira intermediária
250001613767,1801,BRAZ HENRIQUE TELES,THELLES,REDE,MASCULINO,ENSINO FUNDAMENTAL COMPLETO,OUTROS,APTO,SUPLENTE,53.0,0.0,29000.0,28000.0,232.0,2.0,Estrutura financeira intermediária
250001613798,5063,CLAUDIO JOSÉ MACHADO,CLAUDIO MACHADO,PSOL,MASCULINO,SUPERIOR COMPLETO,SERVIDOR PÚBLICO FEDERAL,APTO,SUPLENTE,59.0,51000.0,38975.76,29316.55,1486.0,0.0,Maior estrutura financeira
250001613786,1833,MARIA ISABEL LOPES DA CUNHA SOARES,BEZINHA SOARES,REDE,FEMININO,SUPERIOR COMPLETO,DIRETOR DE EMPRESAS,APTO,SUPLENTE,51.0,161306.11,135600.0,104090.14,1398.0,0.0,Maior estrutura financeira
250001613800,5068,SIMONY CRISTINA TEIXEIRA DOS ANJOS,SIMONY DOS ANJOS,PSOL,FEMININO,SUPERIOR COMPLETO,"TÉCNICO CONTABILIDADE, ESTATÍSTICA, ECONOMIA DOMÉSTICA E ADMINISTRAÇÃO",APTO,SUPLENTE,36.0,333827.96,191448.71000000002,191485.91999999998,1690.0,0.0,Maior estrutura financeira
250001613788,5050,IVAN VALENTE,IVAN VALENTE,PSOL,MASCULINO,SUPERIOR COMPLETO,DEPUTADO,APTO,SUPLENTE,76.0,1427967.27,2042105.1,2030081.78,44424.0,0.0,Maior estrutura financeira
250001613771,5075,DYEGO RAFAEL BARBOSA SÉRVOLO,DYEGO SÉRVOLO,PSOL,MASCULINO,SUPERIOR COMPLETO,PEDAGOGO,APTO,SUPLENTE,34.0,0.0,497029.48,496901.37,1608.0,2.0,Estrutura financeira intermediária
250001613802,1850,JOÃO PEDRO DA PAZ ARAÚJO,JOÃO PEDRO DA PAZ,REDE,MASCULINO,SUPERIOR COMPLETO,PROFESSOR DE ENSINO SUPERIOR,APTO,SUPLENTE,23.0,0.0,20000.0,19363.32,564.0,2.0,Estrutura financeira intermediária
250001613784,1888,MAISA DINIZ LIMA,MAISA DINIZ,REDE,FEMININO,SUPERIOR COMPLETO,ADMINISTRADOR,APTO,SUPLENTE,34.0,3240.85,378511.88,378140.57,6778.0,0.0,Maior estrutura financeira
250001610291,1997,MARCUS VINICIUS DE ARAÚJO DANTAS,MARCUS DANTAS,PODE,MASCULINO,SUPERIOR COMPLETO,SERVIDOR PÚBLICO FEDERAL,APTO,SUPLENTE,54.0,691458.4,538649.1,198560.45,3996.0,0.0,Maior estrutura financeira
250001610263,1916,MARCOS ANDRÉ PAPA,MARCOS PAPA,PODE,MASCULINO,SUPERIOR COMPLETO,VEREADOR,APTO,SUPLENTE,56.0,884893.57,413954.19,381759.69,10014.0,0.0,Maior estrutura financeira
250001610264,1965,CLEBER FERNANDO BERNARDI,DR. CLEBER BERNARDI,PODE,MASCULINO,SUPERIOR COMPLETO,ADVOGADO,APTO,SUPLENTE,37.0,480000.0,111659.0,99858.0,1029.0,0.0,Maior estrutura financeira
250001610290,1964,JOSÉ EDUARDO STANELIS DE AQUINO,CORONEL STANELIS,PODE,MASCULINO,SUPERIOR COMPLETO,POLICIAL MILITAR,APTO,SUPLENTE,58.0,998828.23,312000.0,299541.04,6051.0,0.0,Maior estrutura financeira
250001610313,1917,IVAN SERIGATO JUNIOR,IVAN SERIGATO,PODE,MASCULINO,SUPERIOR COMPLETO,EMPRESÁRIO,APTO,SUPLENTE,46.0,411000.0,200000.0,200000.0,2166.0,0.0,Maior estrutura financeira
250001610322,1967,VALDETE GOMES DUTRA PEREIRA,VAL DUTRA,PODE,FEMININO,ENSINO MÉDIO COMPLETO,OUTROS,APTO,SUPLENTE,51.0,23000.0,100000.0,100000.0,866.0,0.0,Maior estrutura financeira
250001620261,4019,IRACILDA LOPES GUIMARÃES,IRACILDA COL. POVOS INDIGENAS,PSB,FEMININO,SUPERIOR COMPLETO,PROFESSOR DE ENSINO MÉDIO,APTO,SUPLENTE,51.0,151094.27,100761.31,74831.9,867.0,0.0,Maior estrutura financeira
250001620280,4063,MARIA JOSÉ DOS SANTOS CHAVES,ZEZÉ SANTOS ASSISTENTE SOCIAL,PSB,FEMININO,SUPERIOR COMPLETO,APOSENTADO (EXCETO SERVIDOR PÚBLICO),APTO,SUPLENTE,63.0,300000.0,100761.31,74955.06,630.0,0.0,Maior estrutura financeira
250001651393,4017,ANTONIO CARLOS DE OLIVEIRA,A.C.,PSB,MASCULINO,SUPERIOR COMPLETO,SERVIDOR PÚBLICO ESTADUAL,APTO,SUPLENTE,68.0,0.0,47796.36,12531.0,602.0,2.0,Estrutura financeira intermediária
250001620269,4066,NILTON LOURENÇO CANDIDO,DR NILTON CANDIDO,PSB,MASCULINO,SUPERIOR COMPLETO,ADVOGADO,APTO,SUPLENTE,64.0,2992436.53,52796.36,44854.87,1755.0,0.0,Maior estrutura financeira
250001620290,4070,FABIO DEFOURNY MARTINS,DÊFO,PSB,MASCULINO,SUPERIOR INCOMPLETO,EMPRESÁRIO,APTO,SUPLENTE,49.0,123115.78,67796.36,59696.25,5656.0,0.0,Maior estrutura financeira
250001620293,4055,FLÁVIO ROBERTO DE SOUZA SANT ANNA,FLÁVIO SANT ANNA PCD,PSB,MASCULINO,SUPERIOR COMPLETO,"CORRETOR DE IMÓVEIS, SEGUROS, TÍTULOS E VALORES",APTO,SUPLENTE,47.0,18000.0,117557.33,109742.20999999999,4673.0,0.0,Maior estrutura financeira
250001620288,4005,CLEITON FREITAS DE ARAUJO,PROFESSOR CLEITON,PSB,MASCULINO,SUPERIOR COMPLETO,PEDAGOGO,APTO,SUPLENTE,34.0,47592.55,47796.36,39997.5,705.0,0.0,Maior estrutura financeira
250001653333,4043,NORMANDO COSTA DE ANDRADE FILHO,NORMANDY PANTERA NEGRA,PSB,MASCULINO,SUPERIOR INCOMPLETO,EMPRESÁRIO,APTO,SUPLENTE,59.0,0.0,47796.36,0.0,103.0,2.0,Estrutura financeira intermediária
250001610298,1963,MARIA LUCIA DA SILVA,ENFERMEIRA MARIA LUCIA,PODE,FEMININO,SUPERIOR COMPLETO,ENFERMEIRO,APTO,SUPLENTE,59.0,383860.65,125545.0,90000.0,772.0,0.0,Maior estrutura financeira
250001610277,1979,CRISTIANE KÁTIA SIMONI ABREU,CRIS ABREU,PODE,FEMININO,SUPERIOR INCOMPLETO,EMPRESÁRIO,APTO,SUPLENTE,50.0,92800.0,170000.0,170000.0,2037.0,0.0,Maior estrutura financeira
250001610323,1932,ZULEICA MADALENA SANTORO,ZU SANTORO,PODE,FEMININO,SUPERIOR COMPLETO,ECONOMISTA,APTO,SUPLENTE,66.0,500000.0,100669.0,100641.42,416.0,0.0,Maior estrutura financeira
250001610278,1933,FRANCISCO ALEXANDRE FILHO,SARGENTO ALEXANDRE,PODE,MASCULINO,SUPERIOR COMPLETO,ADVOGADO,APTO,SUPLENTE,52.0,1083076.99,389095.33,299936.55,10588.0,0.0,Maior estrutura financeira
250001602031,4474,DEBORA ELOISA JUSTINO,DEBORA JUSTINO,UNIÃO,FEMININO,SUPERIOR COMPLETO,OUTROS,APTO,SUPLENTE,46.0,300000.0,2826610.68,2614328.0,4992.0,0.0,Maior estrutura financeira
250001602035,4402,EDIVAM CAMPOS DE ALBUQUERQUE,CEARA,UNIÃO,MASCULINO,ENSINO FUNDAMENTAL COMPLETO,OUTROS,APTO,SUPLENTE,50.0,1258983.58,384424.53,322443.08,8257.0,0.0,Maior estrutura financeira
250001602059,4423,RODRIGO MEIRA BRITO,KINHO BRITO,UNIÃO,MASCULINO,ENSINO MÉDIO COMPLETO,VEREADOR,APTO,SUPLENTE,40.0,1000.0,656311.15,599935.0,3674.0,0.0,Maior estrutura financeira
250001602051,4432,ALEX MACEDO DE SOUZA,ALEX MACEDO,UNIÃO,MASCULINO,SUPERIOR COMPLETO,ADMINISTRADOR,APTO,SUPLENTE,48.0,815000.0,785882.27,735025.0,1619.0,0.0,Maior estrutura financeira
250001651721,4457,PAULA DIAS DE LA FUENTE,GALEGA DO BRÁS,UNIÃO,FEMININO,ENSINO MÉDIO COMPLETO,EMPRESÁRIO,APTO,SUPLENTE,32.0,1550000.0,200000.0,200000.0,285.0,0.0,Maior estrutura financeira
250001602029,4419,ALEXANDRE MANOEL LEME,MESTRE XANDÃO,UNIÃO,MASCULINO,ENSINO FUNDAMENTAL INCOMPLETO,EMPRESÁRIO,APTO,SUPLENTE,50.0,3590.7,405521.14999999997,914583.58,1242.0,0.0,Maior estrutura financeira
250001602052,4415,JOSÉ ADÃO DA COSTA,ZÉ O MAQUININHA,UNIÃO,MASCULINO,ENSINO MÉDIO COMPLETO,EMPRESÁRIO,APTO,SUPLENTE,52.0,2740450.0,301307.27,373129.1,3091.0,0.0,Maior estrutura financeira
250001651718,4403,ANA CRISTINA ELIAS LOURENÇO,TINA DA SAÚDE,UNIÃO,FEMININO,SUPERIOR COMPLETO,AGENTE DE SAÚDE E SANITARISTA,APTO,SUPLENTE,48.0,15321.8,198030.65,172432.81,650.0,0.0,Maior estrutura financeira
250001724914,4472,VIVIANE SOARES DE OLIVEIRA ALVES,VIVIANE ALVES,UNIÃO,FEMININO,ENSINO MÉDIO COMPLETO,JORNALISTA E REDATOR,APTO,SUPLENTE,37.0,12397.08,221419.84999999998,172432.35,463.0,0.0,Maior estrutura financeira
250001602079,4440,FERNANDO JOSE DE SOUZA MARANGONI,MARANGONI,UNIÃO,MASCULINO,SUPERIOR COMPLETO,ADVOGADO,APTO,ELEITO POR MÉDIA,42.0,2388382.27,2876708.34,2816949.69,89390.0,0.0,Maior estrutura financeira
250001613945,3345,EDINALDO ANTÔNIO DO CARMO,EDINALDO DO CARMO,PMN,MASCULINO,ENSINO MÉDIO COMPLETO,EMPRESÁRIO,APTO,NÃO ELEITO,56.0,0.0,31020.0,29985.0,630.0,2.0,Estrutura financeira intermediária
250001613967,3303,JOSE SEBASTIÃO LEANDRO DOS SANTOS,TIÃO,PMN,MASCULINO,SUPERIOR COMPLETO,PROFESSOR DE ENSINO FUNDAMENTAL,APTO,NÃO ELEITO,55.0,0.0,30000.0,30000.0,448.0,2.0,Estrutura financeira intermediária
250001613968,3374,JOSÉ VASCONCELO VIANA,JOSÉ DO EGITO,PMN,MASCULINO,ENSINO MÉDIO COMPLETO,EMPRESÁRIO,APTO,NÃO ELEITO,38.0,0.0,25000.0,25000.0,80.0,2.0,Estrutura financeira intermediária
250001613937,3315,SUZANA PIROZI ADERNE,SUZANA,PMN,FEMININO,ENSINO MÉDIO COMPLETO,OUTROS,APTO,NÃO ELEITO,36.0,0.0,20000.0,20000.0,219.0,2.0,Estrutura financeira intermediária
250001640572,2155,EDUARDO CAMILO TERRA DOS SANTOS,CAMILO TERRA,PCB,MASCULINO,SUPERIOR COMPLETO,SERVIDOR PÚBLICO FEDERAL,APTO,NÃO ELEITO,48.0,245300.0,970.0,9970.0,522.0,0.0,Maior estrutura financeira
250001640579,2121,GABRIEL HENRIQUE MARUCCI,GABRIEL MARUCCI,PCB,MASCULINO,SUPERIOR COMPLETO,ADVOGADO,APTO,NÃO ELEITO,23.0,0.0,850.0,19735.0,728.0,2.0,Estrutura financeira intermediária
250001622052,7060,WAGNER BARBOSA,PROF WAGNER BARBOSA,AVANTE,MASCULINO,SUPERIOR COMPLETO,JORNALISTA E REDATOR,APTO,NÃO ELEITO,58.0,522413.44,91671.25,74489.5,1570.0,0.0,Maior estrutura financeira
250001622097,7090,ELIAS ASSIS NETO,DIRETOR ELIAS JUNIOR,AVANTE,MASCULINO,ENSINO MÉDIO COMPLETO,OUTROS,APTO,NÃO ELEITO,56.0,38500.0,255791.75,139543.8,8671.0,0.0,Maior estrutura financeira
250001622063,7030,JOEL DE MELO,JOEL DA AMBULÂNCIA PLATIBANDA,AVANTE,MASCULINO,SUPERIOR COMPLETO,PROFESSOR DE ENSINO MÉDIO,APTO,NÃO ELEITO,65.0,0.0,13136.75,4000.0,728.0,2.0,Estrutura financeira intermediária
250001622096,7092,ELIAS ARACATI PAIVA,ELIAS ARACATI DA AMBULÂNCIA,AVANTE,MASCULINO,SUPERIOR COMPLETO,ENFERMEIRO,APTO,NÃO ELEITO,37.0,214000.0,4000.0,4000.0,1296.0,0.0,Maior estrutura financeira
250001622105,7070,CÃNDIDO ELPÍDIO DE SOUZA VACCAREZZA,VACCAREZZA,AVANTE,MASCULINO,SUPERIOR COMPLETO,MÉDICO,APTO,NÃO ELEITO,67.0,562703.33,2254411.75,2001800.0,6397.0,0.0,Maior estrutura financeira
250001717128,3609,FABIO DE VASCONCELOS LIMA,FABIO LIMA,AGIR,MASCULINO,SUPERIOR INCOMPLETO,OUTROS,APTO,NÃO ELEITO,45.0,0.0,5000.0,5000.0,163.0,2.0,Estrutura financeira intermediária
250001717172,3660,SIONEIA APARECIDA DE MELLO,NEIA MELLO,AGIR,FEMININO,SUPERIOR COMPLETO,JORNALISTA E REDATOR,APTO,NÃO ELEITO,57.0,0.0,10000.0,9990.0,389.0,2.0,Estrutura financeira intermediária
250001717173,3650,ALLAN SERGIO NASCIMENTO,ALLAN CARTEIRO,AGIR,MASCULINO,ENSINO MÉDIO COMPLETO,OUTROS,APTO,NÃO ELEITO,30.0,0.0,5000.0,0.0,187.0,2.0,Estrutura financeira intermediária
250001717168,3675,EDER DIAS MASCARENHAS,EDER MASCARENHAS,AGIR,MASCULINO,ENSINO MÉDIO COMPLETO,EMPRESÁRIO,APTO,NÃO ELEITO,40.0,250000.0,30000.0,29991.0,931.0,0.0,Maior estrutura financeira
250001717127,3665,EMERSON VIRGILIO VENANCIO,VENÂNCIO,AGIR,MASCULINO,ENSINO MÉDIO COMPLETO,EMPRESÁRIO,APTO,NÃO ELEITO,38.0,55000.0,10000.0,0.0,620.0,0.0,Maior estrutura financeira
250001717178,3676,FLAVIO ROBERTO CASIMIRO,FLAVIO DA TANATO,AGIR,MASCULINO,ENSINO MÉDIO COMPLETO,GERENTE,APTO,NÃO ELEITO,39.0,0.0,30000.0,30000.0,307.0,2.0,Estrutura financeira intermediária
250001717162,3689,MANOEL DOS SANTOS SILVA IRMAO,BIN LADEN GARI,AGIR,MASCULINO,ENSINO FUNDAMENTAL COMPLETO,DEPUTADO,APTO,NÃO ELEITO,58.0,0.0,5000.0,5000.0,230.0,2.0,Estrutura financeira intermediária
250001717157,3679,VERA LÚCIA SANTOS DE FRANÇA,VERA FRANÇA,AGIR,FEMININO,ENSINO MÉDIO COMPLETO,OUTROS,APTO,NÃO ELEITO,62.0,0.0,0.0,0.0,100.0,1.0,Baixa movimentação financeira
250001611245,1538,LUIZ FELIPE DE LIMA SANTOS,FELIPE TAKASHI,MDB,MASCULINO,ENSINO MÉDIO COMPLETO,JORNALISTA E REDATOR,APTO,SUPLENTE,29.0,220354.5,100000.0,100000.0,703.0,0.0,Maior estrutura financeira
250001611250,1596,IOLANDA KEIKO MIASHIRO OTA,KEIKO OTA,MDB,FEMININO,SUPERIOR COMPLETO,EMPRESÁRIO,APTO,SUPLENTE,66.0,836952.55,1003000.0,1002983.57,16626.0,0.0,Maior estrutura financeira
250001611277,1509,FABIO CESAR SATO,FABIO SATO,MDB,MASCULINO,SUPERIOR COMPLETO,EMPRESÁRIO,APTO,SUPLENTE,42.0,0.0,202800.0,202540.78,10894.0,2.0,Estrutura financeira intermediária
250001611274,1540,DENIS EDUARDO ANDIA,DENIS ANDIA,MDB,MASCULINO,SUPERIOR COMPLETO,EMPRESÁRIO,APTO,SUPLENTE,51.0,961291.99,1292500.0,1285624.01,75082.0,0.0,Maior estrutura financeira
250001611246,1525,ALCIDES FERNANDES BARBOSA,ALCIDES FERNANDES,MDB,MASCULINO,SUPERIOR COMPLETO,EMPRESÁRIO,APTO,SUPLENTE,56.0,0.0,100000.0,99959.75,1377.0,2.0,Estrutura financeira intermediária
250001611256,1544,ELAINE SILVEIRA NEVES,ELAINE NEVES,MDB,FEMININO,ENSINO MÉDIO COMPLETO,ADMINISTRADOR,APTO,SUPLENTE,59.0,0.0,20000.0,20000.0,627.0,2.0,Estrutura financeira intermediária
250001611259,1521,FABRICIO DIAS JUNIOR,FABRICIO DA AERONÁUTICA,MDB,MASCULINO,SUPERIOR COMPLETO,OUTROS,APTO,SUPLENTE,59.0,51500.0,225000.0,225000.0,5425.0,0.0,Maior estrutura financeira
250001611273,1566,MARCELO DA SILVA,MARCELÃO DO POVO,MDB,MASCULINO,SUPERIOR COMPLETO,OUTROS,APTO,SUPLENTE,54.0,98860.59,100000.0,105338.61,2610.0,0.0,Maior estrutura financeira
250001611234,1532,LUIZ LAURO FERREIRA,LUIZ LAURO,MDB,MASCULINO,ENSINO MÉDIO INCOMPLETO,LOCUTOR E COMENTARISTA DE RÁDIO E TELEVISÃO E RADIALISTA,APTO,SUPLENTE,71.0,119532.82,320000.0,319200.9,3093.0,0.0,Maior estrutura financeira
250001611229,1527,FERNANDO ALVES LISBOA DINI,FERNANDO DINI,MDB,MASCULINO,SUPERIOR COMPLETO,EMPRESÁRIO,APTO,SUPLENTE,50.0,247166.39,339000.0,338902.94,8338.0,0.0,Maior estrutura financeira
250001643907,2039,WASHINGTON DA SILVA SANTOS,WASHIGTON SANTOS,PSC,MASCULINO,SUPERIOR INCOMPLETO,ELETRICISTA E ASSEMELHADOS,APTO,SUPLENTE,41.0,0.0,10000.0,9999.6,116.0,2.0,Estrutura financeira intermediária
250001643871,2020,GILBERTO NASCIMENTO SILVA,GILBERTO NASCIMENTO,PSC,MASCULINO,SUPERIOR COMPLETO,DEPUTADO,APTO,ELEITO POR MÉDIA,66.0,1183508.95,1452700.0,1420339.54,95077.0,0.0,Maior estrutura financeira
250001643885,2086,JOSE EDSON DE ARAUJO JUNIOR,POP,PSC,MASCULINO,SUPERIOR COMPLETO,"CORRETOR DE IMÓVEIS, SEGUROS, TÍTULOS E VALORES",APTO,SUPLENTE,43.0,192005.0,10000.0,10000.0,137.0,0.0,Maior estrutura financeira
250001643882,2064,ORLANDO APARECIDO TOMASELLA,CORONEL TOMASELLA,PSC,MASCULINO,SUPERIOR COMPLETO,POLICIAL MILITAR,APTO,SUPLENTE,73.0,1710740.34,26148.4,26103.25,3262.0,0.0,Maior estrutura financeira
250001643912,2032,JOSÉ EDILSON PACHECO SILVA,EDILSON PACHECO,PSC,MASCULINO,SUPERIOR COMPLETO,ADVOGADO,APTO,SUPLENTE,61.0,0.0,20000.0,19671.95,313.0,2.0,Estrutura financeira intermediária
250001643897,2055,RODRIGUES MARQUES DE FIGUEIREDO,RODRIGO RODRIGUES,PSC,MASCULINO,ENSINO MÉDIO COMPLETO,VEREADOR,APTO,SUPLENTE,32.0,430000.0,132455.0,128255.0,11556.0,0.0,Maior estrutura financeira
250001643888,2003,ROGERIO XAVIER FRANÇA,ROGERIO FRANÇA,PSC,MASCULINO,SUPERIOR COMPLETO,ADVOGADO,APTO,SUPLENTE,52.0,27000.0,10035.0,9895.7,814.0,0.0,Maior estrutura financeira
250001612116,4500,CARLOS HENRIQUE FOCESI SAMPAIO,CARLOS SAMPAIO,PSDB,MASCULINO,SUPERIOR COMPLETO,DEPUTADO,APTO,ELEITO POR MÉDIA,59.0,1493548.45,2471662.21,2788458.85,98102.0,0.0,Maior estrutura financeira
250001725452,4507,FÁBIO NOVAIS MAGALHÃES,FÁBIO MAGALHÃES,PSDB,MASCULINO,SUPERIOR INCOMPLETO,EMPRESÁRIO,APTO,SUPLENTE,60.0,28340.25,11590.900000000001,0.0,177.0,0.0,Maior estrutura financeira
250001651200,4586,JOSÉ ANIBAL PERES DE PONTES,JOSÉ ANÍBAL,PSDB,MASCULINO,SUPERIOR COMPLETO,ECONOMISTA,APTO,SUPLENTE,75.0,1818478.03,2014833.3599999999,2044168.28,7692.0,0.0,Maior estrutura financeira
250001612138,4546,MARINA CORREIA DA SILVA,MARINA CORREIA,PSDB,FEMININO,SUPERIOR INCOMPLETO,COMERCIANTE,APTO,SUPLENTE,40.0,0.0,16590.9,5000.0,353.0,2.0,Estrutura financeira intermediária
250001620766,5108,EDVALDO DE OLIVEIRA PAULA,CASTELO ALEMÃO,PATRIOTA,MASCULINO,SUPERIOR COMPLETO,COMERCIANTE,APTO,NÃO ELEITO,44.0,0.0,18478.9,670.0,1133.0,2.0,Estrutura financeira intermediária
250001620756,5124,APARECIDA SOUZA LIBERALINO ALVES,IRMÃ CIDA,PATRIOTA,FEMININO,ENSINO MÉDIO COMPLETO,OUTROS,APTO,NÃO ELEITO,37.0,150000.0,53222.79,18316.0,238.0,0.0,Maior estrutura financeira
250001620772,5118,MARCELO RODRIGUES JUNIOR,MARCELO RODRIGUES,PATRIOTA,MASCULINO,ENSINO MÉDIO COMPLETO,EMPRESÁRIO,APTO,NÃO ELEITO,31.0,0.0,81673.9,60000.0,339.0,2.0,Estrutura financeira intermediária
250001620719,5190,LUIZ DE ALBUQUERQUE FERREIRA,TENENTE ALBUQUERQUE BUKA,PATRIOTA,MASCULINO,ENSINO MÉDIO COMPLETO,POLICIAL MILITAR,APTO,NÃO ELEITO,52.0,200700.0,128681.7,100000.0,1001.0,0.0,Maior estrutura financeira
250001620770,5141,HAROLDO LOUZADA DE MAGALHÃES VIANA,HAROLDO LOUZADA,PATRIOTA,MASCULINO,SUPERIOR INCOMPLETO,GERENTE,APTO,NÃO ELEITO,37.0,0.0,79308.9,46196.06,2697.0,2.0,Estrutura financeira intermediária
250001620715,5180,ADEVAR CAMPANA,ADEVAR CAMPANA,PATRIOTA,MASCULINO,ENSINO MÉDIO COMPLETO,EMPRESÁRIO,APTO,NÃO ELEITO,52.0,0.0,140641.6,99945.34,861.0,2.0,Estrutura financeira intermediária
250001620776,5138,ARMANDO INFANTI JUNIOR,ARMANDO INFANTI JR,PATRIOTA,MASCULINO,SUPERIOR INCOMPLETO,SERVIDOR PÚBLICO CIVIL APOSENTADO,APTO,NÃO ELEITO,69.0,595729.06,84016.15,70100.0,511.0,0.0,Maior estrutura financeira
250001620732,5110,MARCOS JULIANO FERREIRA,JULIANO DA CAMPESTRE,PATRIOTA,MASCULINO,ENSINO MÉDIO COMPLETO,EMPRESÁRIO,APTO,NÃO ELEITO,42.0,57706.79,275778.9,249844.81,21908.0,0.0,Maior estrutura financeira
250001620718,5112,JOSÉ ANTONIO DE GÓES FILHO,REVERENDO JOSÉ GÓES,PATRIOTA,MASCULINO,SUPERIOR COMPLETO,SACERDOTE OU MEMBRO DE ORDEM OU SEITA RELIGIOSA,APTO,NÃO ELEITO,42.0,6435.47,375413.9,403592.25,791.0,0.0,Maior estrutura financeira
250001620750,5101,TERESINHA DE CARVALHO,DELEGADA TERESINHA,PATRIOTA,FEMININO,SUPERIOR COMPLETO,SERVIDOR PÚBLICO CIVIL APOSENTADO,APTO,NÃO ELEITO,66.0,587246.0,667822.39,599975.8,3970.0,0.0,Maior estrutura financeira
250001610649,1319,PEDRO TOURINHO DE SIQUEIRA,PEDRO TOURINHO,PT,MASCULINO,SUPERIOR COMPLETO,MÉDICO,APTO,SUPLENTE,40.0,523067.52,1401717.87,1340499.86,74729.0,0.0,Maior estrutura financeira
250001610680,1300,POLLYANNA DO VALLE ATAGIBA,ATAGIBA,PT,FEMININO,SUPERIOR INCOMPLETO,DESENHISTA,APTO,SUPLENTE,33.0,0.0,90000.0,77087.73,20066.0,2.0,Estrutura financeira intermediária
250001610647,1311,MARTA DE SOUZA SOBRAL,MARTA SOBRAL COLETIVO ESPORTE,PT,FEMININO,ENSINO MÉDIO COMPLETO,EMPRESÁRIO,APTO,SUPLENTE,58.0,29000.0,66671.48,59843.34,13839.0,0.0,Maior estrutura financeira
250001610653,1347,JUVENAL DE AGUIAR PENTEADO NETO,PROFESSOR JUVENAL,PT,MASCULINO,SUPERIOR COMPLETO,SERVIDOR PÚBLICO CIVIL APOSENTADO,APTO,SUPLENTE,74.0,367525.55,92261.48,83414.0,4146.0,0.0,Maior estrutura financeira
250001606103,7788,AMANDA ROSA MARIA SILVA,ENFERMEIRA AMANDA MARIA,SOLIDARIEDADE,FEMININO,SUPERIOR COMPLETO,ENFERMEIRO,APTO,SUPLENTE,42.0,545000.0,58960.56,47626.86,1934.0,0.0,Maior estrutura financeira
250001606080,7706,EDSON FERREIRA PONTES,EDSON JASPION,SOLIDARIEDADE,MASCULINO,ENSINO MÉDIO COMPLETO,EMPRESÁRIO,APTO,SUPLENTE,47.0,354686.0,71148.4,49726.8,1195.0,0.0,Maior estrutura financeira
250001606060,7719,MARCELO HENRIQUE SILVA,SOLDADO MARCELO,SOLIDARIEDADE,MASCULINO,ENSINO MÉDIO COMPLETO,POLICIAL MILITAR,APTO,SUPLENTE,27.0,0.0,150874.4,138116.0,23324.0,2.0,Estrutura financeira intermediária
250001606095,7777,PAULO PEREIRA DA SILVA,PAULINHO DA FORÇA,SOLIDARIEDADE,MASCULINO,ENSINO FUNDAMENTAL COMPLETO,DEPUTADO,APTO,SUPLENTE,66.0,930500.0,1916278.07,1258772.76,64137.0,0.0,Maior estrutura financeira
250001606072,7789,ALINE CRISTINA DE SOUZA UBIDA,ALINE ASSISTENTE SOCIAL,SOLIDARIEDADE,FEMININO,SUPERIOR COMPLETO,ASSISTENTE SOCIAL,APTO,SUPLENTE,39.0,4496.87,285920.56,272999.84,3685.0,0.0,Maior estrutura financeira
250001606097,7792,MARIA HELOISA GOMES DA SILVA,HELO DA EMPATIA,SOLIDARIEDADE,FEMININO,SUPERIOR INCOMPLETO,ENFERMEIRO,APTO,SUPLENTE,50.0,0.0,47260.56,37991.4,302.0,2.0,Estrutura financeira intermediária
250001606094,7704,JOSE PAULINO DE SOUZA JUNIOR,ZÉ PAULINO,SOLIDARIEDADE,MASCULINO,ENSINO MÉDIO COMPLETO,EMPRESÁRIO,APTO,SUPLENTE,47.0,0.0,81868.4,67992.97,924.0,2.0,Estrutura financeira intermediária
250001606110,7772,REGINALDO ARAUJO SENA,REGINALDO SENA,SOLIDARIEDADE,MASCULINO,SUPERIOR COMPLETO,ADVOGADO,APTO,SUPLENTE,58.0,0.0,113385.47,104676.14,1022.0,2.0,Estrutura financeira intermediária
250001643717,1245,DIJAIR DE JESUS ALMEIDA,DIJAIR,PDT,MASCULINO,ENSINO MÉDIO COMPLETO,DIGITADOR,APTO,NÃO ELEITO,65.0,0.0,20000.0,20000.0,1847.0,2.0,Estrutura financeira intermediária
250001643757,1297,GLAUCE KELLY DOS SANTOS ADÃO LIMA,GLAUCE LIMA,PDT,FEMININO,ENSINO MÉDIO COMPLETO,ADMINISTRADOR,APTO,NÃO ELEITO,55.0,0.0,50000.0,49811.75,109.0,2.0,Estrutura financeira intermediária
250001643746,1220,GILVANDRO JOSÉ ALVES DE OLIVEIRA FILHO,GILVANDRO,PDT,MASCULINO,SUPERIOR COMPLETO,JORNALISTA E REDATOR,APTO,NÃO ELEITO,46.0,0.0,33000.0,19429.82,1032.0,2.0,Estrutura financeira intermediária
250001643724,1269,MARTA DIAS FELIX,MARTA DIAS,PDT,FEMININO,SUPERIOR COMPLETO,ADVOGADO,APTO,NÃO ELEITO,43.0,645000.0,14500.0,9986.41,313.0,0.0,Maior estrutura financeira
250001643754,1227,MÁRIO ALVES DA SILVA FILHO,CORONEL MARIO FILHO,PDT,MASCULINO,SUPERIOR COMPLETO,POLICIAL MILITAR,APTO,NÃO ELEITO,55.0,0.0,100000.0,61031.0,1563.0,2.0,Estrutura financeira intermediária
250001643752,1209,LUCINEIA FERREIRA SANTOS COSTA,NEIA COSTA,PDT,FEMININO,ENSINO FUNDAMENTAL INCOMPLETO,DONA DE CASA,APTO,NÃO ELEITO,46.0,0.0,35100.0,35053.0,1503.0,2.0,Estrutura financeira intermediária
250001643726,1213,PEDRO MAURÍCIO PEREIRA,PEDRINHO DO GÁS,PDT,MASCULINO,ENSINO FUNDAMENTAL INCOMPLETO,MOTORISTA DE VEÍCULOS DE TRANSPORTE DE CARGA,APTO,NÃO ELEITO,54.0,0.0,10000.0,10000.0,1957.0,2.0,Estrutura financeira intermediária
250001643725,1255,MÔNICA DE OLIVEIRA LOURENÇO VELOSO,MÔNICA VELOSO,PDT,FEMININO,SUPERIOR COMPLETO,TRABALHADOR METALÚRGICO E SIDERÚRGICO,APTO,NÃO ELEITO,54.0,0.0,401381.18,410175.28,11546.0,2.0,Estrutura financeira intermediária
250001643727,1299,RAFAEL ANTONIO DE SOUZA,RAFAEL PUTOVISKY,PDT,MASCULINO,SUPERIOR COMPLETO,PUBLICITÁRIO,APTO,NÃO ELEITO,44.0,480000.0,20252.989999999998,20252.989999999998,977.0,0.0,Maior estrutura financeira
250001643751,1212,MARIA GIOVANA LUCHIARI PISONI DUARTE FORTUNATO,MARIA GIOVANA,PDT,FEMININO,SUPERIOR COMPLETO,EMPRESÁRIO,APTO,NÃO ELEITO,30.0,2811823.68,1783025.41,1774737.83,32932.0,0.0,Maior estrutura financeira
250001604829,1406,JOARLEY MOISES ALVES DOS SANTOS,MOISES PATRIA E DEFESA,PTB,MASCULINO,SUPERIOR INCOMPLETO,EMPRESÁRIO,APTO,NÃO ELEITO,48.0,13302223.84,15142.3,3.3,5605.0,0.0,Maior estrutura financeira
250001604842,1404,SILVIO ROMERO DE MAGALHAES LEITE,CORONEL MAGALHAES,PTB,MASCULINO,SUPERIOR COMPLETO,PRODUTOR AGROPECUÁRIO,APTO,NÃO ELEITO,63.0,3659099.06,37500.0,6000.0,1442.0,0.0,Maior estrutura financeira
250001604832,1445,FERNANDO FERRARI MERIGLI,FERNANDO FERRARI,PTB,MASCULINO,ENSINO FUNDAMENTAL COMPLETO,INDUSTRIAL,APTO,NÃO ELEITO,47.0,139836.83,15000.0,14550.0,1631.0,0.0,Maior estrutura financeira
250001604825,1416,FLAVIANE MENESES AQUINO,ANNE DO ACARAJE,PTB,FEMININO,ENSINO MÉDIO COMPLETO,EMPRESÁRIO,APTO,NÃO ELEITO,43.0,0.0,110000.0,110000.0,1059.0,2.0,Estrutura financeira intermediária
250001604812,1466,DENILSON MIOTTO,DOUTOR MIOTTO,PTB,MASCULINO,SUPERIOR COMPLETO,APOSENTADO (EXCETO SERVIDOR PÚBLICO),APTO,NÃO ELEITO,52.0,0.0,50021.95,50021.95,575.0,2.0,Estrutura financeira intermediária
250001604869,1426,MARIA JOSE DE SOUZA,MARIA JOSE,PTB,FEMININO,ENSINO MÉDIO COMPLETO,OUTROS,APTO,NÃO ELEITO,56.0,0.0,35000.0,35000.0,380.0,2.0,Estrutura financeira intermediária
250001604827,1477,EDUARDO COSENTINO DA CUNHA,EDUARDO CUNHA,PTB,MASCULINO,SUPERIOR COMPLETO,ECONOMISTA,APTO,NÃO ELEITO,64.0,14106214.01,2170878.49,2170841.34,5044.0,0.0,Maior estrutura financeira
250001731880,1446,MARCOS ROBERTO DOS SANTOS,MARCÃO DO POVO,PTB,MASCULINO,ENSINO MÉDIO COMPLETO,EMPRESÁRIO,APTO,NÃO ELEITO,51.0,5125000.0,10000.0,0.0,98.0,0.0,Maior estrutura financeira
250001604826,1454,BRUNO MADEIRA DE CARVALHO,BRUNO MADEIRA,PTB,MASCULINO,ENSINO MÉDIO COMPLETO,EMPRESÁRIO,APTO,NÃO ELEITO,56.0,637911.62,20650.0,20650.0,1581.0,0.0,Maior estrutura financeira
250001604879,1433,RAFAEL ALBANEZ,ALBANEZ CERATOCONE,PTB,MASCULINO,SUPERIOR COMPLETO,ADMINISTRADOR,APTO,NÃO ELEITO,38.0,213412.43,25946.690000000002,25865.66,1429.0,0.0,Maior estrutura financeira
250001604833,1450,RUBENS NUSQUE JUNIOR,CORONEL NUSQUE,PTB,MASCULINO,SUPERIOR COMPLETO,MILITAR REFORMADO,APTO,NÃO ELEITO,56.0,570458.56,77250.0,76399.78,3750.0,0.0,Maior estrutura financeira
250001604844,1411,JURANDIR PEREIRA ALENCAR,JURANDYR ALENCAR,PTB,MASCULINO,ENSINO MÉDIO COMPLETO,EMPRESÁRIO,APTO,NÃO ELEITO,60.0,0.0,25000.0,25000.0,740.0,2.0,Estrutura financeira intermediária
250001611982,1129,IGOR COIMBRA MANHANI,IGOR COIMBRA MANHANI,PP,MASCULINO,SUPERIOR INCOMPLETO,EMPRESÁRIO,APTO,SUPLENTE,27.0,69977.15,81049.65,75199.65,2684.0,0.0,Maior estrutura financeira
250001611961,1162,GILMARA VANZO CRISTÃO,GILMARA VANZO,PP,FEMININO,ENSINO MÉDIO COMPLETO,TAXISTA,APTO,SUPLENTE,47.0,764000.0,125000.0,124999.86,319.0,0.0,Maior estrutura financeira
250001612005,1141,DIEGO ARAUJO AGIANI,DIEGO DI,PP,MASCULINO,SUPERIOR INCOMPLETO,EMPRESÁRIO,APTO,SUPLENTE,40.0,1335000.0,2000.0,0.0,2604.0,0.0,Maior estrutura financeira
250001611996,1107,SAMUEL VITOR PEREIRA BERNARDI,CABO SAMUEL,PP,MASCULINO,ENSINO MÉDIO COMPLETO,POLICIAL MILITAR,APTO,SUPLENTE,42.0,71802.76000000001,49406.31,49406.31,7262.0,0.0,Maior estrutura financeira
250001611964,1133,BIANCA COLEPICOLO,BIANCA,PP,FEMININO,SUPERIOR COMPLETO,VETERINÁRIO,APTO,SUPLENTE,42.0,160946.65,305406.0,303530.89,3380.0,0.0,Maior estrutura financeira
250001612003,1132,CRISTINA APARECIDA DOS SANTOS FERNANDES,CRISTINA DO PERECA,PP,FEMININO,SUPERIOR COMPLETO,PROFESSOR DE ENSINO FUNDAMENTAL,APTO,SUPLENTE,47.0,32505.33,50000.0,48447.52,1427.0,0.0,Maior estrutura financeira
250001611997,1131,SIMONE LOPES BETINI,SIMONE BETINI,PP,FEMININO,ENSINO MÉDIO COMPLETO,COMERCIANTE,APTO,SUPLENTE,50.0,600384.0,235715.0,235709.02,3931.0,0.0,Maior estrutura financeira
250001611977,1146,EDILENE OLIVEIRA ANDRADE,LENE ANDRADE,PP,FEMININO,ENSINO MÉDIO COMPLETO,OUTROS,APTO,SUPLENTE,40.0,0.0,0.0,0.0,68.0,1.0,Baixa movimentação financeira
250001612015,1121,JOSÉ ROBERTO APOLARI,DR APOLARI,PP,MASCULINO,SUPERIOR COMPLETO,ADVOGADO,APTO,SUPLENTE,57.0,1601139.67,50000.0,122198.0,3744.0,0.0,Maior estrutura financeira
250001611968,1157,CLEBER DA ROSA MOREIRA,CLEBER GAUCHO,PP,MASCULINO,ENSINO MÉDIO COMPLETO,EMPRESÁRIO,APTO,SUPLENTE,56.0,25.39,25500.0,24535.0,5119.0,2.0,Estrutura financeira intermediária
250001612014,1108,JOSÉ MARIO YAMASHITA,MORI YAMASHITA,PP,MASCULINO,SUPERIOR COMPLETO,ECONOMISTA,APTO,SUPLENTE,72.0,1960904.21,14113.2,14113.2,619.0,0.0,Maior estrutura financeira
250001611956,1199,EDICARLOS VIEIRA,EDICARLOS VIEIRA,PP,MASCULINO,SUPERIOR COMPLETO,OUTROS,APTO,SUPLENTE,43.0,379248.35000000003,303811.0,301605.6,14841.0,0.0,Maior estrutura financeira
250001612017,1180,MANOEL EDUARDO PEREIRA DA CRUZ PALOMINO,MANÉ PALOMINO,PP,MASCULINO,SUPERIOR COMPLETO,SERVIDOR PÚBLICO MUNICIPAL,APTO,SUPLENTE,42.0,154308.68,22690.0,22522.7,4304.0,0.0,Maior estrutura financeira
250001611988,1165,MARCOS ROBERTO VICENTE,KINHO DA ESTRADA,PP,MASCULINO,ENSINO FUNDAMENTAL INCOMPLETO,MOTORISTA PARTICULAR,APTO,SUPLENTE,52.0,0.0,0.0,0.0,2119.0,1.0,Baixa movimentação financeira
250001612024,1103,ROGERIA MARIA DE FREITAS,ROGERIA FREITAS,PP,FEMININO,ENSINO FUNDAMENTAL COMPLETO,DONA DE CASA,APTO,SUPLENTE,42.0,0.0,50000.0,50000.0,199.0,2.0,Estrutura financeira intermediária
250001597671,3030,ADRIANA MIGUEL VENTURA,ADRIANA VENTURA,NOVO,FEMININO,SUPERIOR COMPLETO,PROFESSOR DE ENSINO SUPERIOR,APTO,ELEITO POR QP,53.0,1203188.79,1035848.51,958057.59,109474.0,0.0,Maior estrutura financeira
250001597687,3035,SUELEN DE SOUZA LAZARINI,SUELEN LAZARINI,NOVO,FEMININO,ENSINO MÉDIO COMPLETO,AUXILIAR DE ESCRITÓRIO E ASSEMELHADOS,APTO,SUPLENTE,35.0,0.0,1326.5300000000002,2.55,309.0,2.0,Estrutura financeira intermediária
250001597663,3058,RENATO MOTTA BICUDO GUIMARÃES E SILVA,RENATO BICUDO,NOVO,MASCULINO,SUPERIOR COMPLETO,AGRÔNOMO,APTO,SUPLENTE,63.0,4372852.61,12574.03,11330.16,497.0,0.0,Maior estrutura financeira
250001597705,3070,DOUGLAS YUGI KOGA,DR. DOUGLAS KOGA,NOVO,MASCULINO,SUPERIOR COMPLETO,MÉDICO,APTO,SUPLENTE,50.0,2160200.0,29116.67,27827.309999999998,5124.0,0.0,Maior estrutura financeira
250001597690,3066,JÚLIO CÉSAR GUIDETTE LUCANTE SALDANHA,JÚLIO SALDANHA,NOVO,MASCULINO,SUPERIOR COMPLETO,OUTROS,APTO,SUPLENTE,33.0,0.0,2241.53,0.0,139.0,2.0,Estrutura financeira intermediária
250001597685,3068,DANILO DA CUNHA BARBOSA,DANILO DA CUNHA,NOVO,MASCULINO,SUPERIOR COMPLETO,EMPRESÁRIO,APTO,SUPLENTE,54.0,2622389.72,3911.53,2669.33,279.0,0.0,Maior estrutura financeira
250001597688,3051,WALTER FERNANDES DA SILVA,WALTER FERNANDES,NOVO,MASCULINO,SUPERIOR COMPLETO,APOSENTADO (EXCETO SERVIDOR PÚBLICO),APTO,SUPLENTE,60.0,2019309.3800000001,63936.53,62692.170000000006,1032.0,0.0,Maior estrutura financeira
250001604977,5582,JORGE CORRÊA DE ARAUJO,JORGE CORRÊA,PSD,MASCULINO,SUPERIOR COMPLETO,SERVIDOR PÚBLICO ESTADUAL,APTO,SUPLENTE,63.0,1238945.0,11256.41,1000.0,418.0,0.0,Maior estrutura financeira
250001604961,5530,FLÁVIO AUGUSTO DA SILVA,FLAVINHO,PSD,MASCULINO,ENSINO FUNDAMENTAL COMPLETO,MÚSICO,APTO,SUPLENTE,50.0,0.0,444706.41000000003,397311.1,31657.0,2.0,Estrutura financeira intermediária
250001604983,5521,RICARDO MITSUO NAKAGAWA,DR RICARDO,PSD,MASCULINO,SUPERIOR COMPLETO,MÉDICO,APTO,SUPLENTE,50.0,8936233.0,432686.81,419743.83,12645.0,0.0,Maior estrutura financeira
250001604954,5534,VALDINEI MARCELINO LIMA,VALDINEI NEGÃO,PSD,MASCULINO,ENSINO MÉDIO COMPLETO,JARDINEIRO,APTO,SUPLENTE,40.0,100000.0,60947.41,50665.6,485.0,0.0,Maior estrutura financeira
250001604949,5510,BRUNO SCAFFIDI,BRUNO SCAFFIDI,PSD,MASCULINO,SUPERIOR COMPLETO,EMPRESÁRIO,APTO,SUPLENTE,40.0,147390.0,150256.41,140000.0,2998.0,0.0,Maior estrutura financeira
250001604975,5529,FERNANDA FERREIRA DE ARAÚJO,FERNANDA ARAÚJO,PSD,FEMININO,SUPERIOR COMPLETO,EMPRESÁRIO,APTO,SUPLENTE,24.0,5000.0,76256.41,65952.45,202.0,0.0,Maior estrutura financeira
250001611851,1085,VINICIUS RAPOZO DE CARVALHO,VINICIUS CARVALHO,REPUBLICANOS,MASCULINO,SUPERIOR COMPLETO,DEPUTADO,APTO,ELEITO POR QP,56.0,2583596.76,1627135.0,1605942.21,113009.0,0.0,Maior estrutura financeira
250001611885,1069,BARBARA HUYARA DE OLIVEIRA VICTORIANO KOGOS,BARBARA KOGOS,REPUBLICANOS,FEMININO,SUPERIOR COMPLETO,EMPRESÁRIO,APTO,SUPLENTE,40.0,40000.0,223628.1,197000.5,789.0,0.0,Maior estrutura financeira
250001611892,1011,RICARDO IZAR JUNIOR,RICARDO IZAR,REPUBLICANOS,MASCULINO,SUPERIOR COMPLETO,ECONOMISTA,APTO,SUPLENTE,54.0,4939626.48,1870839.0,1860111.85,70142.0,0.0,Maior estrutura financeira
250001611893,1099,ROBERTO ALVES DE LUCENA,ROBERTO DE LUCENA,REPUBLICANOS,MASCULINO,SUPERIOR COMPLETO,DEPUTADO,APTO,SUPLENTE,56.0,280744.87,2041350.0,2031647.41,69341.0,0.0,Maior estrutura financeira
250001611884,1041,ANDRÉIA ALVES DO AMARAL,ANDRÉIA AMARAL,REPUBLICANOS,FEMININO,SUPERIOR COMPLETO,PROFESSOR DE ENSINO DE PRIMEIRO E SEGUNDO GRAUS,APTO,SUPLENTE,51.0,40318.0,58420.0,49845.35,578.0,0.0,Maior estrutura financeira
250001611855,1030,PAULO EDUARDO SEADE SERRA,DR. PAULO SERRA,REPUBLICANOS,MASCULINO,SUPERIOR COMPLETO,MÉDICO,APTO,SUPLENTE,59.0,3537936.54,92128.0,91130.0,5826.0,0.0,Maior estrutura financeira
250001611895,1026,ADILSON DA SILVA ROZA FILHO,JUNIOR BILL,REPUBLICANOS,MASCULINO,SUPERIOR COMPLETO,EMPRESÁRIO,APTO,SUPLENTE,62.0,1106375.0,41663.2,39969.65,143.0,0.0,Maior estrutura financeira
250001611899,1070,DOUGLAS GARCIA BISPO DOS SANTOS,DOUGLAS GARCIA,REPUBLICANOS,MASCULINO,ENSINO MÉDIO COMPLETO,DEPUTADO,APTO,SUPLENTE,28.0,0.0,716766.0,691193.2,24549.0,2.0,Estrutura financeira intermediária
250001611890,1034,MARIA APARECIDA FIRMINO,CIDINHA FIRMINO,REPUBLICANOS,FEMININO,SUPERIOR COMPLETO,ASSISTENTE SOCIAL,APTO,SUPLENTE,53.0,133000.0,86500.0,74165.79,718.0,0.0,Maior estrutura financeira
250001677902,9037,GERALNICE ALVES TEIXEIRA,DRA NICE MENDES,PROS,FEMININO,SUPERIOR COMPLETO,ADVOGADO,APTO,NÃO ELEITO,73.0,0.0,0.0,0.0,70.0,1.0,Baixa movimentação financeira
250001677885,9012,SERGIO ZULMIRO LITHOLDO,LITHOLDO,PROS,MASCULINO,SUPERIOR COMPLETO,EMPRESÁRIO,APTO,NÃO ELEITO,72.0,298600.0,111500.0,100000.0,1681.0,0.0,Maior estrutura financeira
250001677927,9099,HOMERO DE GIORGE CERQUEIRA,CORONEL HOMERO,PROS,MASCULINO,SUPERIOR COMPLETO,MILITAR REFORMADO,APTO,NÃO ELEITO,56.0,4228700.0,750000.0,749962.95,893.0,0.0,Maior estrutura financeira
250001677875,9008,MARIA RACHEL OLIVEIRA BONFIM,PROFESSORA RACHEL,PROS,FEMININO,SUPERIOR COMPLETO,PEDAGOGO,APTO,NÃO ELEITO,43.0,0.0,25000.0,24961.0,65.0,2.0,Estrutura financeira intermediária
250001677914,9007,MATHEUS GARCIA MOREIRA,MATHEUS GARCIA,PROS,MASCULINO,SUPERIOR COMPLETO,RECEPCIONISTA,APTO,NÃO ELEITO,24.0,7500.0,3462.8,3462.8,210.0,2.0,Estrutura financeira intermediária
250001635940,3500,VERGINIA ALVES PEREIRA,VIRGÍNIA ALVES,PMB,FEMININO,SUPERIOR COMPLETO,EMPRESÁRIO,APTO,NÃO ELEITO,58.0,62204.0,0.0,0.0,689.0,1.0,Baixa movimentação financeira
250001635949,3511,MIRIAN LEE,DRA. LEE,PMB,FEMININO,SUPERIOR COMPLETO,VETERINÁRIO,APTO,NÃO ELEITO,39.0,571683.0,7600.0,7600.0,552.0,0.0,Maior estrutura financeira
250001635943,3553,ISABEL ALINE ROSA,ARLEQUINA COSPLAY,PMB,FEMININO,ENSINO MÉDIO COMPLETO,OUTROS,APTO,NÃO ELEITO,36.0,0.0,460.0,456.0,107.0,2.0,Estrutura financeira intermediária
250001635944,3533,JONAS DE CASTRO DIAS,JONAS DE CASTRO CIDADE ADEMAR,PMB,MASCULINO,SUPERIOR COMPLETO,"CORRETOR DE IMÓVEIS, SEGUROS, TÍTULOS E VALORES",APTO,NÃO ELEITO,57.0,350000.0,0.0,0.0,664.0,1.0,Baixa movimentação financeira
250001613808,5060,ANTONIO FRANCISCO DA SILVA ARAUJO,FRANCISCO MARANHÃO E CIA,PSOL,MASCULINO,ENSINO FUNDAMENTAL COMPLETO,VENDEDOR DE COMÉRCIO VAREJISTA E ATACADISTA,INAPTO,NÃO ELEITO,54.0,0.0,159642.9,150150.2,946.0,2.0,Estrutura financeira intermediária
250001715899,2824,JESSICA PASCOAL ALVES,JESSICA PASCOAL,PRTB,FEMININO,ENSINO MÉDIO COMPLETO,OUTROS,APTO,NÃO ELEITO,29.0,78000.0,2822.09,0.0,128.0,0.0,Maior estrutura financeira
250001715868,2852,PAULO ROBERTO ROSENO JUNIOR,SARGENTO ROSENO,PRTB,MASCULINO,SUPERIOR COMPLETO,ADVOGADO,APTO,NÃO ELEITO,58.0,1.0,17822.09,15000.0,559.0,2.0,Estrutura financeira intermediária
250001715858,2886,ANDERSON GOMES DE CAMPOS,ANDERSON AMEM,PRTB,MASCULINO,SUPERIOR COMPLETO,EMPRESÁRIO,APTO,NÃO ELEITO,37.0,0.01,2822.09,0.0,251.0,2.0,Estrutura financeira intermediária
250001602025,4418,MANOEL DAVID KORN DE CARVALHO,MANOEL DAVID KORN DE CARVALHO,UNIÃO,MASCULINO,SUPERIOR COMPLETO,ADMINISTRADOR,INAPTO,NÃO ELEITO,37.0,775817.32,210422.27,294815.62,2171.0,0.0,Maior estrutura financeira
250001602063,4420,SILVIO FELIX DA SILVA,SILVIO FÉLIX,UNIÃO,MASCULINO,SUPERIOR COMPLETO,OUTROS,INAPTO,NÃO ELEITO,58.0,2188689.13,921141.73,913046.53,9345.0,0.0,Maior estrutura financeira
250001715865,2899,LEILSON CASTRO DOS SANTOS,LEILSON CASTRO,PRTB,MASCULINO,SUPERIOR COMPLETO,COMERCIANTE,APTO,NÃO ELEITO,45.0,1.0,2822.09,0.0,183.0,2.0,Estrutura financeira intermediária
250001715861,2865,MARIA AUXILIADORA DE SOUSA,DRA LIA SOUSA,PRTB,FEMININO,SUPERIOR COMPLETO,ADVOGADO,APTO,NÃO ELEITO,62.0,1.0,5864.47,3892.38,197.0,2.0,Estrutura financeira intermediária
250001715905,2870,RENATO KOGA CERQUEIRA,DR. RENATO KOGA,PRTB,MASCULINO,SUPERIOR COMPLETO,OUTROS,APTO,NÃO ELEITO,47.0,0.01,4000.0,4000.0,539.0,2.0,Estrutura financeira intermediária
250001715838,2817,ELIZA MURATORI DE SOUZA,ELIZA MURATORI,PRTB,FEMININO,ENSINO MÉDIO COMPLETO,ESCRITOR E CRÍTICO,APTO,NÃO ELEITO,66.0,0.0,2822.09,850.0,131.0,2.0,Estrutura financeira intermediária
250001611231,1577,JORGE LUIS LEPINSK,PEPO LEPINSK,MDB,MASCULINO,SUPERIOR INCOMPLETO,VEREADOR,INAPTO,NÃO ELEITO,52.0,50532.96,307054.06,303676.35,8092.0,0.0,Maior estrutura financeira
250001738806,1479,FRANCISCO DE ASSIS DA SILVA,CHICÃO DA SILVA,PTB,MASCULINO,ENSINO MÉDIO COMPLETO,EMPRESÁRIO,INAPTO,NÃO ELEITO,58.0,142398.46000000002,5000.0,6000.0,587.0,0.0,Maior estrutura financeira
250001611960,1153,GEOVANIA DE SOUSA OLIVEIRA QUEIROZ,GEOVANIA QUEIROZ,PP,FEMININO,SUPERIOR INCOMPLETO,OUTROS,INAPTO,NÃO ELEITO,54.0,0.0,25000.0,24959.0,322.0,2.0,Estrutura financeira intermediária
250001677899,9095,JOÃO GOMES DE ALMEIDA,DALVAN,PROS,MASCULINO,SUPERIOR COMPLETO,CANTOR E COMPOSITOR,INAPTO,NÃO ELEITO,70.0,0.0,90.95,0.0,,1.0,Baixa movimentação financeira
250001611971,1166,ALBERT GAUSS,GAUSS ALBERT,PP,MASCULINO,SUPERIOR COMPLETO,PUBLICITÁRIO,INAPTO,NÃO ELEITO,63.0,0.0,0.0,0.0,,1.0,Baixa movimentação financeira
250001597711,3069,JARBAS EMÍLIO DE MORAES NETO,JARBAS DE MORAES,NOVO,MASCULINO,SUPERIOR COMPLETO,MÉDICO,INAPTO,NÃO ELEITO,41.0,620000.0,1241.5300000000002,0.0,,0.0,Maior estrutura financeira
250001723654,2200,JONES DOS SANTOS SILVA,JONES SILVA,PL,MASCULINO,ENSINO FUNDAMENTAL INCOMPLETO,OUTROS,INAPTO,#NULO,57.0,200000.0,0.0,0.0,,1.0,Baixa movimentação financeira
250001620292,4044,FELIPE GUIMARÃES DE ARAÚJO COSTA,FELIPE SOROCABA,PSB,MASCULINO,SUPERIOR INCOMPLETO,ADMINISTRADOR,INAPTO,#NULO,46.0,1275847.29,0.0,0.0,,1.0,Baixa movimentação financeira
250001620263,4093,JOÃO AFONSO SOLIS,JANGO,PSB,MASCULINO,SUPERIOR COMPLETO,ADVOGADO,INAPTO,#NULO,66.0,120000.0,49796.36,39013.9,,0.0,Maior estrutura financeira
250001695289,2707,ROBSON ALMEIDA VENTURA,JOÃO BARZEL,DC,MASCULINO,SUPERIOR COMPLETO,EMPRESÁRIO,INAPTO,#NULO,42.0,0.0,10261.75,0.0,,2.0,Estrutura financeira intermediária
250001622088,7073,ODAIR JOSÉ DE JESUS,PROF DE JIU JTSU ODAIR JESUS,AVANTE,MASCULINO,SUPERIOR INCOMPLETO,EMPRESÁRIO,INAPTO,#NULO,51.0,100000.0,0.0,0.0,,1.0,Baixa movimentação financeira
250001622076,7018,RONEY CARLOS CARDOSO,RONEY CARDOSO,AVANTE,MASCULINO,SUPERIOR COMPLETO,ADMINISTRADOR,INAPTO,#NULO,38.0,0.0,0.0,0.0,,1.0,Baixa movimentação financeira
250001604870,1419,LUCIO DIAS DE OLIVEIRA,LUCIO DIAS,PTB,MASCULINO,SUPERIOR COMPLETO,OUTROS,INAPTO,#NULO,49.0,13000.0,0.0,0.0,,1.0,Baixa movimentação financeira
250001611314,2204,SERGIO NASCIMENTO DE CAMARGO,SERGIO CAMARGO,PL,MASCULINO,SUPERIOR COMPLETO,OUTROS,APTO,SUPLENTE,57.0,69000.0,516340.63,838902.4199999999,13085.0,0.0,Maior estrutura financeira
250001611309,2269,LILIANE GONÇALVES VENTURA LOPES,LILIANE VENTURA,PL,FEMININO,SUPERIOR COMPLETO,JORNALISTA E REDATOR,APTO,SUPLENTE,53.0,3070000.0,509022.27,352956.0,8193.0,0.0,Maior estrutura financeira
250001611354,2282,ANDERSON CAVANHA,BRUXÃO CAVANHA,PL,MASCULINO,SUPERIOR COMPLETO,VEREADOR,APTO,SUPLENTE,46.0,502912.83999999997,330973.97,330000.0,17193.0,0.0,Maior estrutura financeira
250001611345,2244,LUIZ CARLOS MOTTA,MOTTA,PL,MASCULINO,SUPERIOR COMPLETO,DEPUTADO,APTO,ELEITO POR QP,63.0,1353080.72,1093496.39,1086383.81,104701.0,0.0,Maior estrutura financeira
250001611353,2272,ANA SILVIA GOES DE SOUZA,PASTORA ANA,PL,FEMININO,SUPERIOR INCOMPLETO,OUTROS,APTO,SUPLENTE,42.0,124500.0,220172.19,187207.84,4218.0,0.0,Maior estrutura financeira
250001611328,2241,JOSÉ OLIMPIO SILVEIRA MORAES,MISSIONÁRIO JOSÉ OLÍMPIO,PL,MASCULINO,SUPERIOR COMPLETO,VEREADOR,APTO,SUPLENTE,65.0,331596.0,520840.63,498540.2,61938.0,0.0,Maior estrutura financeira
250001611325,2216,ROSALINA SONIA DOS SANTOS,ROSA DA AMBULÂNCIA,PL,FEMININO,ENSINO MÉDIO COMPLETO,SERVIDOR PÚBLICO MUNICIPAL,APTO,SUPLENTE,55.0,214706.97,109933.38,99857.4,2143.0,0.0,Maior estrutura financeira
250001611372,2262,CATIA NUNES DE ABREU,PROFESSORA CATIA ABREU,PL,FEMININO,SUPERIOR COMPLETO,PROFESSOR DE ENSINO FUNDAMENTAL,APTO,SUPLENTE,42.0,24000.0,39933.38,30000.0,1914.0,0.0,Maior estrutura financeira
250001611305,2220,DANILO SILVEIRA RAMOS,DANILO RAMOS,PL,MASCULINO,SUPERIOR INCOMPLETO,EMPRESÁRIO,APTO,SUPLENTE,35.0,120000.0,755190.63,701547.98,46745.0,0.0,Maior estrutura financeira
250001613772,5001,RAUL CAMPOS NASCIMENTO,RAUL PRÓ GUARULHOS,PSOL,MASCULINO,SUPERIOR INCOMPLETO,OUTROS,APTO,SUPLENTE,36.0,0.0,166197.74000000002,146782.28,1929.0,2.0,Estrutura financeira intermediária
250001613815,1805,ANDERSON SEVERIANO GOMES,ANDERSON SEVERIANO,REDE,MASCULINO,SUPERIOR COMPLETO,DIRETOR DE ESTABELECIMENTO DE ENSINO,APTO,SUPLENTE,48.0,0.0,70600.0,70000.0,2041.0,2.0,Estrutura financeira intermediária
250001613763,5025,LUCILIO FERREIRA DA SILVA,DR. LUCÍLIO,PSOL,MASCULINO,SUPERIOR COMPLETO,FARMACÊUTICO,APTO,SUPLENTE,52.0,2373001.0,11575.15,11575.15,961.0,0.0,Maior estrutura financeira
250001613794,5013,FABIO JOSÉ RODRIGUES DE MELLO,FABIO MELLO,PSOL,MASCULINO,ENSINO MÉDIO COMPLETO,OUTROS,APTO,SUPLENTE,47.0,775287.95,184820.74,165254.48,8352.0,0.0,Maior estrutura financeira
250001613775,5009,ALICE RIBEIRO CORDEIRO DE BARROS,ALICE RIBEIRO,PSOL,FEMININO,ENSINO MÉDIO COMPLETO,"ESTUDANTE, BOLSISTA, ESTAGIÁRIO E ASSEMELHADOS",APTO,SUPLENTE,27.0,0.0,198999.96,198999.96,484.0,2.0,Estrutura financeira intermediária
250001613795,5033,VLADIMIR PINHEIRO SAFATLE,VLADIMIR SAFATLE,PSOL,MASCULINO,SUPERIOR COMPLETO,PROFESSOR DE ENSINO SUPERIOR,APTO,SUPLENTE,49.0,617207.8,279750.74,276750.74,17644.0,0.0,Maior estrutura financeira
250001613812,5044,FLAVIO CASIMIRO DE SOUSA,FLÁVIO CASIMIRO,PSOL,MASCULINO,SUPERIOR COMPLETO,HISTORIADOR,APTO,SUPLENTE,41.0,0.0,416167.73,416167.7,1511.0,2.0,Estrutura financeira intermediária
250001613792,5088,SÔNIA BONE DE SOUSA SILVA SANTOS,SÔNIA GUAJAJARA,PSOL,FEMININO,SUPERIOR COMPLETO,ADMINISTRADOR,APTO,ELEITO POR QP,48.0,105115.2,1340644.05,1337949.85,156966.0,0.0,Maior estrutura financeira
250001613781,5051,MARIA APARECIDA FAUSTINO FERNANDES,CIDA FAUSTINO,PSOL,FEMININO,SUPERIOR COMPLETO,OUTROS,APTO,SUPLENTE,54.0,0.0,190347.79,190347.79,872.0,2.0,Estrutura financeira intermediária
250001613774,5042,RAFAEL PACHECO ALQUEZAR,SANTO LEGALIZA,PSOL,MASCULINO,ENSINO MÉDIO COMPLETO,OUTROS,APTO,SUPLENTE,38.0,0.0,154302.9,154302.9,5446.0,2.0,Estrutura financeira intermediária
250001613806,5077,WALTECY ALVES DOS SANTOS,WALTECY,PSOL,MASCULINO,SUPERIOR COMPLETO,PROFESSOR DE ENSINO MÉDIO,APTO,SUPLENTE,49.0,0.0,241869.63999999998,93114.42,1635.0,2.0,Estrutura financeira intermediária
250001613762,5000,SÂMIA DE SOUZA BOMFIM,SÂMIA BOMFIM,PSOL,FEMININO,SUPERIOR COMPLETO,DEPUTADO,APTO,ELEITO POR QP,33.0,245814.5,2013710.66,2003954.27,226187.0,0.0,Maior estrutura financeira
250001613776,5037,SUELI ALVES,SUELI - LUTA EM MOVIMENTO,PSOL,FEMININO,ENSINO MÉDIO COMPLETO,PROFESSOR DE ENSINO FUNDAMENTAL,APTO,SUPLENTE,47.0,2730.36,22094.28,6890.11,2000.0,0.0,Maior estrutura financeira
250001613810,5099,PAULA APARECIDA CARVALHO,PROF PAULA APARECIDA,PSOL,FEMININO,SUPERIOR COMPLETO,ADMINISTRADOR,APTO,SUPLENTE,37.0,145690.0,30926.42,23426.41,1852.0,0.0,Maior estrutura financeira
250001613818,1818,MARIA OSMARINA MARINA DA SILVA VAZ DE LIMA,MARINA SILVA,REDE,FEMININO,SUPERIOR COMPLETO,HISTORIADOR,APTO,ELEITO POR QP,64.0,120945.41,2923182.52,2833030.73,237526.0,0.0,Maior estrutura financeira
250001613819,1808,JERUSA JANUÁRIA DA SILVA,JERUSA SILVA,REDE,FEMININO,ENSINO MÉDIO COMPLETO,OUTROS,APTO,SUPLENTE,48.0,81000.0,15470.0,0.0,340.0,0.0,Maior estrutura financeira
250001610303,1939,RICARDO LIMA BRAGA SANTISTEVAN,PASTOR RICARDO BRAGA,PODE,MASCULINO,ENSINO MÉDIO COMPLETO,EMPRESÁRIO,APTO,SUPLENTE,56.0,840000.0,200000.0,199420.0,1436.0,0.0,Maior estrutura financeira
250001610301,1955,APARECIDO BARBOSA DA SILVA,CIDO BARBOZA,PODE,MASCULINO,SUPERIOR COMPLETO,EMPRESÁRIO,APTO,SUPLENTE,49.0,1433152.6600000001,152465.0,120719.38,2748.0,0.0,Maior estrutura financeira
250001610312,1907,RENAN ELIAS GODINHO,RENAN GODINHO,PODE,MASCULINO,SUPERIOR COMPLETO,ADVOGADO,APTO,SUPLENTE,33.0,307815.63,236800.0,211537.0,3487.0,0.0,Maior estrutura financeira
250001610299,1902,FABRES LENE DE AQUINO DELMONDES,DOUTORA FABRES,PODE,FEMININO,SUPERIOR COMPLETO,ADVOGADO,APTO,SUPLENTE,43.0,220000.0,73575.0,71492.97,1173.0,0.0,Maior estrutura financeira
250001610273,1921,FAUSTO SALVADOR PERES,FAUSTO PERES,PODE,MASCULINO,ENSINO MÉDIO COMPLETO,VEREADOR,APTO,SUPLENTE,53.0,103036.89,400000.0,403311.98,6288.0,0.0,Maior estrutura financeira
250001610259,1975,JUAREZ JUVÊNCIO DOS SANTOS,JUAREZ JUVÊNCIO,PODE,MASCULINO,SUPERIOR COMPLETO,SERVIDOR PÚBLICO ESTADUAL,APTO,SUPLENTE,62.0,463604.0,170115.0,151655.0,4047.0,0.0,Maior estrutura financeira
250001620302,4023,RENATO RAMOS DE SOUZA,RENATINHO SE LIGUE,PSB,MASCULINO,SUPERIOR COMPLETO,EMPRESÁRIO,APTO,SUPLENTE,29.0,53000.0,141000.0,140937.36,3332.0,0.0,Maior estrutura financeira
250001620268,4080,MARCO AURELIO UBIALI,DOUTOR UBIALI,PSB,MASCULINO,SUPERIOR COMPLETO,MÉDICO,APTO,SUPLENTE,72.0,5039106.71,561758.46,575619.52,13502.0,0.0,Maior estrutura financeira
250001620267,4011,LUCIANA TRINDADE DE MACEDO,LUCIANA INCLUSÃO,PSB,FEMININO,SUPERIOR COMPLETO,APOSENTADO (EXCETO SERVIDOR PÚBLICO),APTO,SUPLENTE,43.0,280804.71,207761.31,199790.75,3378.0,0.0,Maior estrutura financeira
250001620253,4002,ANE CAROLINE SOLLAR PEREIRA,ANE SOLLAR,PSB,FEMININO,SUPERIOR COMPLETO,"ESTUDANTE, BOLSISTA, ESTAGIÁRIO E ASSEMELHADOS",APTO,SUPLENTE,32.0,339.38,181874.52,176000.0,913.0,2.0,Estrutura financeira intermediária
250001651399,4058,ECLAIR PIRES DE SOUZA,ECLAIR PIRES,PSB,FEMININO,ENSINO MÉDIO INCOMPLETO,APOSENTADO (EXCETO SERVIDOR PÚBLICO),APTO,SUPLENTE,64.0,299358.25,82761.31,75025.26,132.0,0.0,Maior estrutura financeira
250001651385,4007,MARCELLO LEONARDI BEZERRA,MÀRCELLO BEZERRA,PSB,MASCULINO,SUPERIOR COMPLETO,ECONOMISTA,APTO,SUPLENTE,50.0,175000.0,48026.36,40229.9,977.0,0.0,Maior estrutura financeira
250001620295,4041,LUZIMAR RODRIGUES DA SILVA,PROFESSOR LUZIMAR,PSB,MASCULINO,SUPERIOR COMPLETO,PROFESSOR DE ENSINO MÉDIO,APTO,SUPLENTE,55.0,65077.340000000004,107796.36,99381.0,6270.0,0.0,Maior estrutura financeira
250001620278,4026,JACQUELINE COPQUE DE SANT ANNA PEREIRA,JACQUELINE COPQUE,PSB,FEMININO,SUPERIOR INCOMPLETO,EMPRESÁRIO,APTO,SUPLENTE,49.0,0.0,82761.31,74827.8,148.0,2.0,Estrutura financeira intermediária
250001620297,4050,WILLIAM GABRIEL CALLEGARO,WILLIAM CALLEGARO,PSB,MASCULINO,SUPERIOR COMPLETO,ADVOGADO,APTO,SUPLENTE,31.0,0.0,138697.14,130900.78,3921.0,2.0,Estrutura financeira intermediária
250001610326,1929,JOSE JOAQUIM FERNANDES RAPOSO FILHO,DR JOAQUIM RAPOSO,PODE,MASCULINO,SUPERIOR COMPLETO,MÉDICO,APTO,SUPLENTE,59.0,367079.75,65540.0,37520.0,3000.0,0.0,Maior estrutura financeira
250001725848,1913,MARIA DA PAIXÃO PEREIRA COSTA,MARIA COSTA,PODE,FEMININO,ENSINO MÉDIO COMPLETO,AGENTE ADMINISTRATIVO,APTO,SUPLENTE,42.0,0.0,101011.0,100994.0,342.0,2.0,Estrutura financeira intermediária
250001602076,4405,PAULO SERGIO SOARES DA SILVA,PAULINHO DO MERCADO,UNIÃO,MASCULINO,ENSINO MÉDIO COMPLETO,VEREADOR,APTO,SUPLENTE,38.0,126466.11,336104.85,288660.47,2204.0,0.0,Maior estrutura financeira
250001602047,4453,RAQUEL VIEIRA DOS SANTOS,RAQUEL VIEIRA,UNIÃO,FEMININO,SUPERIOR COMPLETO,OUTROS,APTO,SUPLENTE,43.0,10000.0,382534.53,359994.29,1492.0,0.0,Maior estrutura financeira
250001602033,4442,NERIA LUCIO BUZATTO,NÉRIA BUZATTO,UNIÃO,FEMININO,SUPERIOR COMPLETO,ADVOGADO,APTO,SUPLENTE,42.0,107500.0,614114.53,539276.03,3155.0,0.0,Maior estrutura financeira
250001602045,4456,FERNANDO CAPEZ,FERNANDO CAPEZ,UNIÃO,MASCULINO,SUPERIOR COMPLETO,SERVIDOR PÚBLICO ESTADUAL,APTO,SUPLENTE,58.0,6232034.82,2905074.52,3042515.0100000002,40346.0,0.0,Maior estrutura financeira
250001695271,2701,STELA MARIA ATANÁZIO,STELA ATANÁZIO,DC,FEMININO,SUPERIOR COMPLETO,OUTROS,APTO,NÃO ELEITO,59.0,0.0,13812.78,5016.0,247.0,2.0,Estrutura financeira intermediária
250001613941,3381,ARTUR ROGÉRIO GUIMARÃES,ARTUR GUIMARÃES,PMN,MASCULINO,ENSINO MÉDIO COMPLETO,"CORRETOR DE IMÓVEIS, SEGUROS, TÍTULOS E VALORES",APTO,NÃO ELEITO,54.0,0.0,15000.0,15000.0,64.0,2.0,Estrutura financeira intermediária
250001613943,3393,DANIEL OCTACÍLIO DE PAULA,DANIEL OCTACÍLIO,PMN,MASCULINO,ENSINO MÉDIO COMPLETO,VIGILANTE,APTO,NÃO ELEITO,52.0,0.0,15000.0,15000.0,93.0,2.0,Estrutura financeira intermediária
250001613954,3337,FRANCIELLE LUZIA DE SOUZA DURAN,FRAN DURAN,PMN,FEMININO,ENSINO MÉDIO COMPLETO,OUTROS,APTO,NÃO ELEITO,37.0,53400.0,20000.0,19950.0,84.0,0.0,Maior estrutura financeira
250001640573,2133,MARIA JULIA SARAIVA DE CARVALHO,JULES SARAIVA,PCB,FEMININO,SUPERIOR INCOMPLETO,"ESTUDANTE, BOLSISTA, ESTAGIÁRIO E ASSEMELHADOS",APTO,NÃO ELEITO,24.0,0.0,1200.0,1190.0,606.0,2.0,Estrutura financeira intermediária
250001622054,7040,EDUARDO SIVINSKI,DUDU SIVINSKI,AVANTE,MASCULINO,ENSINO MÉDIO INCOMPLETO,EMPRESÁRIO,APTO,NÃO ELEITO,35.0,207854.33,736842.0,499177.9,43557.0,0.0,Maior estrutura financeira
250001622104,7006,MARTA MARIA FERREIRA ARAÚJO,MARTA FOX,AVANTE,FEMININO,SUPERIOR COMPLETO,JORNALISTA E REDATOR,APTO,NÃO ELEITO,37.0,0.0,13996.75,5000.0,293.0,2.0,Estrutura financeira intermediária
250001622057,7000,MARCOS DA COSTA,MARCOS DA COSTA,AVANTE,MASCULINO,SUPERIOR COMPLETO,ADVOGADO,APTO,NÃO ELEITO,58.0,1364200.59,262752.55,227223.02,6482.0,0.0,Maior estrutura financeira
250001724348,7018,FABIO BLANES,FABIO MONGE,AVANTE,MASCULINO,SUPERIOR INCOMPLETO,OUTROS,APTO,NÃO ELEITO,43.0,14300.0,15510.0,220.0,2888.0,0.0,Maior estrutura financeira
250001622103,7007,IVAN RICARDO GARISIO SARTORI,IVAN SARTORI,AVANTE,MASCULINO,SUPERIOR COMPLETO,ADVOGADO,APTO,NÃO ELEITO,65.0,4752719.95,1042081.75,818123.6,25779.0,0.0,Maior estrutura financeira
250001622072,7021,ROSELI DE PAULA SILVA DE SOUZA,ROSE,AVANTE,FEMININO,ENSINO MÉDIO COMPLETO,DONA DE CASA,APTO,NÃO ELEITO,56.0,0.0,9690.0,0.0,177.0,2.0,Estrutura financeira intermediária
250001622071,7085,ROGÉRIO DE JESUS PAES,ROGÉRIO MILAGRE,AVANTE,MASCULINO,SUPERIOR INCOMPLETO,SERVIDOR PÚBLICO MUNICIPAL,APTO,NÃO ELEITO,56.0,9282.7,18906.75,10000.0,375.0,0.0,Maior estrutura financeira
250001622077,7056,GEFFERSON LUIS DE SOUSA ROSA,GEFFERSON LUIS,AVANTE,MASCULINO,SUPERIOR COMPLETO,PSICÓLOGO,APTO,NÃO ELEITO,31.0,0.0,45455.45,41455.45,1300.0,2.0,Estrutura financeira intermediária
250001622047,7012,ANDRÉ DA SILVA ROSA,CAPITÃO SILVA ROSA,AVANTE,MASCULINO,SUPERIOR COMPLETO,POLICIAL MILITAR,APTO,NÃO ELEITO,45.0,280000.0,172045.0,97712.25,4485.0,0.0,Maior estrutura financeira
250001622058,7036,ADEMIR RODRIGUES PEREIRA,ADEMIR PEREIRA,AVANTE,MASCULINO,SUPERIOR COMPLETO,COMERCIANTE,APTO,NÃO ELEITO,53.0,329500.0,48798.85,27363.5,2786.0,0.0,Maior estrutura financeira
250001717135,3670,NATANAEL RODRIGUES DE PAULA,NATANAEL DE PAULO,AGIR,MASCULINO,SUPERIOR COMPLETO,OUTROS,APTO,NÃO ELEITO,44.0,380000.0,5000.0,5000.0,132.0,0.0,Maior estrutura financeira
250001717133,3625,EDVALDO RANZANI CARLOS,EDVALDO RANZANI,AGIR,MASCULINO,ENSINO MÉDIO COMPLETO,EMPRESÁRIO,APTO,NÃO ELEITO,57.0,180643.02,8044.4,8044.4,216.0,0.0,Maior estrutura financeira
250001717132,3666,DENILCE JOSEFINA NICOLA,DENILCE NICOLA,AGIR,FEMININO,SUPERIOR COMPLETO,VETERINÁRIO,APTO,NÃO ELEITO,50.0,0.0,10000.0,10000.0,580.0,2.0,Estrutura financeira intermediária
250001717163,3617,ROBSON INACIO GOMES,ROBSON PENTECOSTE,AGIR,MASCULINO,ENSINO MÉDIO COMPLETO,OUTROS,APTO,NÃO ELEITO,51.0,0.0,20000.0,19990.0,469.0,2.0,Estrutura financeira intermediária
250001717150,3671,RICARDO DE DEUS ANDRADE,RICARDO ANDRADE,AGIR,MASCULINO,SUPERIOR COMPLETO,"CORRETOR DE IMÓVEIS, SEGUROS, TÍTULOS E VALORES",APTO,NÃO ELEITO,46.0,0.0,5000.0,4999.0,66.0,2.0,Estrutura financeira intermediária
250001717158,3616,WALTER AGUIAR DE CARVALHO JUNIOR,DR. WALTER AGUIAR,AGIR,MASCULINO,SUPERIOR COMPLETO,MÉDICO,APTO,NÃO ELEITO,52.0,0.0,10000.0,10000.029999999999,851.0,2.0,Estrutura financeira intermediária
250001717187,3635,JOSE MANOEL DE LIRA FILHO,DUDA,AGIR,MASCULINO,ENSINO MÉDIO COMPLETO,OPERADOR DE APARELHOS DE PRODUÇÃO INDUSTRIAL,APTO,NÃO ELEITO,54.0,10970.0,5000.0,5000.0,282.0,0.0,Maior estrutura financeira
250001611252,1506,RENATO MENEGUELO,DR RENATO MENEGUELO,MDB,MASCULINO,SUPERIOR COMPLETO,MÉDICO,APTO,SUPLENTE,52.0,0.0,0.0,0.0,490.0,1.0,Baixa movimentação financeira
250001611258,1587,ARNALDO SALVETTI PALACIO JUNIOR,ARNALDO SALVETTI,MDB,MASCULINO,SUPERIOR COMPLETO,OUTROS,APTO,SUPLENTE,52.0,276602.29,722954.75,718954.75,10994.0,0.0,Maior estrutura financeira
250001611225,1519,JULIANE LAURA CAMOLESI GALLO,JULIANE GALLO,MDB,FEMININO,SUPERIOR COMPLETO,SERVIDOR PÚBLICO MUNICIPAL,APTO,SUPLENTE,35.0,3139.5,170000.0,170869.0,2476.0,0.0,Maior estrutura financeira
250001611238,1567,HELIO NISHIMOTO,HELIO NISHIMOTO,MDB,MASCULINO,SUPERIOR COMPLETO,OUTROS,APTO,SUPLENTE,59.0,1261709.88,532800.0,509699.96,13415.0,0.0,Maior estrutura financeira
250001611251,1515,LUIZ FELIPE BALEIA TENUTO ROSSI,BALEIA ROSSI,MDB,MASCULINO,SUPERIOR COMPLETO,EMPRESÁRIO,APTO,ELEITO POR QP,50.0,1417410.77,2933000.0,2930734.05,236463.0,0.0,Maior estrutura financeira
250001611248,1536,ENRICO VAN BLARCUM DE GRAAFF MISASI,ENRICO MISASI,MDB,MASCULINO,SUPERIOR COMPLETO,OUTROS,APTO,SUPLENTE,28.0,238190.44,2542750.0,2095791.41,77949.0,0.0,Maior estrutura financeira
250001611244,1599,ALBERTO PEREIRA MOURÃO,ALBERTO MOURÃO,MDB,MASCULINO,SUPERIOR COMPLETO,EMPRESÁRIO,APTO,ELEITO POR QP,68.0,23287436.630000003,2833184.0,2807494.92,114234.0,0.0,Maior estrutura financeira
250001611249,1530,TAKAHARU YAMAUCHI,TAKA YAMAUCHI,MDB,MASCULINO,SUPERIOR COMPLETO,ENGENHEIRO,APTO,SUPLENTE,44.0,3128131.88,646513.11,640459.11,34163.0,0.0,Maior estrutura financeira
250001611226,1562,ARMANDO FERREIRO RODRIGUES,ARMANDINHO FERREIRO,MDB,MASCULINO,ENSINO MÉDIO COMPLETO,"ESTUDANTE, BOLSISTA, ESTAGIÁRIO E ASSEMELHADOS",APTO,SUPLENTE,41.0,0.0,305849.37,305612.27999999997,5860.0,2.0,Estrutura financeira intermediária
250001611264,1505,MARCOS ANTONIO PALERMO,MARCOS PALERMO,MDB,MASCULINO,SUPERIOR INCOMPLETO,EMPRESÁRIO,APTO,SUPLENTE,55.0,0.0,100000.0,99988.77,7103.0,2.0,Estrutura financeira intermediária
250001643875,2004,MONICA FERREIRA BITENCOURT DE ALMEIDA,MONICA NEGA,PSC,FEMININO,ENSINO MÉDIO INCOMPLETO,OUTROS,APTO,SUPLENTE,44.0,9000.0,35000.0,35000.0,271.0,0.0,Maior estrutura financeira
250001643899,2088,MARCIO ALVARES DE SOUZA,AMARELINHO,PSC,MASCULINO,ENSINO MÉDIO INCOMPLETO,VENDEDOR DE COMÉRCIO VAREJISTA E ATACADISTA,APTO,SUPLENTE,48.0,415000.0,20000.0,20000.0,1040.0,0.0,Maior estrutura financeira
250001643868,2062,JADSON JOSÉ BARACHO DA SILVA,CONTADOR BARACHO,PSC,MASCULINO,SUPERIOR COMPLETO,CONTADOR,APTO,SUPLENTE,60.0,550000.0,10000.0,10000.0,411.0,0.0,Maior estrutura financeira
250001643905,2026,ELAINE CRISTINA GONÇALVES AMORIM,DRA. ELAINE AMORIM,PSC,FEMININO,SUPERIOR COMPLETO,ADVOGADO,APTO,SUPLENTE,45.0,51900.0,80000.0,79987.6,523.0,0.0,Maior estrutura financeira
250001643910,2038,ADILSON DE MEDEIROS PAULINO,DR ADILSON MEDEIROS,PSC,MASCULINO,SUPERIOR COMPLETO,ADVOGADO,APTO,SUPLENTE,53.0,79054.0,10000.0,10000.0,380.0,0.0,Maior estrutura financeira
250001643918,2000,LUIZ ANTÔNIO VASSOLER,VASSOLER,PSC,MASCULINO,SUPERIOR COMPLETO,COMERCIANTE,APTO,SUPLENTE,54.0,90.13,106000.0,100000.0,3626.0,2.0,Estrutura financeira intermediária
250001643881,2044,DAVID DE OLIVEIRA RUFATO,DR. DAVI RUFATO,PSC,MASCULINO,SUPERIOR COMPLETO,ADVOGADO,APTO,SUPLENTE,36.0,127110.0,107500.0,108466.0,4541.0,0.0,Maior estrutura financeira
250001612093,4547,FREDERICO AUGUSTO ARANTES MACHADO,FRED MACHADO,PSDB,MASCULINO,SUPERIOR COMPLETO,ADMINISTRADOR,APTO,SUPLENTE,47.0,1695000.0,2996590.9,2930778.2,79041.0,0.0,Maior estrutura financeira
250001612132,4555,JOICE CRISTINA HASSELMANN,JOICE HASSELMANN,PSDB,FEMININO,SUPERIOR COMPLETO,JORNALISTA E REDATOR,APTO,SUPLENTE,44.0,593902.28,3221072.5300000003,3172407.05,13679.0,0.0,Maior estrutura financeira
250001612120,2322,ELIETE NUNES FERNANDES DA SILVA,ELIETE NUNES,CIDADANIA,FEMININO,SUPERIOR COMPLETO,ADVOGADO,APTO,SUPLENTE,60.0,768443.62,113700.0,112820.5,2357.0,0.0,Maior estrutura financeira
250001725453,4521,MARCOS ANTONIO DE ARAUJO,MARCOS MARRETA,PSDB,MASCULINO,ENSINO MÉDIO COMPLETO,EMPRESÁRIO,APTO,SUPLENTE,54.0,0.0,86590.9,74700.0,2248.0,2.0,Estrutura financeira intermediária
250001612103,4520,IVAN RENATO DE LIMA,IVAN LIMA,PSDB,MASCULINO,SUPERIOR COMPLETO,ENGENHEIRO,APTO,SUPLENTE,51.0,25326.0,678190.9,462866.67,3653.0,0.0,Maior estrutura financeira
250001620727,5120,FERNANDA ALVES SILVA,FERNANDA ALVES,PATRIOTA,FEMININO,ENSINO MÉDIO COMPLETO,JORNALISTA E REDATOR,APTO,NÃO ELEITO,47.0,0.0,126839.79,74916.0,274.0,2.0,Estrutura financeira intermediária
250001620743,5157,CASSIO ELMO GONÇALVES GALLO,CÁSSIO GALLO,PATRIOTA,MASCULINO,SUPERIOR COMPLETO,FARMACÊUTICO,APTO,NÃO ELEITO,50.0,797959.26,106259.4,80588.0,6336.0,0.0,Maior estrutura financeira
250001620709,5114,FÁBIO SARTORI MANFRINATO,FÁBIO MANFRINATO,PATRIOTA,MASCULINO,SUPERIOR COMPLETO,FARMACÊUTICO,APTO,NÃO ELEITO,47.0,482654.89,695318.9,630000.01,6865.0,0.0,Maior estrutura financeira
250001620734,5104,ELISANGELA VIEIRA FERREIRA,NEGA,PATRIOTA,FEMININO,ENSINO MÉDIO COMPLETO,POLICIAL MILITAR,APTO,NÃO ELEITO,46.0,3500.0,56839.79,30000.0,216.0,0.0,Maior estrutura financeira
250001620741,5166,PATRICIA SIQUEIRA NERI,SUBTENENTE SIQUEIRA NERI,PATRIOTA,FEMININO,SUPERIOR INCOMPLETO,POLICIAL MILITAR,APTO,NÃO ELEITO,45.0,234756.26,35154.79,20000.0,701.0,0.0,Maior estrutura financeira
250001620708,5125,EDUARDO VALERIANO DOS SANTOS,EDUARDO SANTOS,PATRIOTA,MASCULINO,SUPERIOR INCOMPLETO,EMPRESÁRIO,APTO,NÃO ELEITO,47.0,4105000.0,19545.9,150.0,678.0,0.0,Maior estrutura financeira
250001700015,2989,SIMONE CRISTINA SOUZA,SIMONE SOUZA,PCO,FEMININO,SUPERIOR COMPLETO,PSICÓLOGO,APTO,NÃO ELEITO,54.0,140831.69,11974.36,0.0,109.0,0.0,Maior estrutura financeira
250001611406,1600,CLAUDIO DONIZETE DOS REIS,CLAUDIO DONIZETE,PSTU,MASCULINO,ENSINO MÉDIO COMPLETO,OUTROS,APTO,NÃO ELEITO,49.0,191084.46,61456.37,54378.200000000004,667.0,0.0,Maior estrutura financeira
250001610672,1313,RUI GOETHE DA COSTA FALCÃO,RUI FALCÃO,PT,MASCULINO,SUPERIOR COMPLETO,DEPUTADO,APTO,ELEITO POR QP,78.0,614120.04,1995636.48,1988317.55,193990.0,0.0,Maior estrutura financeira
250001610685,1328,TAMIRES GOMES SAMPAIO,TAMIRES SAMPAIO,PT,FEMININO,SUPERIOR COMPLETO,ADVOGADO,APTO,SUPLENTE,28.0,982.7900000000001,1540866.48,1534466.63,25030.0,2.0,Estrutura financeira intermediária
250001610703,1331,CELI REGINA DA CRUZ,CELI REGINA,PT,FEMININO,SUPERIOR INCOMPLETO,APOSENTADO (EXCETO SERVIDOR PÚBLICO),APTO,SUPLENTE,56.0,196038.53,186827.89,178501.0,9129.0,0.0,Maior estrutura financeira
250001610684,4334,RICARDO BRUNO MELENCHON,RICARDO MELENCHON VIVA VERDE,PV,MASCULINO,SUPERIOR COMPLETO,"CORRETOR DE IMÓVEIS, SEGUROS, TÍTULOS E VALORES",APTO,SUPLENTE,40.0,500.0,64674.0,49262.32,391.0,2.0,Estrutura financeira intermediária
250001610691,1321,ROSÂNGELA SILVA DOS SANTOS,ROSÂNGELA SANTOS,PT,FEMININO,SUPERIOR COMPLETO,OUTROS,APTO,SUPLENTE,38.0,256341.0,1409268.43,1394861.78,37291.0,0.0,Maior estrutura financeira
250001610694,1308,DOUGLAS MARTINS IZZO,PROFESSOR DOUGLAS IZZO,PT,MASCULINO,SUPERIOR COMPLETO,PROFESSOR DE ENSINO FUNDAMENTAL,APTO,SUPLENTE,57.0,36000.0,706563.92,699764.47,41359.0,0.0,Maior estrutura financeira
250001610695,1341,EDUARDO DADE SALLUM,SALLUM,PT,MASCULINO,SUPERIOR COMPLETO,OUTROS,APTO,SUPLENTE,29.0,0.0,272025.55,250193.29,10885.0,2.0,Estrutura financeira intermediária
250001610692,6565,ORLANDO SILVA DE JESUS JUNIOR,ORLANDO SILVA,PC do B,MASCULINO,ENSINO MÉDIO COMPLETO,DEPUTADO,APTO,SUPLENTE,51.0,454611.0,2575276.12,2192027.18,108059.0,0.0,Maior estrutura financeira
250001610704,1388,CLAUDETE ALVES DA SILVA,CLAUDETE ALVES,PT,FEMININO,SUPERIOR COMPLETO,SERVIDOR PÚBLICO MUNICIPAL,APTO,SUPLENTE,64.0,218344.08000000002,1461851.48,1454815.54,23943.0,0.0,Maior estrutura financeira
250001610664,1315,ADELINO FRANCISCO DE OLIVEIRA,PROFESSOR ADELINO,PT,MASCULINO,SUPERIOR COMPLETO,PROFESSOR DE ENSINO MÉDIO,APTO,SUPLENTE,49.0,550000.0,119000.12,109871.66,12789.0,0.0,Maior estrutura financeira
250001606106,7744,RONAN ALOISIO GOULART,PROFESSOR RONAN GOULART,SOLIDARIEDADE,MASCULINO,SUPERIOR COMPLETO,ADMINISTRADOR,APTO,SUPLENTE,51.0,320000.0,37758.4,27700.0,2727.0,0.0,Maior estrutura financeira
250001606071,7718,KOYU IHA,KOYU IHA,SOLIDARIEDADE,MASCULINO,SUPERIOR COMPLETO,APOSENTADO (EXCETO SERVIDOR PÚBLICO),APTO,SUPLENTE,82.0,2147835.87,66440.1,58871.7,822.0,0.0,Maior estrutura financeira
250001606107,7705,TARYK AL JAMAHIRIYA AGIO,DRA. TARYK AGIO VETERINÁRIA,SOLIDARIEDADE,FEMININO,SUPERIOR COMPLETO,VETERINÁRIO,APTO,SUPLENTE,31.0,0.0,33791.23,12905.4,261.0,2.0,Estrutura financeira intermediária
250001606068,7756,MÁRIO DE OLIVEIRA,MARINHO DO JORNAL,SOLIDARIEDADE,MASCULINO,ENSINO MÉDIO COMPLETO,COMERCIANTE,APTO,SUPLENTE,63.0,0.0,41868.5,27610.4,917.0,2.0,Estrutura financeira intermediária
250001606073,7755,EDITH FERREIRA DE SOUZA OLIVEIRA,ENFERMEIRA EDITH FERREIRA,SOLIDARIEDADE,FEMININO,SUPERIOR COMPLETO,ENFERMEIRO,APTO,SUPLENTE,65.0,0.0,61370.56,47995.4,571.0,2.0,Estrutura financeira intermediária
250001643740,1200,ANTONIO FERNANDES DOS SANTOS NETO,ANTONIO NETO,PDT,MASCULINO,SUPERIOR COMPLETO,ANALISTA DE SISTEMAS,APTO,NÃO ELEITO,69.0,2473875.67,1356156.0,1345871.08,24721.0,0.0,Maior estrutura financeira
250001643743,1272,DEJAIR DIAS DA SILVA,MESTRE DEJAIR CANIBAL,PDT,MASCULINO,ENSINO FUNDAMENTAL INCOMPLETO,MOTORISTA PARTICULAR,APTO,NÃO ELEITO,49.0,144200.08,20000.0,19811.65,566.0,0.0,Maior estrutura financeira
250001643732,1250,ABNER JOAS TOFANELLI,ABNER TOFANELLI,PDT,MASCULINO,SUPERIOR INCOMPLETO,MÚSICO,APTO,NÃO ELEITO,23.0,0.0,152885.0,152885.0,13215.0,2.0,Estrutura financeira intermediária
250001604824,1447,MARCILIO DUARTE LIMA,MARCILIO DUARTE,PTB,MASCULINO,SUPERIOR COMPLETO,OUTROS,APTO,NÃO ELEITO,81.0,84030.39,29800.0,43671.37,207.0,0.0,Maior estrutura financeira
250001738894,1437,SONIA MARIA GUERREIRO PAZINI,SONIA GUERREIRO,PTB,FEMININO,ENSINO FUNDAMENTAL COMPLETO,APOSENTADO (EXCETO SERVIDOR PÚBLICO),APTO,NÃO ELEITO,72.0,0.0,0.0,0.0,63.0,1.0,Baixa movimentação financeira
250001604852,1480,ROSEMEIRE MARTINS DE CARVALHO,ROSEMEIRE MARTINS,PTB,FEMININO,ENSINO MÉDIO COMPLETO,COMERCIANTE,APTO,NÃO ELEITO,48.0,0.0,106725.0,106653.06,1187.0,2.0,Estrutura financeira intermediária
250001604849,1452,OSVALDO MACEDO NEGRÃO,PROFESSOR OSVALDO,PTB,MASCULINO,SUPERIOR COMPLETO,PROFESSOR DE ENSINO MÉDIO,APTO,NÃO ELEITO,54.0,0.0,15000.0,14658.0,2246.0,2.0,Estrutura financeira intermediária
250001604815,1476,ANDERSON GONDIM SAMPAIO,ANDERSON SAMPAIO,PTB,MASCULINO,SUPERIOR COMPLETO,OUTROS,APTO,NÃO ELEITO,46.0,0.0,15215.0,6528.65,267.0,2.0,Estrutura financeira intermediária
250001604863,1405,LUIZ FRANCISCO TEIXEIRA,LUIZ TEIXEIRA,PTB,MASCULINO,SUPERIOR COMPLETO,PEDAGOGO,APTO,NÃO ELEITO,67.0,273000.0,20000.0,19819.86,555.0,0.0,Maior estrutura financeira
250001604828,1451,ANTONIO RAIMUNDO FEDOSSI,FEDOSSI,PTB,MASCULINO,SUPERIOR COMPLETO,ADVOGADO,APTO,NÃO ELEITO,66.0,1762776.71,44000.0,42000.0,2295.0,0.0,Maior estrutura financeira
250001611987,1135,LEONARDO ALEX DOS SANTOS,PROFESSOR LEONARDO ALEX,PP,MASCULINO,SUPERIOR COMPLETO,PROFESSOR DE ENSINO FUNDAMENTAL,APTO,SUPLENTE,28.0,445422.77,3600.0,0.0,2015.0,0.0,Maior estrutura financeira
250001611983,1156,JHONATAN ARAUJO PANHAGUA,BOMBEIRO PR JHONATAN,PP,MASCULINO,ENSINO MÉDIO COMPLETO,BOMBEIRO CIVIL,APTO,SUPLENTE,31.0,0.0,0.0,0.0,593.0,1.0,Baixa movimentação financeira
250001612012,1154,JOÃO LUIZ LEITE,DR JOÃO LEITE,PP,MASCULINO,SUPERIOR COMPLETO,ADVOGADO,APTO,SUPLENTE,57.0,1708000.0,0.0,27500.0,538.0,1.0,Baixa movimentação financeira
250001612021,1190,PAULO ADRIANO LOPES LUCINDA TELHADA,CORONEL TELHADA,PP,MASCULINO,SUPERIOR COMPLETO,DEPUTADO,APTO,SUPLENTE,60.0,2660374.42,2361600.0,2295962.0,69945.0,0.0,Maior estrutura financeira
250001611986,1142,JUSSARA MORO PRESTO,JUSSARA MORO,PP,FEMININO,SUPERIOR INCOMPLETO,EMPRESÁRIO,APTO,SUPLENTE,67.0,162689.0,100000.0,99982.5,408.0,0.0,Maior estrutura financeira
250001612020,1177,PAULA FURTADO BRUM,PAULA BRUM,PP,FEMININO,ENSINO MÉDIO COMPLETO,EMPRESÁRIO,APTO,SUPLENTE,44.0,498000.0,128000.0,124389.48,5886.0,0.0,Maior estrutura financeira
250001611989,1152,MASSAEL BESSA DA SILVA,BESSA,PP,MASCULINO,ENSINO MÉDIO COMPLETO,OUTROS,APTO,SUPLENTE,48.0,0.0,7191.0,7191.0,1335.0,2.0,Estrutura financeira intermediária
250001612011,1116,ANTONIO PEREIRA DOS SANTOS,TONNY SANTOS,PP,MASCULINO,SUPERIOR COMPLETO,POLICIAL MILITAR,APTO,SUPLENTE,42.0,1177446.94,100000.0,100000.0,1571.0,0.0,Maior estrutura financeira
250001611962,1124,RICARDO JORGE MUTRAN,RICARDO MUTRAN,PP,MASCULINO,SUPERIOR COMPLETO,ADVOGADO,APTO,SUPLENTE,59.0,295308.45,119000.0,100000.0,4187.0,0.0,Maior estrutura financeira
250001597714,3024,MARIA DE FÁTIMA PAULA BAULÉ,FÁTIMA BAULÉ,NOVO,FEMININO,SUPERIOR COMPLETO,APOSENTADO (EXCETO SERVIDOR PÚBLICO),APTO,SUPLENTE,64.0,3650160.0,12301.53,10595.08,1043.0,0.0,Maior estrutura financeira
250001597709,3022,FATIMA REGINA PORTELLA OLIVEIRA,FATIMA PORTELLA,NOVO,FEMININO,SUPERIOR COMPLETO,ANALISTA DE SISTEMAS,APTO,SUPLENTE,58.0,1350000.0,19492.53,18250.37,1842.0,0.0,Maior estrutura financeira
250001597669,3008,ADAMARIO MAXIMO DOS SANTOS FILHO,ADAMARIO MAXIMO,NOVO,MASCULINO,SUPERIOR COMPLETO,GERENTE,APTO,SUPLENTE,56.0,321000.0,4741.530000000001,3163.89,2597.0,0.0,Maior estrutura financeira
250001597722,3091,RODRIGO ANDRADE BENUZZI DA LUZ,RODRIGO LUZ,NOVO,MASCULINO,SUPERIOR COMPLETO,ADMINISTRADOR,APTO,SUPLENTE,42.0,80000.0,2871.53,496.46,255.0,0.0,Maior estrutura financeira
250001597698,3032,MARCOS ANTONIO DE CARVALHO LUCAS,MARCOS LUCAS,NOVO,MASCULINO,SUPERIOR COMPLETO,EMPRESÁRIO,APTO,SUPLENTE,51.0,704031.76,50750.75,49509.22,3728.0,0.0,Maior estrutura financeira
250001597678,3003,CLEVERSON FIUZA ALVES,FIUZA BITCOIN,NOVO,MASCULINO,SUPERIOR COMPLETO,ARQUITETO,APTO,SUPLENTE,58.0,2630000.0,5507.08,4265.55,641.0,0.0,Maior estrutura financeira
250001597665,3005,THIAGO IMBERNOM,THIAGO IMBERNOM,NOVO,MASCULINO,SUPERIOR COMPLETO,ADVOGADO,APTO,SUPLENTE,42.0,1773000.0,18076.53,16821.0,863.0,0.0,Maior estrutura financeira
250001597715,3067,MARILZA DE FATIMA RUFINO,MARILZA RUFINO,NOVO,FEMININO,ENSINO MÉDIO COMPLETO,COZINHEIRO,APTO,SUPLENTE,55.0,0.0,2113.53,853.0,110.0,2.0,Estrutura financeira intermediária
250001604976,5558,IOLANDA GOMES RUAS,IOLANDA RUAS,PSD,FEMININO,SUPERIOR COMPLETO,PROFESSOR DE ENSINO FUNDAMENTAL,APTO,SUPLENTE,51.0,12000.0,60256.41,49951.0,363.0,0.0,Maior estrutura financeira
250001604956,5525,FLÁVIA OLIVITO LANCHA ALVES DE OLIVEIRA,FLÁVIA LANCHA,PSD,FEMININO,SUPERIOR COMPLETO,EMPRESÁRIO,APTO,SUPLENTE,63.0,5259987.0,1408453.05,1397745.36,29841.0,0.0,Maior estrutura financeira
250001604951,5550,SUSANNA DO VAL MOORE,SUSANNA POLICIAL FEDERAL,PSD,FEMININO,SUPERIOR COMPLETO,SERVIDOR PÚBLICO FEDERAL,APTO,SUPLENTE,42.0,548849.0,681084.41,647782.59,2215.0,0.0,Maior estrutura financeira
250001604981,5559,RENATO TADEU DE OLIVEIRA PAIVA,RENATO PAIVA,PSD,MASCULINO,SUPERIOR COMPLETO,EMPRESÁRIO,APTO,SUPLENTE,65.0,789797.0,41006.41,30445.120000000003,1176.0,0.0,Maior estrutura financeira
250001604986,5581,MARCELO DA MOTTA BARRICHELLO,DR MARCELO BARRICHELLO,PSD,MASCULINO,SUPERIOR COMPLETO,MÉDICO,APTO,SUPLENTE,41.0,1018216.0,80256.41,70000.0,1217.0,0.0,Maior estrutura financeira
250001639645,1029,JONATHAN FABIO NASCIMENTO SOUZA,JONATHAN RECHT,REPUBLICANOS,MASCULINO,SUPERIOR INCOMPLETO,OUTROS,APTO,SUPLENTE,29.0,0.0,40000.0,38897.0,245.0,2.0,Estrutura financeira intermediária
250001611879,1075,FILIPE MANSINHO DE LIMA,FILIPE MANSINHO,REPUBLICANOS,MASCULINO,SUPERIOR COMPLETO,EMPRESÁRIO,APTO,SUPLENTE,42.0,0.0,51555.0,34797.15,217.0,2.0,Estrutura financeira intermediária
250001611843,1004,CLAUDIA CASTALDELLI CORRÊA,CLAUDIA CASTALDELLI,REPUBLICANOS,FEMININO,SUPERIOR COMPLETO,EMPRESÁRIO,APTO,SUPLENTE,52.0,1391766.5,91826.2,55899.96,2073.0,0.0,Maior estrutura financeira
250001611871,1020,LUIS CLAUDIO FERNANDES MIRANDA,LUIS MIRANDA,REPUBLICANOS,MASCULINO,ENSINO MÉDIO COMPLETO,DEPUTADO,APTO,SUPLENTE,42.0,7220000.0,2088000.0,2277809.77,8931.0,0.0,Maior estrutura financeira
250001611853,1060,IVANILDO DOS SANTOS,IVANILDO SANTOS,REPUBLICANOS,MASCULINO,ENSINO MÉDIO INCOMPLETO,VIGILANTE,APTO,SUPLENTE,50.0,0.0,44990.49,39637.7,1728.0,2.0,Estrutura financeira intermediária
250001611894,1089,NIVALDO DOS SANTOS,PR NIVALDO DA PEDALADA,REPUBLICANOS,MASCULINO,SUPERIOR COMPLETO,APOSENTADO (EXCETO SERVIDOR PÚBLICO),APTO,SUPLENTE,53.0,30114.48,121884.0,89356.04,3354.0,0.0,Maior estrutura financeira
250001611863,1010,MARCOS ANTONIO PEREIRA,MARCOS PEREIRA,REPUBLICANOS,MASCULINO,SUPERIOR COMPLETO,ADVOGADO,APTO,ELEITO POR QP,50.0,490772.72,3093528.55,2722396.27,231626.0,0.0,Maior estrutura financeira
250001611849,1045,FERNANDA DA SILVA ALVES,FERNANDA MOVIMENTO PAPO DE LEI,REPUBLICANOS,FEMININO,ENSINO FUNDAMENTAL COMPLETO,OUTROS,APTO,SUPLENTE,42.0,0.0,62524.0,47637.1,2605.0,2.0,Estrutura financeira intermediária
250001611874,1013,DOUGLAS MELO DE SOUSA,DOUGLAS MELO,REPUBLICANOS,MASCULINO,ENSINO MÉDIO COMPLETO,OUTROS,APTO,SUPLENTE,39.0,297000.0,100788.0,89925.65,1571.0,0.0,Maior estrutura financeira
250001611862,1014,SIRLEI SIKORSKI,SIRLEI SIKORSKI,REPUBLICANOS,FEMININO,ENSINO MÉDIO COMPLETO,CABELEIREIRO E BARBEIRO,APTO,SUPLENTE,50.0,1.0,60000.0,60000.0,473.0,2.0,Estrutura financeira intermediária
250001611852,1002,HELIO ALVES RIBEIRO,HELIO RIBEIRO,REPUBLICANOS,MASCULINO,SUPERIOR COMPLETO,VEREADOR,APTO,SUPLENTE,52.0,193220.31,718800.0,712174.8,18711.0,0.0,Maior estrutura financeira
250001611869,1033,JONATAN SANTOS DE OLIVEIRA,JONATAN DAS ONGS,REPUBLICANOS,MASCULINO,SUPERIOR COMPLETO,OUTROS,APTO,SUPLENTE,41.0,3767.3,111544.8,98836.95999999999,4187.0,0.0,Maior estrutura financeira
250001611859,1006,RENATA SIMONETTI ALVES MARCHETTI,RENATA SIMONETTI,REPUBLICANOS,FEMININO,SUPERIOR COMPLETO,ADVOGADO,APTO,SUPLENTE,48.0,0.0,62530.0,49431.35,368.0,2.0,Estrutura financeira intermediária
250001611864,1027,PIERPAOLO PAGANO,PIO PAGANO,REPUBLICANOS,MASCULINO,SUPERIOR INCOMPLETO,COMERCIANTE,APTO,SUPLENTE,53.0,51000.0,47655.0,39995.5,524.0,0.0,Maior estrutura financeira
250001611898,1078,BENEDITO ROBERTO ALVES FERREIRA,ROBERTO ALVES,REPUBLICANOS,MASCULINO,SUPERIOR COMPLETO,DEPUTADO,APTO,SUPLENTE,62.0,160499.91,1509713.2,1413869.92,92566.0,0.0,Maior estrutura financeira
250001677897,9040,JANAINA PEREIRA DA SILVA SOARES,JANAINA SOARES,PROS,FEMININO,ENSINO FUNDAMENTAL COMPLETO,DONA DE CASA,APTO,NÃO ELEITO,34.0,0.0,0.0,0.0,152.0,1.0,Baixa movimentação financeira
250001677906,9001,ANTONIO CARLOS MARCIANO,MARCIANO,PROS,MASCULINO,SUPERIOR COMPLETO,EMPRESÁRIO,APTO,NÃO ELEITO,56.0,18000.0,50000.0,50000.0,547.0,0.0,Maior estrutura financeira
250001677913,9058,WILSON JOÃO DA TRINDADE,WILSON TRINDADE,PROS,MASCULINO,SUPERIOR INCOMPLETO,OUTROS,APTO,NÃO ELEITO,64.0,0.0,0.0,0.0,134.0,1.0,Baixa movimentação financeira
250001677912,9017,MIRANICE DOS SANTOS BARRETO,MIRAH BARRETO,PROS,FEMININO,SUPERIOR COMPLETO,PSICÓLOGO,APTO,NÃO ELEITO,68.0,0.0,0.0,0.0,65.0,1.0,Baixa movimentação financeira
250001677895,9016,GENERSON JOSE FAUSTINO,GENERSON FAUSTINO,PROS,MASCULINO,SUPERIOR COMPLETO,ADMINISTRADOR,APTO,NÃO ELEITO,42.0,29700.0,340.0,340.0,37.0,0.0,Maior estrutura financeira
250001677926,9050,FERNANDA DE ARAÚJO COSTA,FERNANDA RAINHA,PROS,FEMININO,ENSINO MÉDIO COMPLETO,COMERCIANTE,APTO,NÃO ELEITO,39.0,0.0,110160.0,110742.1,281.0,2.0,Estrutura financeira intermediária
250001738899,9027,FATIMA APARECIDA SANTOS DE SOUZA,FÁTIMA PÉROLA NEGGRA,PROS,FEMININO,SUPERIOR COMPLETO,POLICIAL MILITAR,APTO,NÃO ELEITO,54.0,0.0,0.0,0.0,699.0,1.0,Baixa movimentação financeira
250001677896,9020,IRINEU APARECIDO ORTOLANI,NEU,PROS,MASCULINO,ENSINO MÉDIO COMPLETO,COMERCIANTE,APTO,NÃO ELEITO,60.0,0.0,0.0,0.0,105.0,1.0,Baixa movimentação financeira
250001635938,3531,RICARDO GUILGER DE LIMA,RICARDO TROVÃO,PMB,MASCULINO,SUPERIOR COMPLETO,SERVIDOR PÚBLICO ESTADUAL,APTO,NÃO ELEITO,37.0,316000.0,0.0,0.0,213.0,1.0,Baixa movimentação financeira
250001635946,3544,KATHERINE DO FORTE SILVA,KATHÊ DO FORTE,PMB,FEMININO,SUPERIOR COMPLETO,ARQUITETO,APTO,NÃO ELEITO,53.0,700000.0,500.0,490.0,148.0,0.0,Maior estrutura financeira
250001715876,2807,ADEMIR CREPALDI,O ATALAIA,PRTB,MASCULINO,ENSINO FUNDAMENTAL COMPLETO,APOSENTADO (EXCETO SERVIDOR PÚBLICO),APTO,NÃO ELEITO,69.0,432240.01,2822.09,0.0,244.0,0.0,Maior estrutura financeira
250001715860,2882,LEONARDO DE ASSIS FERREIRA,LEO PLENO,PRTB,MASCULINO,ENSINO FUNDAMENTAL COMPLETO,EMPRESÁRIO,APTO,NÃO ELEITO,47.0,3221229.12,87822.09,84941.0,2349.0,0.0,Maior estrutura financeira
250001715895,2838,MARIO VIGGIANI NETO,INSTRUTOR DR. MARIO VIGGIANI,PRTB,MASCULINO,SUPERIOR COMPLETO,ADVOGADO,APTO,NÃO ELEITO,56.0,0.01,14727.47,11860.27,4253.0,2.0,Estrutura financeira intermediária
250001715878,2810,PRISCILA FERNANDES HOLANDA,PRISCILA HOLANDA,PRTB,FEMININO,SUPERIOR INCOMPLETO,EMPRESÁRIO,APTO,NÃO ELEITO,38.0,912000.1,5864.47,3035.0,276.0,0.0,Maior estrutura financeira
250001715897,2855,RENATO DO NASCIMENTO,CORINGA REAÇA,PRTB,MASCULINO,ENSINO FUNDAMENTAL INCOMPLETO,COMERCIANTE,APTO,NÃO ELEITO,43.0,0.01,15822.09,13000.0,327.0,2.0,Estrutura financeira intermediária
250001734074,2796,CESAR RENATO DA SILVA,CESAR RENATO,DC,MASCULINO,SUPERIOR COMPLETO,EMPRESÁRIO,INAPTO,NÃO ELEITO,54.0,0.0,0.0,0.0,,1.0,Baixa movimentação financeira
250001715867,2837,ELISANGELA MARIA FERREIRA,ELISANGELA FERREIRA,PRTB,FEMININO,ENSINO FUNDAMENTAL COMPLETO,EMPRESÁRIO,APTO,NÃO ELEITO,46.0,0.0,2822.09,0.0,216.0,2.0,Estrutura financeira intermediária
250001715903,2885,MARCOS PARAÍSO DA SILVA,MESTRE PARAÍSO,PRTB,MASCULINO,SUPERIOR COMPLETO,ADVOGADO,APTO,NÃO ELEITO,51.0,0.0,2822.09,0.0,1512.0,2.0,Estrutura financeira intermediária
250001715844,2878,GIOVANI FALCONE DE CRISTO ALVES,GIOVANI FALCONE,PRTB,MASCULINO,SUPERIOR COMPLETO,ENGENHEIRO,APTO,NÃO ELEITO,43.0,400001.0,2822.09,0.0,391.0,0.0,Maior estrutura financeira
250001622102,7015,WALTER DE BARROS,WALTER DE BARROS,AVANTE,MASCULINO,ENSINO MÉDIO COMPLETO,EMPRESÁRIO,INAPTO,NÃO ELEITO,52.0,15435.66,0.0,0.0,,1.0,Baixa movimentação financeira
250001715847,2898,JOSÉ AZEVEDO PIRES,ZÉ DO BODE,PRTB,MASCULINO,SUPERIOR COMPLETO,EMPRESÁRIO,INAPTO,NÃO ELEITO,54.0,1.0,2822.09,0.0,362.0,2.0,Estrutura financeira intermediária
250001715881,2821,JOSÉ ROBERTO CAMARGO,ZÉ CAMARGO,PRTB,MASCULINO,ENSINO FUNDAMENTAL COMPLETO,EMPRESÁRIO,INAPTO,NÃO ELEITO,53.0,1.0,2822.09,0.0,,2.0,Estrutura financeira intermediária
250001715857,2804,ADONIAS FERREIRA DOS SANTOS,ADO SANTOS,PRTB,MASCULINO,SUPERIOR COMPLETO,"CORRETOR DE IMÓVEIS, SEGUROS, TÍTULOS E VALORES",INAPTO,NÃO ELEITO,71.0,1.0,2822.09,0.0,,2.0,Estrutura financeira intermediária
250001606104,7700,DAVID JOSE BUENO GOMES,DAVID BUENO,SOLIDARIEDADE,MASCULINO,SUPERIOR COMPLETO,EMPRESÁRIO,INAPTO,NÃO ELEITO,45.0,109269.92,336368.4,307838.69,12527.0,0.0,Maior estrutura financeira
250001715849,2856,TAINÁ GUIMARÃES MIRANDA,TAINA MIRANDA,PRTB,FEMININO,SUPERIOR COMPLETO,OUTROS,INAPTO,NÃO ELEITO,29.0,1.0,2822.09,0.0,,2.0,Estrutura financeira intermediária
250001597680,3093,DEMÉTRIUS ALVES CABRAL FILHO,DEMÉTRIUS ALVES,NOVO,MASCULINO,SUPERIOR INCOMPLETO,ADMINISTRADOR,INAPTO,NÃO ELEITO,52.0,0.0,1241.5300000000002,0.0,,2.0,Estrutura financeira intermediária
250001597706,3013,FABIO APARECIDO PLACIDO,FABIO PLACIDO,NOVO,MASCULINO,SUPERIOR COMPLETO,ENGENHEIRO,INAPTO,NÃO ELEITO,42.0,0.0,2091.53,850.0,,2.0,Estrutura financeira intermediária
250001620266,4027,KATIANE DA COSTA PEREIRA,KATY COSTA,PSB,FEMININO,SUPERIOR COMPLETO,ADMINISTRADOR,INAPTO,#NULO,40.0,0.0,0.0,0.0,,1.0,Baixa movimentação financeira
250001651386,4057,RODRIGO ALMEIDA PASSOS,RODRIGO AP,PSB,MASCULINO,SUPERIOR COMPLETO,POLICIAL MILITAR,INAPTO,#NULO,40.0,107000.0,0.0,0.0,,1.0,Baixa movimentação financeira
250001635953,3535,RODRIGO FAZITO ZIOLLI CALDERARO GIACOMINI,FAZITO,PMB,MASCULINO,SUPERIOR INCOMPLETO,EMPRESÁRIO,INAPTO,#NULO,39.0,940000.0,0.0,0.0,,1.0,Baixa movimentação financeira
250001695290,2774,ANTONIO EDUARDO ALTAVISTA,ALTAVISTA,DC,MASCULINO,SUPERIOR INCOMPLETO,APOSENTADO (EXCETO SERVIDOR PÚBLICO),INAPTO,#NULO,67.0,0.0,9071.05,0.0,,2.0,Estrutura financeira intermediária
250001695273,2708,AGUINALDO DE CARLOS,DE CARLOS,DC,MASCULINO,ENSINO MÉDIO COMPLETO,VENDEDOR DE COMÉRCIO VAREJISTA E ATACADISTA,INAPTO,#NULO,29.0,0.0,9071.05,0.0,,2.0,Estrutura financeira intermediária
250001622093,7095,MARIA CONCEIÇÃO DE OLIVEIRA SOUZA BARCELETE,PROF CONCEIÇÃO,AVANTE,FEMININO,SUPERIOR COMPLETO,PROFESSOR DE ENSINO MÉDIO,INAPTO,#NULO,55.0,0.0,0.0,0.0,,1.0,Baixa movimentação financeira
250001715906,2853,SIDNEY JOTA CARNEIRO,SIDNEY CARNEIRO,PRTB,MASCULINO,SUPERIOR COMPLETO,OUTROS,INAPTO,#NULO,62.0,0.01,2822.09,0.0,,2.0,Estrutura financeira intermediária
250001715884,2845,DANIELE FERNANDES FERREIRA MARQUES,DANIELE MARQUES,PRTB,FEMININO,SUPERIOR COMPLETO,PUBLICITÁRIO,INAPTO,#NULO,58.0,100000.0,2822.09,0.0,,0.0,Maior estrutura financeira
250001677879,9000,NEZIO ANTONIO MONTEIRO FILHO,NEZIO MONTEIRO,PROS,MASCULINO,SUPERIOR COMPLETO,OUTROS,INAPTO,#NULO,28.0,0.0,16609.6,9809.6,,2.0,Estrutura financeira intermediária
250001677878,9078,NAYARA MIRANDA ALVES,DRA NAYARA MIRANDA,PROS,FEMININO,SUPERIOR COMPLETO,ODONTÓLOGO,INAPTO,#NULO,33.0,0.0,0.0,0.0,,1.0,Baixa movimentação financeira
250001643921,2018,SILVANA MENDES MUSQUEIRA,SILVANA MENDES MUSQUEIRA,PSC,FEMININO,ENSINO MÉDIO COMPLETO,"CORRETOR DE IMÓVEIS, SEGUROS, TÍTULOS E VALORES",INAPTO,#NULO,58.0,20000.0,0.0,0.0,,1.0,Baixa movimentação financeira
250001640086,1444,MARCIO AUGUSTO DE MEDEIROS,APRESENTADOR MARCIO AUGUSTO,PTB,MASCULINO,SUPERIOR COMPLETO,JORNALISTA E REDATOR,INAPTO,#NULO,40.0,0.0,0.0,0.0,,1.0,Baixa movimentação financeira
250001597723,3009,TAIS ANTEZANA PACHECO,TAÍS ANTEZANA PACHECO,NOVO,FEMININO,SUPERIOR COMPLETO,EMPRESÁRIO,INAPTO,#NULO,35.0,0.0,1241.5300000000002,0.0,,2.0,Estrutura financeira intermediária
250001597689,3038,GISELE ARANHA SCHOWE,GISELE ARANHA,NOVO,FEMININO,SUPERIOR INCOMPLETO,VENDEDOR DE COMÉRCIO VAREJISTA E ATACADISTA,INAPTO,#NULO,35.0,17000.0,1241.5300000000002,0.0,,0.0,Maior estrutura financeira
250001604957,5524,MARIA APARECIDA ALCÂNTARA DE SOUSA,CIDA ALCÂNTARA,PSD,FEMININO,SUPERIOR COMPLETO,ASSISTENTE SOCIAL,INAPTO,#NULO,60.0,2803.0,0.0,0.0,,1.0,Baixa movimentação financeira
250001611371,2277,MIGUEL LOMBARDI,MIGUEL LOMBARDI,PL,MASCULINO,SUPERIOR COMPLETO,DEPUTADO,APTO,ELEITO POR QP,58.0,1307078.65,1202990.63,1410550.0,107869.0,0.0,Maior estrutura financeira
250001611362,2211,ANTONIO CARLOS RODRIGUES,ANTONIO CARLOS RODRIGUES,PL,MASCULINO,SUPERIOR COMPLETO,ADVOGADO,APTO,ELEITO POR QP,72.0,959044.62,1035345.04,952506.31,73054.0,0.0,Maior estrutura financeira
250001611323,2232,LUIZ ZACARIAS DE ARAUJO FILHO,LUIZ ZACARIAS,PL,MASCULINO,SUPERIOR COMPLETO,OUTROS,APTO,SUPLENTE,60.0,438419.3,580573.97,561957.25,22698.0,0.0,Maior estrutura financeira
250001611374,2222,EDUARDO NANTES BOLSONARO,EDUARDO BOLSONARO,PL,MASCULINO,SUPERIOR COMPLETO,DEPUTADO,APTO,ELEITO POR QP,38.0,1760000.0,807241.63,723530.1,741701.0,0.0,Maior estrutura financeira
250001611333,2243,LUIZ PHILIPPE DE ORLEANS E BRAGANÇA,LUIZ PHILIPPE DE O BRAGANÇA,PL,MASCULINO,SUPERIOR COMPLETO,EMPRESÁRIO,APTO,ELEITO POR QP,53.0,2506043.67,409860.63,402742.38,79210.0,0.0,Maior estrutura financeira
250001613764,5017,MÁRCIO LEANDRO CENTENORIO,MARCINHO BUCHECHA,PSOL,MASCULINO,ENSINO MÉDIO COMPLETO,VIGILANTE,APTO,SUPLENTE,42.0,203500.0,146286.85,82620.0,510.0,0.0,Maior estrutura financeira
250001613793,5089,LUCIENE CAVALCANTE DA SILVA,LUCIENE CAVALCANTE,PSOL,FEMININO,SUPERIOR COMPLETO,OUTROS,APTO,SUPLENTE,42.0,266860.74,506280.25,420247.72,49131.0,0.0,Maior estrutura financeira
250001613797,1822,PATRICIA SILVA ZANELLA,PATRICIA ZANELLA,REDE,FEMININO,SUPERIOR COMPLETO,OUTROS,APTO,SUPLENTE,26.0,2045.5700000000002,241400.0,201400.0,3147.0,2.0,Estrutura financeira intermediária
250001613813,1810,ADOLFO TIMOTIO,CACIQUE ADOLFO MANDATA RAÍZES,REDE,MASCULINO,ENSINO MÉDIO COMPLETO,OUTROS,APTO,SUPLENTE,57.0,15000.0,3200.0,3200.0,882.0,0.0,Maior estrutura financeira
250001610297,1901,MARIA CÉLIA RODRIGUES PACHECO,PROFESSORA MARIA CÉLIA,PODE,FEMININO,SUPERIOR COMPLETO,ADMINISTRADOR,APTO,SUPLENTE,50.0,566880.54,310350.0,303950.0,6940.0,0.0,Maior estrutura financeira
250001620303,4034,RENATO CARVALHO DONATO,RENATO DONATO,PSB,MASCULINO,SUPERIOR COMPLETO,ADVOGADO,APTO,SUPLENTE,39.0,261885.27,125086.96,103996.0,1951.0,0.0,Maior estrutura financeira
250001620286,4048,ORLANDO MENGATTI FILHO,NINO MENGATTI,PSB,MASCULINO,SUPERIOR COMPLETO,OUTROS,APTO,SUPLENTE,59.0,109199.27,133596.36,129584.79,2866.0,0.0,Maior estrutura financeira
250001620279,4038,JEFFERSON FERNANDO RIBEIRO CABRAL,JEFFERSON CABRAL,PSB,MASCULINO,SUPERIOR COMPLETO,APOSENTADO (EXCETO SERVIDOR PÚBLICO),APTO,SUPLENTE,54.0,0.0,49196.36,41195.15,177.0,2.0,Estrutura financeira intermediária
250001610261,1951,JOSÉ AFONSO LOBATO,PADRE AFONSO LOBATO,PODE,MASCULINO,SUPERIOR COMPLETO,SACERDOTE OU MEMBRO DE ORDEM OU SEITA RELIGIOSA,APTO,SUPLENTE,62.0,340378.46,1228952.23,1199062.73,37645.0,0.0,Maior estrutura financeira
250001610275,1950,AUGUSTO EDUARDO VIDAL NETO,EDUARDO VIDAL,PODE,MASCULINO,ENSINO MÉDIO COMPLETO,EMPRESÁRIO,APTO,SUPLENTE,39.0,56275.259999999995,121335.0,121219.23,2385.0,0.0,Maior estrutura financeira
250001610310,1937,MARIA LUCIA DA SILVA,MALU SILVA,PODE,FEMININO,SUPERIOR COMPLETO,OUTROS,APTO,SUPLENTE,48.0,34436.45,53898.2,49999.9,84.0,0.0,Maior estrutura financeira
250001610314,1996,LUIZ SCALEA,LUIZ PROTEÇÃO ANIMAL,PODE,MASCULINO,ENSINO FUNDAMENTAL COMPLETO,COMERCIANTE,APTO,SUPLENTE,55.0,298387.29,118730.0,99376.4,6818.0,0.0,Maior estrutura financeira
250001602030,4400,ROSANGELA MARIA WOLFF DE QUADROS MORO,ROSÂNGELA MORO,UNIÃO,FEMININO,SUPERIOR COMPLETO,ADVOGADO,APTO,ELEITO POR QP,48.0,1340088.1500000001,2869128.97,2797609.6,217170.0,0.0,Maior estrutura financeira
250001727937,4428,FABIO DE SALLES MEIRELLES NETO,FABIO MEIRELLES,UNIÃO,MASCULINO,SUPERIOR COMPLETO,AGRÔNOMO,APTO,SUPLENTE,38.0,293900.0,314849.53,306757.46,2849.0,0.0,Maior estrutura financeira
250001602078,4484,JEFFERSON LUIZ PEREIRA DA SILVA,JEFFINHO DO VALE,UNIÃO,MASCULINO,ENSINO MÉDIO COMPLETO,POLICIAL MILITAR,APTO,SUPLENTE,38.0,8400.0,325622.35000000003,310000.0,1123.0,0.0,Maior estrutura financeira
250001602046,4480,ANTONIO GOULART DOS REIS,GOULART,UNIÃO,MASCULINO,ENSINO MÉDIO COMPLETO,EMPRESÁRIO,APTO,SUPLENTE,68.0,897463.11,2342974.53,2315484.81,42365.0,0.0,Maior estrutura financeira
250001651724,4427,REINALDO MONTEIRO DA SILVA,REINALDO MONTEIRO,UNIÃO,MASCULINO,ENSINO MÉDIO COMPLETO,SERVIDOR PÚBLICO MUNICIPAL,APTO,SUPLENTE,47.0,473400.0,208723.58,200337.66,1368.0,0.0,Maior estrutura financeira
250001602039,4404,GIVANILSE DOS SANTOS,GIL DO CONSELHO,UNIÃO,MASCULINO,SUPERIOR COMPLETO,ADMINISTRADOR,APTO,SUPLENTE,47.0,62359.14,1566037.03,1557952.52,13430.0,0.0,Maior estrutura financeira
250001695277,2783,CARLOS AUGUSTO LESSA,CARLOS AUGUSTO LESSA,DC,MASCULINO,ENSINO MÉDIO COMPLETO,MOTORISTA DE VEÍCULOS DE TRANSPORTE COLETIVO DE PASSAGEIROS,APTO,NÃO ELEITO,39.0,0.0,10261.76,0.0,176.0,2.0,Estrutura financeira intermediária
250001695262,2711,MONIQUE FERNANDES MACHADO,MONYKE BRASIL,DC,FEMININO,ENSINO MÉDIO INCOMPLETO,ADMINISTRADOR,APTO,NÃO ELEITO,41.0,0.0,5000.0,4991.9,87.0,2.0,Estrutura financeira intermediária
250001613942,3300,CAIO LYSIAS SPINA,CAIO SPINA,PMN,MASCULINO,SUPERIOR INCOMPLETO,EMPRESÁRIO,APTO,NÃO ELEITO,49.0,10000.0,30000.0,30000.0,427.0,0.0,Maior estrutura financeira
250001613969,3346,MARCELO FRANCISCO DE LACERDA,CABELO,PMN,MASCULINO,SUPERIOR COMPLETO,PUBLICITÁRIO,APTO,NÃO ELEITO,45.0,8000.0,25000.0,24961.7,260.0,0.0,Maior estrutura financeira
250001613975,3344,PAULO ROBERTO DE ABREU,PAULO ABREU,PMN,MASCULINO,SUPERIOR COMPLETO,PROFESSOR DE ENSINO SUPERIOR,APTO,NÃO ELEITO,62.0,0.0,0.0,0.0,505.0,1.0,Baixa movimentação financeira
250001613973,3328,PATRÍCIA MORA D AVILA,PATRÍCIA MORA,PMN,FEMININO,SUPERIOR COMPLETO,ADVOGADO,APTO,NÃO ELEITO,50.0,852.33,25000.0,24720.0,256.0,0.0,Maior estrutura financeira
250001613982,3324,SONILDA SOARES CONSTANTINO DE OLIVEIRA,SONILDA SOARES,PMN,FEMININO,ENSINO MÉDIO COMPLETO,EMPRESÁRIO,APTO,NÃO ELEITO,44.0,50000.0,25000.0,0.0,60.0,0.0,Maior estrutura financeira
250001613983,3322,SYLVIO MACEDO SOARES JUNIOR,SYLVIO SOARES,PMN,MASCULINO,SUPERIOR COMPLETO,ANALISTA DE SISTEMAS,APTO,NÃO ELEITO,55.0,209000.0,0.0,0.0,218.0,1.0,Baixa movimentação financeira
250001640578,2111,EDUARDO DIAS REAL,EDUARDO REAL,PCB,MASCULINO,SUPERIOR INCOMPLETO,OUTROS,APTO,NÃO ELEITO,35.0,0.0,2263.0,23010.12,866.0,2.0,Estrutura financeira intermediária
250001622062,7087,JULIANA VALÉRIA DA SILVA,JUJU FERRARI,AVANTE,FEMININO,SUPERIOR COMPLETO,OUTROS,APTO,NÃO ELEITO,36.0,315000.0,224521.75,158000.0,923.0,0.0,Maior estrutura financeira
250001622075,7074,FRANCISCA SILVA SERRA MATIAS,DRA FRANCISCA,AVANTE,FEMININO,SUPERIOR COMPLETO,ADVOGADO,APTO,NÃO ELEITO,48.0,340000.0,18906.75,10000.0,334.0,0.0,Maior estrutura financeira
250001622082,7097,ANA FLÁVIA DE FARIAS ZENAIDE,ANA FLAVIA,AVANTE,FEMININO,SUPERIOR COMPLETO,ADMINISTRADOR,APTO,NÃO ELEITO,45.0,0.0,20078.5,10000.0,145.0,2.0,Estrutura financeira intermediária
250001622064,7069,ADRIANA PIERIN,ADRIANA VEGANE PIERIN,AVANTE,FEMININO,SUPERIOR COMPLETO,ADMINISTRADOR,APTO,NÃO ELEITO,53.0,1014.96,137845.0,116876.5,510.0,0.0,Maior estrutura financeira
250001622046,7094,ANTONIO MARCOS DA SILVA POLYCENO,ANTONIO MARCOS POLYCENO,AVANTE,MASCULINO,SUPERIOR INCOMPLETO,LOCUTOR E COMENTARISTA DE RÁDIO E TELEVISÃO E RADIALISTA,APTO,NÃO ELEITO,44.0,50000.0,13150.0,4500.0,569.0,0.0,Maior estrutura financeira
250001622074,7050,EUCLYDES DIAS BUCHLER,DR EUCLYDES O MÉDICO DO POVO,AVANTE,MASCULINO,SUPERIOR COMPLETO,MÉDICO,APTO,NÃO ELEITO,69.0,1411000.0,19445.0,7000.0,2242.0,0.0,Maior estrutura financeira
250001717180,3640,GONZAGA MENDES DE OLIVEIRA,OLIVEIRA,AGIR,MASCULINO,ENSINO FUNDAMENTAL COMPLETO,OUTROS,APTO,NÃO ELEITO,55.0,1200000.0,10000.0,10000.0,282.0,0.0,Maior estrutura financeira
250001717126,3614,ELIANA OLIVEIRA DE LIMA,ELIANA LIMA,AGIR,FEMININO,SUPERIOR COMPLETO,POLICIAL MILITAR,APTO,NÃO ELEITO,50.0,322000.0,25000.0,25000.0,169.0,0.0,Maior estrutura financeira
250001717140,3653,CARLOS HENRIQUE DARDE,CARLOS DARDÉ,AGIR,MASCULINO,SUPERIOR COMPLETO,ADVOGADO,APTO,NÃO ELEITO,62.0,5000.0,5000.0,5000.0,142.0,0.0,Maior estrutura financeira
250001717143,3624,LUCIANE SANDRA CAMBUIM,PROF. LUCIANE CAMBUIM,AGIR,FEMININO,SUPERIOR COMPLETO,OUTROS,APTO,NÃO ELEITO,51.0,400000.0,5950.0,5950.0,339.0,0.0,Maior estrutura financeira
250001717188,3646,JOSÉ PAULO DE MENDONÇA LEMOS,ZÉ DA ESTRADA,AGIR,MASCULINO,ENSINO FUNDAMENTAL COMPLETO,OUTROS,APTO,NÃO ELEITO,70.0,0.0,5000.0,5000.0,196.0,2.0,Estrutura financeira intermediária
250001717169,3636,CARLOS ROBERTO DE ALMEIDA,CARLOS ROBERTO,AGIR,MASCULINO,SUPERIOR COMPLETO,ADMINISTRADOR,APTO,NÃO ELEITO,56.0,0.0,1554166.5,1554166.5,4660.0,2.0,Estrutura financeira intermediária
250001717176,3662,CICERO SANTANA DA SILVA,CICERO PERUEIRO,AGIR,MASCULINO,ENSINO FUNDAMENTAL INCOMPLETO,MOTORISTA DE VEÍCULOS DE TRANSPORTE COLETIVO DE PASSAGEIROS,APTO,NÃO ELEITO,60.0,0.0,0.0,0.0,120.0,1.0,Baixa movimentação financeira
250001717130,3667,ROMULO APARECIDO SENNA DE SOUZA,PROF. ROMULO SENNA,AGIR,MASCULINO,SUPERIOR COMPLETO,OUTROS,APTO,NÃO ELEITO,41.0,0.0,0.0,0.0,1309.0,1.0,Baixa movimentação financeira
250001611224,1545,ROBERTO RUFCA DE OLIVEIRA,ROBERTO RUFCA,MDB,MASCULINO,SUPERIOR COMPLETO,LOCUTOR E COMENTARISTA DE RÁDIO E TELEVISÃO E RADIALISTA,APTO,SUPLENTE,59.0,376176.97,180450.0,177289.34,2541.0,0.0,Maior estrutura financeira
250001611223,1552,MARCIO GONÇALVES MACIEL,MARCINHO DA ACIU,MDB,MASCULINO,ENSINO FUNDAMENTAL INCOMPLETO,EMPRESÁRIO,APTO,SUPLENTE,53.0,381208.22,158000.0,151927.97,1945.0,0.0,Maior estrutura financeira
250001611276,1558,APARECIDO SARAIVA DA ROCHA,CIDO SARAIVA,MDB,MASCULINO,ENSINO MÉDIO COMPLETO,EMPRESÁRIO,APTO,SUPLENTE,59.0,4437785.58,666524.24,666524.24,23067.0,0.0,Maior estrutura financeira
250001611239,1508,ANDREIA VAZ TOSTES IRENTE,ANDREIA VAZ,MDB,FEMININO,SUPERIOR COMPLETO,CONTADOR,APTO,SUPLENTE,49.0,3008500.0,20000.0,19860.0,1431.0,0.0,Maior estrutura financeira
250001649674,1526,FRANCISCO DE ASSIS CARVALHO ARTEN,ARTEN,MDB,MASCULINO,SUPERIOR COMPLETO,ADVOGADO,APTO,SUPLENTE,63.0,150802.34,100000.0,99961.8,8524.0,0.0,Maior estrutura financeira
250001649675,1547,KARLA JULIANE DA SILVA ALVES FRANCISCO,KARLA ALVES,MDB,FEMININO,ENSINO MÉDIO COMPLETO,CABELEIREIRO E BARBEIRO,APTO,SUPLENTE,34.0,0.0,20000.0,20000.0,269.0,2.0,Estrutura financeira intermediária
250001611255,1518,FABIO RINALDI MANZANO,FABIO MANZANO,MDB,MASCULINO,SUPERIOR COMPLETO,ADVOGADO,APTO,SUPLENTE,38.0,750897.12,253232.78,247882.78,2655.0,0.0,Maior estrutura financeira
250001611232,1582,ELIANA MARUCCI COSTA MIRANDA,ELIANA MARUCCI,MDB,FEMININO,ENSINO MÉDIO COMPLETO,OUTROS,APTO,SUPLENTE,58.0,0.0,20000.0,20000.0,444.0,2.0,Estrutura financeira intermediária
250001611243,1542,CLAUDINEI DA ROCHA CORDEIRO,CLAUDINEI DA ROCHA,MDB,MASCULINO,SUPERIOR COMPLETO,"SENADOR, DEPUTADO E VEREADOR",APTO,SUPLENTE,54.0,0.0,120000.0,120000.0,4591.0,2.0,Estrutura financeira intermediária
250001611261,1555,KAUÊ CESAR SILVA,KAUÊ DA GENTE,MDB,MASCULINO,SUPERIOR COMPLETO,EMPRESÁRIO,APTO,SUPLENTE,33.0,252143.00999999998,600439.1,600374.6,8321.0,0.0,Maior estrutura financeira
250001643862,2010,ELISSANDRO MARCIO SILVA LINDOSO,DR. LINDOSO,PSC,MASCULINO,SUPERIOR COMPLETO,MÉDICO,APTO,SUPLENTE,45.0,1523000.0,262000.0,255974.9,31017.0,0.0,Maior estrutura financeira
250001643870,2081,CLAUDIA CRISTINA DA SILVA COSTA,CRIS COSTA,PSC,FEMININO,ENSINO MÉDIO COMPLETO,EMPRESÁRIO,APTO,SUPLENTE,50.0,0.0,15000.0,15000.0,98.0,2.0,Estrutura financeira intermediária
250001643876,2014,ANA PAULA JOSÉ EMÍDIO DA SILVA,PAULINHA DA SAÚDE,PSC,FEMININO,ENSINO MÉDIO COMPLETO,TÉCNICO DE ENFERMAGEM E ASSEMELHADOS (EXCETO ENFERMEIRO),APTO,SUPLENTE,51.0,9200.0,35000.0,30000.45,877.0,0.0,Maior estrutura financeira
250001643923,2083,PAULO PRADO LEITE,PR. PAULINHO ALELUIA,PSC,MASCULINO,ENSINO FUNDAMENTAL INCOMPLETO,"ENCANADOR, SOLDADOR, CHAPEADOR E CALDEIREIRO",APTO,SUPLENTE,55.0,350000.0,0.0,350.0,523.0,1.0,Baixa movimentação financeira
250001643911,2057,ROBSON LIMA DE OLIVEIRA,PASTOR ROBSON OLIVEIRA,PSC,MASCULINO,ENSINO MÉDIO COMPLETO,OUTROS,APTO,SUPLENTE,32.0,17900.0,0.0,0.0,49.0,1.0,Baixa movimentação financeira
250001643861,2031,GLALSON CHAMON DA SILVA,CHAMON,PSC,MASCULINO,ENSINO MÉDIO COMPLETO,EMPRESÁRIO,APTO,SUPLENTE,51.0,704000.0,10000.0,9958.0,3684.0,0.0,Maior estrutura financeira
250001612122,2377,ELDO PEDRO DA SILVA,ELDO SILVA,CIDADANIA,MASCULINO,SUPERIOR COMPLETO,ADMINISTRADOR,APTO,SUPLENTE,44.0,145000.0,0.0,0.0,679.0,1.0,Baixa movimentação financeira
250001612098,4563,JOÃO ROGÉRIO RODRIGUES VICARI,ROGERIO VICARI,PSDB,MASCULINO,SUPERIOR COMPLETO,PROFESSOR DE ENSINO SUPERIOR,APTO,SUPLENTE,62.0,265000.0,11590.900000000001,0.0,825.0,0.0,Maior estrutura financeira
250001612137,4523,ALEXSSANDRO BUSSOLA,SANDRO BUSSOLA,PSDB,MASCULINO,SUPERIOR COMPLETO,JORNALISTA E REDATOR,APTO,SUPLENTE,47.0,0.0,138590.9,124618.24,5716.0,2.0,Estrutura financeira intermediária
250001612101,2324,MÁRCIA ROCHA,MÁRCIA ROCHA,CIDADANIA,FEMININO,SUPERIOR COMPLETO,EMPRESÁRIO,APTO,SUPLENTE,57.0,3476685.0,548860.9,533878.66,2858.0,0.0,Maior estrutura financeira
250001612095,4510,VITOR LIPPI,VITOR LIPPI,PSDB,MASCULINO,SUPERIOR COMPLETO,DEPUTADO,APTO,ELEITO POR QP,63.0,1387564.5899999999,2782433.36,2750100.0,106661.0,0.0,Maior estrutura financeira
250001726455,4544,ADRIANA GLEDYS ZINK,ADRIANA ZINK,PSDB,FEMININO,SUPERIOR COMPLETO,ODONTÓLOGO,APTO,SUPLENTE,51.0,476792.5,51590.9,39642.8,4439.0,0.0,Maior estrutura financeira
250001612141,4545,JOSÉ SERRA,JOSÉ SERRA,PSDB,MASCULINO,SUPERIOR COMPLETO,SENADOR,APTO,SUPLENTE,80.0,513128.61,3175000.0,3174932.62,88926.0,0.0,Maior estrutura financeira
250001620749,5107,VALDIR ANTONIO MASSUCATO,MASSUCATO,PATRIOTA,MASCULINO,SUPERIOR INCOMPLETO,EMPRESÁRIO,APTO,NÃO ELEITO,61.0,1356053.22,372271.7,366241.85,8046.0,0.0,Maior estrutura financeira
250001620775,5103,LUCIANA CUNHA,LUCIANA CUNHA,PATRIOTA,FEMININO,SUPERIOR COMPLETO,OUTROS,APTO,NÃO ELEITO,56.0,798000.0,43409.79,19712.05,423.0,0.0,Maior estrutura financeira
250001620758,5132,AMANDA SANTOS DA SILVA,AMANDA SANTOS,PATRIOTA,FEMININO,ENSINO MÉDIO COMPLETO,AUXILIAR DE ESCRITÓRIO E ASSEMELHADOS,APTO,NÃO ELEITO,33.0,2500.0,66839.79,39991.0,319.0,0.0,Maior estrutura financeira
250001620713,5130,NOILTON SILVESTRE RAMOS,NOILTON RAMOS,PATRIOTA,MASCULINO,SUPERIOR COMPLETO,EMPRESÁRIO,APTO,NÃO ELEITO,58.0,1032977.97,212281.4,199818.4,5756.0,0.0,Maior estrutura financeira
250001620710,5181,THEREZA CHRISTINA FARIA LIMA,THEREZA FARIA LIMA,PATRIOTA,FEMININO,SUPERIOR COMPLETO,MEMBRO DAS FORÇAS ARMADAS,APTO,NÃO ELEITO,62.0,828248.54,65339.79,34600.0,647.0,0.0,Maior estrutura financeira
250001620721,5121,TIOKI OGUSUKA,DR TIOKI OGUSUKA,PATRIOTA,MASCULINO,SUPERIOR COMPLETO,MÉDICO,APTO,NÃO ELEITO,71.0,12000000.0,125778.9,99991.45,3105.0,0.0,Maior estrutura financeira
250001620723,5175,FLAVIA FERREIRA DO PRADO,FLAVIA PRADO,PATRIOTA,FEMININO,ENSINO MÉDIO COMPLETO,OUTROS,APTO,NÃO ELEITO,44.0,0.0,35964.79,15000.0,144.0,2.0,Estrutura financeira intermediária
250001620761,5122,VITOR LEONARDO SANTOS VARCILIO,MAJOR VITOR SANTOS,PATRIOTA,MASCULINO,SUPERIOR COMPLETO,MEMBRO DAS FORÇAS ARMADAS,APTO,NÃO ELEITO,39.0,1500007.6900000002,153313.9,132430.45,8518.0,0.0,Maior estrutura financeira
250001620707,5115,JESSICA VILOCANIA SEVERINO,JESSICA VILOCANIA,PATRIOTA,FEMININO,SUPERIOR COMPLETO,"SUPERVISOR, INSPETOR E AGENTE DE COMPRAS E VENDAS",APTO,NÃO ELEITO,27.0,0.0,203739.79,149982.48,1168.0,2.0,Estrutura financeira intermediária
250001620740,5153,FERNANDO BELCHIOR DIAS,FERNANDO DIAS,PATRIOTA,MASCULINO,SUPERIOR COMPLETO,SERVIDOR PÚBLICO MUNICIPAL,APTO,NÃO ELEITO,39.0,649458.23,100000.0,100000.0,2350.0,0.0,Maior estrutura financeira
250001700019,2929,JOÃO JORGE CAPRONI COSTA PIMENTA,JOÃO JORGE,PCO,MASCULINO,SUPERIOR INCOMPLETO,JORNALISTA E REDATOR,APTO,NÃO ELEITO,25.0,0.0,11974.36,0.0,1121.0,2.0,Estrutura financeira intermediária
250001611405,1630,ANTONIO RIBEIRO DUARTE,DUARTE DA BRASILÂNDIA,PSTU,MASCULINO,ENSINO MÉDIO COMPLETO,APOSENTADO (EXCETO SERVIDOR PÚBLICO),APTO,NÃO ELEITO,62.0,124100.0,11324.81,5901.3,488.0,0.0,Maior estrutura financeira
250001610665,6500,ISADORA MARTINATTI PENNA,ISA PENNA,PC do B,FEMININO,SUPERIOR COMPLETO,ADVOGADO,APTO,SUPLENTE,31.0,0.0,2423153.83,2420315.0,31092.0,2.0,Estrutura financeira intermediária
250001610660,4343,MARIA REGINA GONÇALVES,REGINA GONÇALVES,PV,FEMININO,SUPERIOR COMPLETO,SERVIDOR PÚBLICO MUNICIPAL,APTO,SUPLENTE,61.0,685802.46,2120010.06,2058888.11,8905.0,0.0,Maior estrutura financeira
250001610676,4342,RAUL THAME DE TOLEDO ALMEIDA,THAME,PV,MASCULINO,SUPERIOR COMPLETO,EMPRESÁRIO,APTO,SUPLENTE,39.0,748254.0,130074.0,115600.0,655.0,0.0,Maior estrutura financeira
250001610658,1391,LUCIENE BARROS VERISSIMO DA SILVA,LUCIENE DIRETORA,PT,FEMININO,SUPERIOR COMPLETO,SERVIDOR PÚBLICO CIVIL APOSENTADO,APTO,SUPLENTE,55.0,37000.0,113021.48,105322.99,2432.0,0.0,Maior estrutura financeira
250001610677,1325,KERLLYN DE OLIVEIRA MENEGUSSE,KERLLYN OLIVEIRA,PT,FEMININO,SUPERIOR INCOMPLETO,"CORRETOR DE IMÓVEIS, SEGUROS, TÍTULOS E VALORES",APTO,SUPLENTE,46.0,64500.0,74498.15,65416.11,3919.0,0.0,Maior estrutura financeira
250001610696,1326,EMERSON DE ABREU SANTANA,MACARRÃO,PT,MASCULINO,SUPERIOR COMPLETO,COMERCIANTE,APTO,SUPLENTE,48.0,0.0,83088.15,75250.0,3757.0,2.0,Estrutura financeira intermediária
250001610707,1361,GERALDO MARTINS DE SOUZA,GERALDO MARTINS,PT,MASCULINO,SUPERIOR COMPLETO,PROFESSOR DE ENSINO SUPERIOR,APTO,SUPLENTE,54.0,124278.0,26671.48,20000.0,4775.0,0.0,Maior estrutura financeira
250001610650,1340,RAFAEL BRUXELLAS PARRA,BRUXELLAS,PT,MASCULINO,SUPERIOR COMPLETO,EMPRESÁRIO,APTO,SUPLENTE,29.0,26174.42,381980.21,365668.73,17251.0,0.0,Maior estrutura financeira
250001610712,1322,ARLINDO CHIGNALIA JUNIOR,ARLINDO CHINAGLIA,PT,MASCULINO,SUPERIOR COMPLETO,MÉDICO,APTO,ELEITO POR QP,72.0,528530.09,2223367.16,2212230.4,144108.0,0.0,Maior estrutura financeira
250001610669,1350,MATEUS OLIVEIRA MORO,MATEUS MORO,PT,MASCULINO,SUPERIOR COMPLETO,SERVIDOR PÚBLICO ESTADUAL,APTO,SUPLENTE,40.0,739623.2799999999,63164.479999999996,54993.0,4928.0,0.0,Maior estrutura financeira
250001610681,1309,ANTONIO ALBERTO MACHADO,MACHADO,PT,MASCULINO,SUPERIOR COMPLETO,PROFESSOR DE ENSINO SUPERIOR,APTO,SUPLENTE,64.0,3274703.61,275230.85000000003,268418.7,16047.0,0.0,Maior estrutura financeira
250001610705,1301,FRANCISCO DANIEL CELEGUIM DE MORAIS,KIKO CELEGUIM,PT,MASCULINO,SUPERIOR COMPLETO,RELAÇÕES-PÚBLICAS,APTO,ELEITO POR QP,38.0,861660.33,1708637.92,1699703.97,167438.0,0.0,Maior estrutura financeira
250001610655,4318,HENRI HAIM ESSES,HENRI ESSES,PV,MASCULINO,SUPERIOR COMPLETO,EMPRESÁRIO,APTO,SUPLENTE,62.0,0.0,64474.0,51700.0,182.0,2.0,Estrutura financeira intermediária
250001606112,7732,JORGE BATISTA LOPES,JORGE BATISTA,SOLIDARIEDADE,MASCULINO,ENSINO MÉDIO COMPLETO,EMPRESÁRIO,APTO,SUPLENTE,58.0,1030000.0,107868.4,91686.97,470.0,0.0,Maior estrutura financeira
250001606089,7766,EUNICE FATIMA RODRIGUES REBOUÇAS DO NASCIMENTO,ENFERMEIRA EUNICE DANTAS,SOLIDARIEDADE,FEMININO,SUPERIOR COMPLETO,ENFERMEIRO,APTO,SUPLENTE,62.0,1800000.0,122770.56,103920.9,801.0,0.0,Maior estrutura financeira
250001606065,7722,DANILO MARCO MORGADO SILVA,DANILO MORGADO,SOLIDARIEDADE,MASCULINO,SUPERIOR INCOMPLETO,EMPRESÁRIO,APTO,SUPLENTE,37.0,400000.0,1153137.4,1143353.35,23943.0,0.0,Maior estrutura financeira
250001606111,7720,LUIZ CLAUDIO LUZ DA CONCEIÇÃO,CLAUDIO JACARÉ,SOLIDARIEDADE,MASCULINO,SUPERIOR COMPLETO,OUTROS,APTO,SUPLENTE,50.0,211996.78,103271.6,89028.2,554.0,0.0,Maior estrutura financeira
250001606113,7747,MAXIMILIANO RODRIGUES,MAX RODRIGUES,SOLIDARIEDADE,MASCULINO,SUPERIOR INCOMPLETO,EMPRESÁRIO,APTO,SUPLENTE,50.0,0.0,87978.4,56203.770000000004,743.0,2.0,Estrutura financeira intermediária
250001643738,1211,FÁBIO SILVA MOREIRA,FÁBIO MOREIRA,PDT,MASCULINO,SUPERIOR COMPLETO,EMPRESÁRIO,APTO,NÃO ELEITO,41.0,3258000.0,40000.0,94982.12,1051.0,0.0,Maior estrutura financeira
250001643712,1288,ADRIANO CESAR DA SILVEIRA ZAMBELLI,ADRIANO SOPÓ,PDT,MASCULINO,SUPERIOR COMPLETO,SERVIDOR PÚBLICO ESTADUAL,APTO,NÃO ELEITO,51.0,292214.66000000003,100000.0,99886.5,3130.0,0.0,Maior estrutura financeira
250001643723,1275,MARIA JOAQUINA DOS SANTOS,MARIA JOAQUINA,PDT,FEMININO,SUPERIOR COMPLETO,AGENTE ADMINISTRATIVO,APTO,NÃO ELEITO,47.0,0.0,101500.0,100000.0,5874.0,2.0,Estrutura financeira intermediária
250001604874,1449,VAGNER BERTI,VAGNER BERTI,PTB,MASCULINO,SUPERIOR COMPLETO,EMPRESÁRIO,APTO,NÃO ELEITO,52.0,0.0,10000.0,0.0,557.0,2.0,Estrutura financeira intermediária
250001604859,1490,JULIANA PINTO GONÇALVES,CAPITÃ MÉDICA JULIANA,PTB,FEMININO,SUPERIOR COMPLETO,MÉDICO,APTO,NÃO ELEITO,42.0,517975.45,120000.0,110965.84,1301.0,0.0,Maior estrutura financeira
250001723638,1444,CRISTIANE BRASIL FRANCISCO,CRIS BRASIL,PTB,FEMININO,SUPERIOR COMPLETO,ADVOGADO,APTO,NÃO ELEITO,48.0,448320.0,2877000.0,2875877.85,6730.0,0.0,Maior estrutura financeira
250001604838,1469,ITALO LORENZON NETO,ITALO LORENZON,PTB,MASCULINO,SUPERIOR INCOMPLETO,OUTROS,APTO,NÃO ELEITO,33.0,0.0,26500.0,25000.0,4619.0,2.0,Estrutura financeira intermediária
250001604858,1402,LUCIANA RIBEIRO CASTELLAN,LUCIANA CASTELLAN,PTB,FEMININO,SUPERIOR COMPLETO,PROFESSOR DE ENSINO SUPERIOR,APTO,NÃO ELEITO,45.0,0.0,81242.0,80920.68000000001,896.0,2.0,Estrutura financeira intermediária
250001604817,1410,DANILA CINTIA AZEVEDO DE OLIVEIRA,DANILA AZEVEDO,PTB,FEMININO,SUPERIOR COMPLETO,EMPRESÁRIO,APTO,NÃO ELEITO,43.0,0.0,31550.0,31550.0,2676.0,2.0,Estrutura financeira intermediária
250001604853,1443,CLAUDINEIA MOREIRA DE ALMEIDA,CLAL ALMEIDA,PTB,FEMININO,SUPERIOR COMPLETO,ADVOGADO,APTO,NÃO ELEITO,51.0,200000.0,39000.0,35000.0,290.0,0.0,Maior estrutura financeira
250001604877,1460,SYLVIO MALHEIRO JUNIOR,SYLVIO MALHEIRO,PTB,MASCULINO,SUPERIOR COMPLETO,OUTROS,APTO,NÃO ELEITO,53.0,989709.0,190850.0,190100.0,2691.0,0.0,Maior estrutura financeira
250001612019,1178,MARCOS APARECIDO VARGAS,PROFESSOR MARCOS VARGAS,PP,MASCULINO,SUPERIOR COMPLETO,DIRETOR DE ESTABELECIMENTO DE ENSINO,APTO,SUPLENTE,58.0,82500.0,14280.0,4280.0,797.0,0.0,Maior estrutura financeira
250001611969,1145,ADRIANO GUIMARÃES SIMÕES,ADRIANO GUIMARÃES,PP,MASCULINO,ENSINO MÉDIO COMPLETO,OUTROS,APTO,SUPLENTE,46.0,15482.0,300.0,300.0,1371.0,1.0,Baixa movimentação financeira
250001612016,1188,LUCAS SANCHES PROMESSIA,LUCAS SANCHES,PP,MASCULINO,SUPERIOR COMPLETO,VEREADOR,APTO,SUPLENTE,26.0,138395.37,385186.0,349390.89,40881.0,0.0,Maior estrutura financeira
250001597712,3098,JOSE ANDRE FERNANDES,PROFESSOR ANDRÉ,NOVO,MASCULINO,SUPERIOR COMPLETO,EMPRESÁRIO,APTO,SUPLENTE,60.0,3767600.0,1811.5300000000002,525.8,748.0,0.0,Maior estrutura financeira
250001597673,3041,ALEXANDRE MENDES PINHEIRO,ALEXANDRE PINHEIRO,NOVO,MASCULINO,SUPERIOR COMPLETO,ANALISTA DE SISTEMAS,APTO,SUPLENTE,50.0,1403376.33,2891.53,1499.44,704.0,0.0,Maior estrutura financeira
250001597710,3055,FERNANDO HOLIDAY SILVA BISPO,FERNANDO HOLIDAY,NOVO,MASCULINO,SUPERIOR COMPLETO,VEREADOR,APTO,SUPLENTE,26.0,89977.2,687715.6,636757.21,38118.0,0.0,Maior estrutura financeira
250001597672,3056,ALESSANDRA REGINA VERGILIO,ALESSANDRA VERGILIO,NOVO,FEMININO,SUPERIOR COMPLETO,FARMACÊUTICO,APTO,SUPLENTE,44.0,360000.0,1741.5300000000002,500.0,793.0,0.0,Maior estrutura financeira
250001597694,3019,JANAINA MACEDO CALVO,JANAINA CALVO,NOVO,FEMININO,SUPERIOR COMPLETO,ECONOMISTA,APTO,SUPLENTE,50.0,1374789.09,27516.09,26274.56,1959.0,0.0,Maior estrutura financeira
250001597702,3088,MARLI GOMES DO CARMO,MARLI GOMES,NOVO,FEMININO,SUPERIOR COMPLETO,ADVOGADO,APTO,SUPLENTE,58.0,660000.0,7525.53,6235.99,1121.0,0.0,Maior estrutura financeira
250001597721,3047,RAFAEL DOS ANJOS SILVA,RAFAEL DOS ANJOS,NOVO,MASCULINO,SUPERIOR COMPLETO,CONTADOR,APTO,SUPLENTE,39.0,78000.0,4435.860000000001,2630.0,467.0,0.0,Maior estrutura financeira
250001604950,5513,CLEBER JACOB,CLEBER JACOB,PSD,MASCULINO,SUPERIOR INCOMPLETO,JORNALISTA E REDATOR,APTO,SUPLENTE,49.0,76000.0,60256.41,50000.0,2806.0,0.0,Maior estrutura financeira
250001604972,5555,GUILHERME CAMPOS JUNIOR,GUILHERME CAMPOS,PSD,MASCULINO,SUPERIOR COMPLETO,SERVIDOR PÚBLICO ESTADUAL,APTO,SUPLENTE,59.0,859902.0,1198682.3599999999,1179425.95,43757.0,0.0,Maior estrutura financeira
250001604973,5595,ELAINE DOSOLINA FAVERO,FAVERO,PSD,FEMININO,ENSINO MÉDIO COMPLETO,OUTROS,APTO,SUPLENTE,53.0,295000.0,40256.41,29772.9,100.0,0.0,Maior estrutura financeira
250001604985,5567,WALLACE COSTA LANDIM,CHORÃO CAMINHONEIRO,PSD,MASCULINO,SUPERIOR COMPLETO,MOTORISTA PARTICULAR,APTO,SUPLENTE,43.0,770000.0,500256.41000000003,485998.88,1444.0,0.0,Maior estrutura financeira
250001604980,5543,PEDRO TADEU BATISTA,PEDRO VADER,PSD,MASCULINO,SUPERIOR COMPLETO,EMPRESÁRIO,APTO,SUPLENTE,56.0,84500.0,26766.0,26750.0,1072.0,0.0,Maior estrutura financeira
250001611904,1025,CARLOS MINORU ISHIKO,DR MINORU,REPUBLICANOS,MASCULINO,SUPERIOR COMPLETO,EMPRESÁRIO,APTO,SUPLENTE,62.0,0.0,102061.0,89622.0,1086.0,2.0,Estrutura financeira intermediária
250001611906,1097,FAUSTO ALVES RAMALHO,CABO FAUSTO RAMALHO,REPUBLICANOS,MASCULINO,ENSINO MÉDIO COMPLETO,POLICIAL MILITAR,APTO,SUPLENTE,49.0,33000.0,132221.0,95490.97,951.0,0.0,Maior estrutura financeira
250001611880,1066,ELIAS BONFIM AGUIAR DE SOUZA,CAPITÃO ELIAS BONFIM,REPUBLICANOS,MASCULINO,SUPERIOR COMPLETO,POLICIAL MILITAR,APTO,SUPLENTE,48.0,469000.0,46420.0,40000.0,5789.0,0.0,Maior estrutura financeira
250001611901,1063,ESNAR DONIZETI RIBEIRO LUZ,ESNAR RIBEIRO,REPUBLICANOS,MASCULINO,ENSINO MÉDIO COMPLETO,LOCUTOR E COMENTARISTA DE RÁDIO E TELEVISÃO E RADIALISTA,APTO,SUPLENTE,58.0,1030100.0,98777.0,89937.04,14219.0,0.0,Maior estrutura financeira
250001611860,1044,RITA DE CASSIA TRINCA PASSOS,RITA PASSOS,REPUBLICANOS,FEMININO,SUPERIOR COMPLETO,EMPRESÁRIO,APTO,SUPLENTE,61.0,4370608.72,2517573.2,2516928.48,57800.0,0.0,Maior estrutura financeira
250001611903,1018,GUILHERME PIAI SILVA FILIZZOLA,GUILHERME PIAI,REPUBLICANOS,MASCULINO,SUPERIOR COMPLETO,EMPRESÁRIO,APTO,SUPLENTE,32.0,2662430.39,858606.91,858606.91,63190.0,0.0,Maior estrutura financeira
250001652609,1095,ADEMILSON DA CONCEIÇÃO CUNHA,ADEMILSON CUNHA,REPUBLICANOS,MASCULINO,SUPERIOR COMPLETO,EMPRESÁRIO,APTO,SUPLENTE,70.0,1926162.03,40000.0,40180.0,634.0,0.0,Maior estrutura financeira
250001611881,1015,DANIEL MOTTA DE OLIVEIRA,DANIEL MOTTA,REPUBLICANOS,MASCULINO,SUPERIOR COMPLETO,SERVIDOR PÚBLICO ESTADUAL,APTO,SUPLENTE,43.0,7000.0,91185.0,89470.85,1607.0,0.0,Maior estrutura financeira
250001611845,1087,ELIANE DE SOUSA ALVES MACHADO,ELY SANTOS,REPUBLICANOS,FEMININO,ENSINO MÉDIO COMPLETO,EMPRESÁRIO,APTO,SUPLENTE,45.0,252566.56,2513831.3,2679219.66,93305.0,0.0,Maior estrutura financeira
250001611365,2210,CARLA ZAMBELLI SALGADO DE OLIVEIRA,CARLA ZAMBELLI,PL,FEMININO,SUPERIOR COMPLETO,DEPUTADO,APTO,ELEITO POR QP,42.0,150556.75,2146899.69,2087966.56,946244.0,0.0,Maior estrutura financeira
250001677873,9045,LUIS ROSAS JUNIOR,LUIS ROSAS,PROS,MASCULINO,SUPERIOR COMPLETO,ADVOGADO,APTO,NÃO ELEITO,50.0,57000.0,31200.0,29905.6,623.0,0.0,Maior estrutura financeira
250001677868,9006,FÁBIO AUGUSTO PESCINELLI,SARGENTO FABIO KOJAK,PROS,MASCULINO,ENSINO MÉDIO COMPLETO,APOSENTADO (EXCETO SERVIDOR PÚBLICO),APTO,NÃO ELEITO,57.0,70000.0,0.0,0.0,80.0,1.0,Baixa movimentação financeira
250001677901,9098,ELISANGELA CLENILDA NOBREGA,ELLIS NOBREGA,PROS,FEMININO,SUPERIOR INCOMPLETO,"CORRETOR DE IMÓVEIS, SEGUROS, TÍTULOS E VALORES",APTO,NÃO ELEITO,43.0,492000.0,6450.0,6450.0,376.0,0.0,Maior estrutura financeira
250001677924,9055,DURVAL LOPES ORLATO,DURVAL ORLATO,PROS,MASCULINO,SUPERIOR COMPLETO,PROFESSOR DE ENSINO SUPERIOR,APTO,NÃO ELEITO,58.0,2278989.12,813000.0,810000.0,6331.0,0.0,Maior estrutura financeira
250001677867,9015,EMERSON VANCINI,EMERSON DURAN,PROS,MASCULINO,ENSINO FUNDAMENTAL COMPLETO,COMERCIANTE,APTO,NÃO ELEITO,51.0,25800.0,0.0,0.0,69.0,1.0,Baixa movimentação financeira
250001677919,9077,ODIMAR BARRETO DOS SANTOS,MAJOR BARRETO,PROS,MASCULINO,SUPERIOR COMPLETO,EMPRESÁRIO,APTO,NÃO ELEITO,60.0,0.0,300000.0,299927.0,903.0,2.0,Estrutura financeira intermediária
250001677864,9074,ALUISIO LUNDGREN CORREA REGIS,ALUISIO LUNDGREN,PROS,MASCULINO,SUPERIOR COMPLETO,ADVOGADO,APTO,NÃO ELEITO,48.0,0.0,2000.0,2000.0,65.0,2.0,Estrutura financeira intermediária
250001677887,9096,TASSIO RENAM SOUZA BOTELHO,DR TASSIO RENAM,PROS,MASCULINO,SUPERIOR COMPLETO,ADVOGADO,APTO,NÃO ELEITO,28.0,0.0,90.96,0.0,8.0,2.0,Estrutura financeira intermediária
250001635951,3550,OSMAR DELLA PASCHOA JUNIOR,OSMAR DELLA PASCHOA,PMB,MASCULINO,SUPERIOR COMPLETO,EMPRESÁRIO,APTO,NÃO ELEITO,50.0,152389.0,31280.0,28715.8,591.0,0.0,Maior estrutura financeira
250001635939,3577,STEVEN SANTOS DE LIMA,STEVEN LIMA,PMB,MASCULINO,SUPERIOR COMPLETO,EMPRESÁRIO,APTO,NÃO ELEITO,45.0,30708.0,0.0,0.0,146.0,1.0,Baixa movimentação financeira
250001635954,3540,ROSANGELA CARDOSO,RO CARDOSO,PMB,FEMININO,SUPERIOR COMPLETO,GERENTE,APTO,NÃO ELEITO,34.0,55000.0,0.0,0.0,178.0,1.0,Baixa movimentação financeira
250001715892,2808,BRUNO MARINHO BARCELLOS,BRUNO MARINHO NETO,PRTB,MASCULINO,SUPERIOR COMPLETO,EMPRESÁRIO,APTO,NÃO ELEITO,39.0,0.01,2822.09,0.0,185.0,2.0,Estrutura financeira intermediária
250001715840,2827,ELTON HUGO NEGRINI,DELEGADO ELTON NEGRINI,PRTB,MASCULINO,SUPERIOR COMPLETO,SERVIDOR PÚBLICO ESTADUAL,APTO,NÃO ELEITO,55.0,0.01,4032.09,1210.0,2382.0,2.0,Estrutura financeira intermediária
250001610274,1945,NEVTON OLIVEIRA ROCHA,DR NEVTON OLIVEIRA ROCHA,PODE,MASCULINO,SUPERIOR COMPLETO,MÉDICO,INAPTO,NÃO ELEITO,60.0,194100.0,37393.0,30633.78,1222.0,0.0,Maior estrutura financeira
250001734073,2788,MARIA TERESA SELBACH EYMAEL,TERESA EYMAEL,DC,FEMININO,SUPERIOR COMPLETO,EMPRESÁRIO,INAPTO,NÃO ELEITO,59.0,590000.0,5000.0,5000.0,,0.0,Maior estrutura financeira
250001695267,2718,MARISTELA MACHADO LEITE GOMES,MARISTELA MACHADO,DC,FEMININO,SUPERIOR COMPLETO,ADVOGADO,INAPTO,NÃO ELEITO,58.0,0.0,11302.230000000001,0.0,,2.0,Estrutura financeira intermediária
250001613980,3301,SIVONEI DOS SANTOS CORREIA,NEI CORREIA,PMN,MASCULINO,SUPERIOR COMPLETO,TÉCNICO DE ENFERMAGEM E ASSEMELHADOS (EXCETO ENFERMEIRO),INAPTO,NÃO ELEITO,43.0,92417.57,0.0,0.0,351.0,1.0,Baixa movimentação financeira
250001715900,2866,JANAÍNA VALÉRIA BUCKER RIEDO,JANAINA BUCKER RIEDO,PRTB,FEMININO,ENSINO MÉDIO COMPLETO,EMPRESÁRIO,APTO,NÃO ELEITO,50.0,10000.0,2822.09,0.0,101.0,0.0,Maior estrutura financeira
250001622087,7033,JOSE SILVA MIGUEL JUNIOR,ZÉ MIGUEL,AVANTE,MASCULINO,ENSINO MÉDIO COMPLETO,EMPRESÁRIO,INAPTO,NÃO ELEITO,36.0,807000.0,528347.25,471076.17,3753.0,0.0,Maior estrutura financeira
250001715885,2825,WILSON KEIITI HAYASHIDA,WILSON KEIITI JAPA,PRTB,MASCULINO,SUPERIOR COMPLETO,COMERCIANTE,APTO,NÃO ELEITO,65.0,985000.01,3472.09,552.0,203.0,0.0,Maior estrutura financeira
250001715854,2850,ELIANA GALVÃO DIAS,DRA ELIANA GALVÃO,PRTB,FEMININO,SUPERIOR COMPLETO,ADVOGADO,APTO,NÃO ELEITO,58.0,2360496.34,19714.45,16742.35,800.0,0.0,Maior estrutura financeira
250001715842,2835,EZEQUIEL SOUZA DE SÁ,EZEQUIEL DE SÁ,PRTB,MASCULINO,ENSINO MÉDIO COMPLETO,TRABALHADOR DE CONSTRUÇÃO CIVIL,APTO,NÃO ELEITO,44.0,1.0,2822.09,0.0,666.0,2.0,Estrutura financeira intermediária
250001717186,3654,JOSE GERALDO DE CARVALHO,ZEDAVAN,AGIR,MASCULINO,ENSINO MÉDIO COMPLETO,COMERCIANTE,INAPTO,NÃO ELEITO,56.0,1500000.0,5000.0,0.0,326.0,0.0,Maior estrutura financeira
250001717129,3638,ROBERTO DE PAULA SOUZA,PROFESSOR ROBERTO DE PAULA,AGIR,MASCULINO,SUPERIOR COMPLETO,BIÓLOGO,INAPTO,NÃO ELEITO,71.0,500000.0,5000.0,4777.2,297.0,0.0,Maior estrutura financeira
250001643920,2019,FABIO JOSÉ RIBEIRO PACIULLO,FÁBIO PACIULLO,PSC,MASCULINO,ENSINO MÉDIO COMPLETO,EMPRESÁRIO,INAPTO,NÃO ELEITO,57.0,0.0,0.0,0.0,,1.0,Baixa movimentação financeira
250001700017,2949,GABRIEL MARQUES DA COSTA,GABRIEL MARQUES,PCO,MASCULINO,ENSINO MÉDIO COMPLETO,OUTROS,INAPTO,NÃO ELEITO,39.0,0.0,11974.36,0.0,,2.0,Estrutura financeira intermediária
250001643755,1210,TELMA GIMENEZ LOUREIRO,TELMA GIMENEZ,PDT,FEMININO,SUPERIOR COMPLETO,APOSENTADO (EXCETO SERVIDOR PÚBLICO),INAPTO,NÃO ELEITO,58.0,318391.74,16.5,16.5,,1.0,Baixa movimentação financeira
250001612002,1169,PASCOAL SOUZA SILVA,PASCOAL SOUZA SILVA,PP,MASCULINO,ENSINO FUNDAMENTAL INCOMPLETO,EMPRESÁRIO,INAPTO,NÃO ELEITO,55.0,0.0,0.0,0.0,85.0,1.0,Baixa movimentação financeira
250001602060,4450,EUGENIO JOSÉ ZULIANI,GENINHO ZULIANI,UNIÃO,MASCULINO,SUPERIOR COMPLETO,EMPRESÁRIO,INAPTO,#NULO,46.0,1031720.55,0.0,0.0,,1.0,Baixa movimentação financeira
250001695276,2772,AYRTON JOSÉ RODRIGUES,AYRTON LABORATTI,DC,MASCULINO,SUPERIOR COMPLETO,ADMINISTRADOR,INAPTO,#NULO,58.0,0.0,9071.05,0.0,,2.0,Estrutura financeira intermediária
250001695272,2713,ROBERTA KELLY SILVA FLORENCIO,ROBERTA KELLY,DC,FEMININO,SUPERIOR COMPLETO,OUTROS,INAPTO,#NULO,38.0,0.0,21302.23,5000.0,,2.0,Estrutura financeira intermediária
250001715887,2805,WAGNER PEREIRA DA SILVA,WAGNER FEDERAL,PRTB,MASCULINO,SUPERIOR COMPLETO,OUTROS,INAPTO,#NULO,57.0,0.01,2822.09,0.0,,2.0,Estrutura financeira intermediária
250001717160,3632,CLAUDILENA DE SOUZA SIQUEIRA,CLAUDIA SIQUEIRA,AGIR,FEMININO,SUPERIOR INCOMPLETO,MOTORISTA PARTICULAR,INAPTO,#NULO,52.0,505000.0,5000.0,5000.0,,0.0,Maior estrutura financeira
250001717154,3600,SEVERINO DOS RAMOS SANTOS SILVA,RAMOS,AGIR,MASCULINO,ENSINO MÉDIO COMPLETO,COMERCIANTE,INAPTO,#NULO,61.0,0.0,0.0,0.0,,1.0,Baixa movimentação financeira
250001677882,9036,REGINA APARECIDA DOS SANTOS SILVA,REGINA SILVA,PROS,FEMININO,ENSINO FUNDAMENTAL INCOMPLETO,DONA DE CASA,INAPTO,#NULO,54.0,0.0,0.0,0.0,,1.0,Baixa movimentação financeira
250001643864,2093,ORLANDO JOSE LIMA MOREIRA,ORLANDO MOREIRA,PSC,MASCULINO,SUPERIOR INCOMPLETO,OUTROS,INAPTO,#NULO,28.0,24419.23,0.0,0.0,,1.0,Baixa movimentação financeira
250001610657,4300,JÚLIO CESAR FERRAZ VIEIRA,JULIO FERRAZ,PV,MASCULINO,SUPERIOR INCOMPLETO,PUBLICITÁRIO,INAPTO,#NULO,44.0,0.0,0.0,0.0,,1.0,Baixa movimentação financeira
250001604823,1421,LUIZA POLYDORO,LUIZA POLYDORO,PTB,FEMININO,SUPERIOR COMPLETO,PUBLICITÁRIO,INAPTO,#NULO,46.0,0.0,10000.0,0.0,,2.0,Estrutura financeira intermediária
250001597684,3025,CARLO CAUTI,CARLO CAUTI,NOVO,MASCULINO,SUPERIOR COMPLETO,JORNALISTA E REDATOR,INAPTO,#NULO,35.0,520000.0,0.0,0.0,,1.0,Baixa movimentação financeira
250001611326,2236,RITA DE CASSIA BORGES DOS SANTOS GUEDES,RITA GUEDES,PL,FEMININO,SUPERIOR INCOMPLETO,POLICIAL MILITAR,APTO,SUPLENTE,55.0,0.0,89933.38,79699.0,2994.0,2.0,Estrutura financeira intermediária
250001611320,2209,CRISTIANE FERREIRA DA SILVA,CRISTIANE FERREIRA,PL,FEMININO,SUPERIOR COMPLETO,OUTROS,APTO,SUPLENTE,44.0,4499.17,281785.01,149560.95,5450.0,0.0,Maior estrutura financeira
250001611341,2226,FERNANDO LISBOA DA CONCEIÇÃO,LISBOA,PL,MASCULINO,SUPERIOR INCOMPLETO,OUTROS,APTO,SUPLENTE,39.0,110000.0,205240.63,199774.8,25294.0,0.0,Maior estrutura financeira
250001611322,2234,LUIZ FELIPE DE ANDRADE FOLGOSI,FELIPE FOLGOSI,PL,MASCULINO,SUPERIOR COMPLETO,ATOR E DIRETOR DE ESPETÁCULOS PÚBLICOS,APTO,SUPLENTE,48.0,825213.0,341130.8,330396.85,30921.0,0.0,Maior estrutura financeira
250001611368,2267,ROBERTO CACCIARI FILHO,DR. BETO CACCIARI,PL,MASCULINO,SUPERIOR COMPLETO,MÉDICO,APTO,SUPLENTE,36.0,7172086.419999999,387849.0,405654.57,19751.0,0.0,Maior estrutura financeira
250001611311,2227,ROSANA DE OLIVEIRA VALLE,ROSANA VALLE,PL,FEMININO,SUPERIOR COMPLETO,DEPUTADO,APTO,ELEITO POR QP,53.0,1329000.0,3043728.88,3034706.69,216437.0,0.0,Maior estrutura financeira
250001611340,2266,ELLEN RENATA DE MICO CHARKANI SIMÕES,ELLEN SHARKANY,PL,FEMININO,SUPERIOR COMPLETO,OUTROS,APTO,SUPLENTE,42.0,1229000.0,63965.14,50993.9,651.0,0.0,Maior estrutura financeira
250001611339,2292,DIOGO PEREIRA FORJAZ,DIOGO FORJAZ,PL,MASCULINO,ENSINO MÉDIO COMPLETO,OUTROS,APTO,SUPLENTE,36.0,127535.59,51431.42,14272.0,12205.0,0.0,Maior estrutura financeira
250001611317,2254,APARECIDA BATISTA DIAS BARRETO DE OLIVEIRA,CIDA BARRETO,PL,FEMININO,ENSINO MÉDIO COMPLETO,DONA DE CASA,APTO,SUPLENTE,54.0,152000.0,92965.14,80000.0,2346.0,0.0,Maior estrutura financeira
250001611356,2202,MATHEUS DE OLIVEIRA PINTO,MATHEUS MAFEPI,PL,MASCULINO,SUPERIOR COMPLETO,OUTROS,APTO,SUPLENTE,32.0,109191.15000000001,451870.63,444630.0,15166.0,0.0,Maior estrutura financeira
250001611351,2233,PAULO ROBERTO FREIRE DA COSTA,PAULO FREIRE DA COSTA,PL,MASCULINO,SUPERIOR COMPLETO,DEPUTADO,APTO,ELEITO POR QP,67.0,1352213.7,505240.63,645946.45,161675.0,0.0,Maior estrutura financeira
250001611324,2208,MARIO LUIS FRIAS,MARIO FRIAS,PL,MASCULINO,ENSINO MÉDIO COMPLETO,OUTROS,APTO,ELEITO POR QP,50.0,1008924.92,770214.09,756375.09,122564.0,0.0,Maior estrutura financeira
250001611313,2242,VINICIUS TADEU SATTIN RODRIGUES,DR VINICIUS RODRIGUES,PL,MASCULINO,SUPERIOR COMPLETO,MÉDICO,APTO,SUPLENTE,34.0,437223.22000000003,321066.41,316592.0,29760.0,0.0,Maior estrutura financeira
250001611321,2255,FRANCISCO EVERARDO TIRIRICA OLIVEIRA SILVA,TIRIRICA,PL,MASCULINO,ENSINO FUNDAMENTAL INCOMPLETO,DEPUTADO,APTO,ELEITO POR MÉDIA,57.0,26872.96,600000.0,599946.94,71754.0,0.0,Maior estrutura financeira
250001611358,2231,RICARDO DA CRUZ FERNANDES,SARGENTO RICARDO CRUZ,PL,MASCULINO,ENSINO MÉDIO COMPLETO,POLICIAL MILITAR,APTO,SUPLENTE,41.0,935065.0,56576.3,46935.229999999996,2816.0,0.0,Maior estrutura financeira
250001613769,1887,SARA JANE RONCOLATO ZANETTI,SARA JANE ZANETTI,REDE,FEMININO,ENSINO MÉDIO COMPLETO,EMPRESÁRIO,APTO,SUPLENTE,52.0,500.0,25600.0,25494.4,255.0,2.0,Estrutura financeira intermediária
250001613760,5012,HENRIQUE CARLOS PARRA PARRA FILHO,HENRIQUE PARRA DO CARDUME,PSOL,MASCULINO,SUPERIOR COMPLETO,SOCIÓLOGO,APTO,SUPLENTE,33.0,528134.52,75811.84,65549.54000000001,6849.0,0.0,Maior estrutura financeira
250001613789,5067,FLÁVIO SILVA FILHO,FLÁVIO SILVA,PSOL,MASCULINO,SUPERIOR COMPLETO,MOTORISTA PARTICULAR,APTO,SUPLENTE,58.0,0.0,21185.769999999997,11510.0,56.0,2.0,Estrutura financeira intermediária
250001610300,1918,ANA ALICE FERNANDES DE ALMEIDA,PROFESSORA ANA ALICE,PODE,FEMININO,SUPERIOR COMPLETO,PROFESSOR DE ENSINO FUNDAMENTAL,APTO,SUPLENTE,38.0,1858.33,77620.0,77714.95,839.0,0.0,Maior estrutura financeira
250001610306,1970,MARCIO RODRIGUES,MARCIO RODRIGUES,PODE,MASCULINO,SUPERIOR COMPLETO,POLICIAL CIVIL,APTO,SUPLENTE,52.0,393000.0,102500.0,102391.99,2314.0,0.0,Maior estrutura financeira
250001651389,4030,DANIELA APARECIDA FELIX,DANY DA DEFESA ANIMAL,PSB,FEMININO,ENSINO MÉDIO COMPLETO,OUTROS,APTO,SUPLENTE,42.0,0.0,82761.31,74876.0,1511.0,2.0,Estrutura financeira intermediária
250001620296,4000,JONAS DONIZETTE FERREIRA,JONAS DONIZETTE,PSB,MASCULINO,SUPERIOR INCOMPLETO,COMUNICÓLOGO,APTO,ELEITO POR QP,57.0,605124.06,3147286.96,3140817.86,84044.0,0.0,Maior estrutura financeira
250001620258,4089,DANIEL AUGUSTO SILVA CURY,DANIEL AUGUSTO CURY,PSB,MASCULINO,SUPERIOR COMPLETO,AGENTE ADMINISTRATIVO,APTO,SUPLENTE,42.0,0.0,194087.13,180000.0,2844.0,2.0,Estrutura financeira intermediária
250001620257,4001,CICERO ANTONIO DA SILVA,CICINHO,PSB,MASCULINO,ENSINO MÉDIO COMPLETO,VEREADOR,APTO,SUPLENTE,47.0,178785.86,133196.36,121246.26,7181.0,0.0,Maior estrutura financeira
250001620264,4013,JORGE ABISSAMRA FILHO,DR JORGINHO ABISSAMRA,PSB,MASCULINO,SUPERIOR COMPLETO,MÉDICO,APTO,SUPLENTE,35.0,2230510.19,560000.0,559894.0,6952.0,0.0,Maior estrutura financeira
250001610307,1912,FARID SAID MADI,FARID MADI,PODE,MASCULINO,ENSINO FUNDAMENTAL COMPLETO,COMERCIANTE,APTO,SUPLENTE,58.0,1660024.43,1216600.0,1200000.0,31352.0,0.0,Maior estrutura financeira
250001610282,1944,ROGER LIN,DR ROGER LIN,PODE,MASCULINO,SUPERIOR COMPLETO,MÉDICO,APTO,SUPLENTE,71.0,969402.22,230000.0,229399.1,3825.0,0.0,Maior estrutura financeira
250001723286,1966,LEWIS SAWINSKI DE ALMEIDA,LEVI,PODE,MASCULINO,ENSINO FUNDAMENTAL COMPLETO,EMPRESÁRIO,APTO,SUPLENTE,34.0,8679.0,106484.0,100000.0,407.0,0.0,Maior estrutura financeira
250001610289,1909,LUCIANO DA SILVA,PROFESSOR LUCIANO SILVA,PODE,MASCULINO,SUPERIOR COMPLETO,VEREADOR,APTO,SUPLENTE,41.0,0.0,154383.0,149921.9,5288.0,2.0,Estrutura financeira intermediária
250001610318,1923,JAIR CUSTÓDIO DA SILVA,JAIR BALADA,PODE,MASCULINO,ENSINO FUNDAMENTAL INCOMPLETO,OUTROS,APTO,SUPLENTE,58.0,0.0,108685.0,96246.5,1171.0,2.0,Estrutura financeira intermediária
250001610321,1927,ROSA ENEIDE DOS SANTOS ABLAS,DRA. ROSA ABLAS,PODE,FEMININO,SUPERIOR COMPLETO,ADVOGADO,APTO,SUPLENTE,49.0,400.0,116784.5,99723.21,797.0,2.0,Estrutura financeira intermediária
250001602026,4424,JAQUELINE DOMINGOS SAVIO MARTINS DO NASCIMENTO,JAQUE PETROVIK,UNIÃO,FEMININO,SUPERIOR INCOMPLETO,OUTROS,APTO,SUPLENTE,35.0,0.0,622827.27,536892.1,606.0,2.0,Estrutura financeira intermediária
250001651719,4408,ELIAS ANTONIO NETO,DR. ELIAS,UNIÃO,MASCULINO,SUPERIOR COMPLETO,MÉDICO,APTO,SUPLENTE,64.0,1906002.29,408074.53,399998.42,5967.0,0.0,Maior estrutura financeira
250001602071,4446,HAMILTON BERNARDES JUNIOR,HAMILTON BERNARDES,UNIÃO,MASCULINO,SUPERIOR COMPLETO,ECONOMISTA,APTO,SUPLENTE,65.0,7076605.359999999,1827834.85,2554897.73,44125.0,0.0,Maior estrutura financeira
250001602024,4447,JOSE ROBERTO BARBOSA DE SOUZA,CABO BARBOSA,UNIÃO,MASCULINO,ENSINO MÉDIO COMPLETO,POLICIAL MILITAR,APTO,SUPLENTE,47.0,56900.0,704172.27,597859.01,2350.0,0.0,Maior estrutura financeira
250001602057,4416,LUSINEIDE NEVES BARRETO,NEIDOCA DE HELIÓPOLIS,UNIÃO,FEMININO,LÊ E ESCREVE,OUTROS,APTO,SUPLENTE,57.0,38892.16,372828.7,308109.44,1102.0,0.0,Maior estrutura financeira
250001651722,4471,RICARDO DA SILVA SAIBRO,PASTOR RICARDO SAIBRO,UNIÃO,MASCULINO,ENSINO MÉDIO COMPLETO,OUTROS,APTO,SUPLENTE,42.0,38500.0,210877.53,202803.0,2221.0,0.0,Maior estrutura financeira
250001602062,4443,INES NANY RODRIGUES DA SILVA,NANY,UNIÃO,FEMININO,ENSINO MÉDIO COMPLETO,EMPRESÁRIO,APTO,SUPLENTE,47.0,194500.0,773964.85,699997.1900000001,1785.0,0.0,Maior estrutura financeira
250001602058,4426,MAYRA LARISSA COSTA MIRANDA,MAYRA MIRANDA,UNIÃO,FEMININO,SUPERIOR COMPLETO,OUTROS,APTO,SUPLENTE,32.0,64.23,677657.27,632846.09,1530.0,2.0,Estrutura financeira intermediária
250001695281,2765,ELISA VITÓRIA OLIVEIRA CABARITI,VITÓRIA BOLINHA CURY,DC,FEMININO,SUPERIOR INCOMPLETO,ADMINISTRADOR,APTO,NÃO ELEITO,64.0,0.0,13797.24,4943.9,148.0,2.0,Estrutura financeira intermediária
250001613950,3377,ELIZANGELA MOREIRA SOARES DE SOUZA,ELY GARI,PMN,FEMININO,ENSINO MÉDIO COMPLETO,OUTROS,APTO,NÃO ELEITO,41.0,0.0,35000.0,34934.0,233.0,2.0,Estrutura financeira intermediária
250001613961,3333,JOÃO FRANCISCO GARCIA,JOÃO GARCIA,PMN,MASCULINO,ENSINO MÉDIO COMPLETO,OUTROS,APTO,NÃO ELEITO,61.0,204258.41999999998,300000.0,299860.0,3594.0,0.0,Maior estrutura financeira
250001613938,3376,AIRTON RODRIGUES DE OLIVEIRA,RODRIGUES,PMN,MASCULINO,SUPERIOR COMPLETO,REPRESENTANTE COMERCIAL,APTO,NÃO ELEITO,50.0,150000.0,0.0,0.0,53.0,1.0,Baixa movimentação financeira
250001613939,3357,AMARO MACHADO SOARES NETO,PASTOR AMARO,PMN,MASCULINO,ENSINO MÉDIO COMPLETO,OUTROS,APTO,NÃO ELEITO,37.0,0.0,25000.0,25000.0,88.0,2.0,Estrutura financeira intermediária
250001640576,2122,RENATO BESCHIZZA VALENTIN,PROF RENATO,PCB,MASCULINO,SUPERIOR COMPLETO,ADMINISTRADOR,APTO,NÃO ELEITO,38.0,8500.0,1735.0,235.0,558.0,0.0,Maior estrutura financeira
250001622042,7079,EMANOEL DE CARVALHO MOURA,EMANUEL MOURA,AVANTE,MASCULINO,SUPERIOR COMPLETO,JORNALISTA E REDATOR,APTO,NÃO ELEITO,43.0,318500.0,25550.0,25550.0,2532.0,0.0,Maior estrutura financeira
250001622080,7034,AGNALDO APARECIDO DE ARAUJO,AGNALDO ARAUJO,AVANTE,MASCULINO,SUPERIOR COMPLETO,EMPRESÁRIO,APTO,NÃO ELEITO,44.0,65000.0,112241.35,91416.35,2945.0,0.0,Maior estrutura financeira
250001726489,7065,ROSANGELA DA SILVA BATISTA,ROSANGELA SILVA,AVANTE,FEMININO,SUPERIOR COMPLETO,OUTROS,APTO,NÃO ELEITO,47.0,116478.23999999999,10000.0,10000.0,434.0,0.0,Maior estrutura financeira
250001622069,7016,LUCIANO LEMOS MEGA,LUCIANO MEGA,AVANTE,MASCULINO,SUPERIOR COMPLETO,MÉDICO,APTO,NÃO ELEITO,53.0,1475331.9,371576.75,200000.0,6928.0,0.0,Maior estrutura financeira
250001622044,7008,IARA REGINA CORRÊA GUSMÃO,IARA GUSMÃO,AVANTE,FEMININO,SUPERIOR INCOMPLETO,EMPRESÁRIO,APTO,NÃO ELEITO,49.0,5000.0,10000.0,10000.0,154.0,0.0,Maior estrutura financeira
250001622059,7028,JACQUELINE MOREIRA DOS SANTOS ALMEIDA,PROF JACQUELINE PRÔJACQUE,AVANTE,FEMININO,SUPERIOR COMPLETO,PROFESSOR DE ENSINO MÉDIO,APTO,NÃO ELEITO,50.0,1014000.0,69384.23,54217.48,1343.0,0.0,Maior estrutura financeira
250001622094,7025,ADAUTO BENTIVEGNA FILHO,ADAUTO,AVANTE,MASCULINO,SUPERIOR COMPLETO,ADVOGADO,APTO,NÃO ELEITO,61.0,589075.96,125881.36,101499.6,1002.0,0.0,Maior estrutura financeira
250001622055,7077,JOSÉ DOMINGOS BITTENCOURT,JOSÉ BITTENCOURT,AVANTE,MASCULINO,SUPERIOR COMPLETO,ADVOGADO,APTO,NÃO ELEITO,65.0,909013.85,1470705.27,1252076.52,22840.0,0.0,Maior estrutura financeira
250001622041,7022,ELISA CLAUDIA COUTINHO,DRA ELISA,AVANTE,FEMININO,SUPERIOR COMPLETO,MÉDICO,APTO,NÃO ELEITO,55.0,0.0,234247.75,215744.51,3447.0,2.0,Estrutura financeira intermediária
250001622066,7020,FABIANA OLIVEIRA DA SILVA,FABIANA,AVANTE,FEMININO,ENSINO MÉDIO COMPLETO,EMPRESÁRIO,APTO,NÃO ELEITO,42.0,150000.0,26911.76,13894.2,748.0,0.0,Maior estrutura financeira
250001622111,7011,PAULO JORGE VALENTIM,VALENTIM,AVANTE,MASCULINO,SUPERIOR COMPLETO,MÉDICO,APTO,NÃO ELEITO,55.0,684767.74,4500.0,4500.0,663.0,0.0,Maior estrutura financeira
250001622048,7031,RONALDO RESENDE DA SILVA,PASTOR RONALDO RESENDE,AVANTE,MASCULINO,SUPERIOR COMPLETO,CONTADOR,APTO,NÃO ELEITO,53.0,43900.0,25500.0,25000.0,1966.0,0.0,Maior estrutura financeira
250001717147,3688,MARIO JOSE DE SOUZA,MARIO LOPES,AGIR,MASCULINO,SUPERIOR COMPLETO,OUTROS,APTO,NÃO ELEITO,66.0,480000.0,5000.0,5000.0,329.0,0.0,Maior estrutura financeira
250001717144,3659,LUCIANO UBIRAJARA NASSAR,LUCIANO NASSAR,AGIR,MASCULINO,SUPERIOR COMPLETO,ESCRITOR E CRÍTICO,APTO,NÃO ELEITO,56.0,250050.7,5000.0,2000.0,69.0,0.0,Maior estrutura financeira
250001717148,3610,MOACIR RODRIGUES FERNANDES,MOACYR FERNANDES,AGIR,MASCULINO,SUPERIOR INCOMPLETO,OUTROS,APTO,NÃO ELEITO,58.0,17500.0,10000.0,10000.0,289.0,0.0,Maior estrutura financeira
250001717131,3647,DEBORAH SOARES RESEK,DEBORAH RESEK MISSIONÁRIA,AGIR,FEMININO,SUPERIOR COMPLETO,"CORRETOR DE IMÓVEIS, SEGUROS, TÍTULOS E VALORES",APTO,NÃO ELEITO,50.0,0.0,5000.0,5000.0,43.0,2.0,Estrutura financeira intermediária
250001717181,3637,IRIS MARIA BARROS DE BRITO,DRA IRIS,AGIR,FEMININO,SUPERIOR COMPLETO,MÉDICO,APTO,NÃO ELEITO,57.0,321000.0,13500.0,13499.999999999998,376.0,0.0,Maior estrutura financeira
250001717171,3644,ELIANE CRISTINA GANZAROLI DA SILVA,LIA GANZAROLLI,AGIR,FEMININO,ENSINO MÉDIO INCOMPLETO,COMERCIANTE,APTO,NÃO ELEITO,44.0,185000.0,12000.0,12000.0,321.0,0.0,Maior estrutura financeira
250001717159,3618,WILKY ANDRADE OKAGAWA,DJ WIL,AGIR,MASCULINO,ENSINO MÉDIO COMPLETO,DONA DE CASA,APTO,NÃO ELEITO,55.0,1.0,5000.0,5000.0,51.0,2.0,Estrutura financeira intermediária
250001717189,3686,JULIANO TAKESHI KOCHI,JULIANO KOCHI,AGIR,MASCULINO,SUPERIOR COMPLETO,OUTROS,APTO,NÃO ELEITO,43.0,205000.0,5000.05,5000.05,552.0,0.0,Maior estrutura financeira
250001717166,3661,ROBERVAL BARBOSA DE JESUS,BRONK S,AGIR,MASCULINO,ENSINO FUNDAMENTAL COMPLETO,OUTROS,APTO,NÃO ELEITO,45.0,0.0,11500.06,11500.06,844.0,2.0,Estrutura financeira intermediária
250001611217,1565,MARLON FARIAS DA LUZ,MARLON DO UBER,MDB,MASCULINO,SUPERIOR COMPLETO,VEREADOR,APTO,SUPLENTE,41.0,1005390.67,610120.0,602767.13,53845.0,0.0,Maior estrutura financeira
250001611275,1502,EDSON COELHO ARAÚJO FILHO,EDINHO FILHO,MDB,MASCULINO,SUPERIOR COMPLETO,ADVOGADO,APTO,SUPLENTE,40.0,98076.05,1091500.0,1087195.95,17317.0,0.0,Maior estrutura financeira
250001611262,1551,ROBERTO MARTINS FIGUEIREDO,DR BACTÉRIA,MDB,MASCULINO,SUPERIOR COMPLETO,DIRETOR DE EMPRESAS,APTO,SUPLENTE,67.0,5090222.7,400000.0,400630.0,4587.0,0.0,Maior estrutura financeira
250001611221,1556,EDNA APARECIDA OLIVEIRA SANTOS,DONA EDNA DE OLIVEIRA,MDB,FEMININO,ENSINO MÉDIO INCOMPLETO,ADMINISTRADOR,APTO,SUPLENTE,60.0,64.46000000000001,25000.0,26748.8,696.0,2.0,Estrutura financeira intermediária
250001611242,1520,SIMONE APARECIDA CURRALADAS DOS SANTOS,SIMONE MARQUETTO,MDB,FEMININO,SUPERIOR COMPLETO,JORNALISTA E REDATOR,APTO,ELEITO POR MÉDIA,47.0,515585.2,1103000.0,1074958.1400000001,97730.0,0.0,Maior estrutura financeira
250001611278,1560,JANAINA CARLA DE LIMA PASCALICHIO,JANAÍNA LIMA,MDB,FEMININO,SUPERIOR COMPLETO,ADVOGADO,APTO,SUPLENTE,38.0,74690.24,1396800.0,1396624.79,10355.0,0.0,Maior estrutura financeira
250001611228,1523,MARCEL DE JESUS GARCIA,PASTOR MARCEL,MDB,MASCULINO,ENSINO MÉDIO COMPLETO,OUTROS,APTO,SUPLENTE,43.0,81399.37,32000.0,29988.35,2564.0,0.0,Maior estrutura financeira
250001611266,1543,RICARDO KANAAN MARIANO DE ALMEIDA,RICARDO KANAAN,MDB,MASCULINO,SUPERIOR COMPLETO,ODONTÓLOGO,APTO,SUPLENTE,40.0,211139.66,50200.0,50200.0,943.0,0.0,Maior estrutura financeira
250001611263,1531,RODNEY VICENTE DE SOUZA,PROF RODNEY VICENTE,MDB,MASCULINO,SUPERIOR COMPLETO,PROFESSOR DE ENSINO MÉDIO,APTO,SUPLENTE,46.0,40000.0,300100.0,341032.28,4884.0,0.0,Maior estrutura financeira
250001611220,1537,MARCOS ESTEVÃO MARQUES SARAIVA,MARCOS SARAIVA,MDB,MASCULINO,ENSINO MÉDIO COMPLETO,OCUPANTE DE CARGO EM COMISSÃO,APTO,SUPLENTE,28.0,73178.14,116665.37,121964.0,4864.0,0.0,Maior estrutura financeira
250001643904,2040,YAN LOPES DE ALMEIDA,YAN LOPES,PSC,MASCULINO,SUPERIOR COMPLETO,VEREADOR,APTO,SUPLENTE,22.0,45282.0,88722.6,47461.59,9112.0,0.0,Maior estrutura financeira
250001643891,2078,NILSON ULLRICH,NILSON DA CHURRASCARIA,PSC,MASCULINO,SUPERIOR INCOMPLETO,EMPRESÁRIO,APTO,SUPLENTE,54.0,328700.0,50000.0,50000.0,1301.0,0.0,Maior estrutura financeira
250001643890,2011,ANTÔNIO JOSÉ GERALDO,PASTOR GERALDO,PSC,MASCULINO,ENSINO MÉDIO INCOMPLETO,"VENDEDOR PRACISTA, REPRESENTANTE, CAIXEIRO-VIAJANTE E ASSEMELHADOS",APTO,SUPLENTE,72.0,0.0,10000.0,10000.0,308.0,2.0,Estrutura financeira intermediária
250001643889,2079,ANA PAULA TOSIN,PAULA TOSIN,PSC,FEMININO,SUPERIOR COMPLETO,OUTROS,APTO,SUPLENTE,41.0,24000.0,35000.0,35480.0,445.0,0.0,Maior estrutura financeira
250001643900,2090,JOSÉ ADILSON PEREIRA DOS SANTOS,PEREIRINHA JOSÉ ADILSON,PSC,MASCULINO,ENSINO FUNDAMENTAL COMPLETO,VEREADOR,APTO,SUPLENTE,58.0,186000.0,13350.0,12586.0,2438.0,0.0,Maior estrutura financeira
250001643892,2075,MARIA DA GUIA ALVES DA ROCHA,IRMÃ MARIA,PSC,FEMININO,SUPERIOR COMPLETO,OUTROS,APTO,SUPLENTE,47.0,35000.0,30000.0,29967.0,221.0,0.0,Maior estrutura financeira
250001612139,4565,JOSÉ RICARDO ALVARENGA TRIPOLI,RICARDO TRIPOLI,PSDB,MASCULINO,SUPERIOR COMPLETO,ADVOGADO,APTO,SUPLENTE,70.0,5094702.92,1728033.36,1639878.43,50014.0,0.0,Maior estrutura financeira
250001612143,4578,VERA LUCIA GOMES FERREIRA PALMEZANO,PROFESSORA VERA,PSDB,FEMININO,SUPERIOR COMPLETO,PROFESSOR DE ENSINO MÉDIO,APTO,SUPLENTE,57.0,2651.04,16590.9,5000.0,4799.0,0.0,Maior estrutura financeira
250001612127,4540,SONIA MARIA DELFINO,SONIA DELFINO,PSDB,FEMININO,ENSINO MÉDIO COMPLETO,EMPRESÁRIO,APTO,SUPLENTE,61.0,0.0,161590.9,149863.35,3439.0,2.0,Estrutura financeira intermediária
250001612112,4512,LUIS FERNANDO DE SOUZA,FERNANDO MESTRE SALA,PSDB,MASCULINO,SUPERIOR COMPLETO,OUTROS,APTO,SUPLENTE,52.0,57000.0,62452.770000000004,50780.29,7036.0,0.0,Maior estrutura financeira
250001612140,4580,SAMUEL MOREIRA DA SILVA JUNIOR,SAMUEL MOREIRA,PSDB,MASCULINO,SUPERIOR COMPLETO,OUTROS,APTO,SUPLENTE,59.0,932001.9199999999,2226866.27,2645564.11,79633.0,0.0,Maior estrutura financeira
250001620733,5131,TIAGO DOS SANTOS LIRA,PROFESSOR TIAGO LIRA,PATRIOTA,MASCULINO,SUPERIOR COMPLETO,VEREADOR,APTO,NÃO ELEITO,39.0,60000.0,86201.41,62267.51,1231.0,0.0,Maior estrutura financeira
250001620722,5133,SÉRGIO AUGUSTO SILVA,SERGIO MAGNUM DA FARMÁCIA,PATRIOTA,MASCULINO,SUPERIOR INCOMPLETO,EMPRESÁRIO,APTO,NÃO ELEITO,55.0,743285.12,331236.0,299023.6,6201.0,0.0,Maior estrutura financeira
250001620764,5155,ANDRE EDUARDO RIBEIRO,ANDRE DO VIVA,PATRIOTA,MASCULINO,ENSINO MÉDIO COMPLETO,OUTROS,APTO,NÃO ELEITO,49.0,0.0,49131.7,31100.0,21114.0,2.0,Estrutura financeira intermediária
250001620737,5100,RENATO FERREIRA DA SILVA,DR RENATO SILVA DO HB,PATRIOTA,MASCULINO,SUPERIOR COMPLETO,MÉDICO,APTO,NÃO ELEITO,68.0,2112073.24,470968.9,339541.36,21007.0,0.0,Maior estrutura financeira
250001700013,2901,LEANDRO PAGGIARO CORREA DE ARRUDA,LEANDRO PAGGIARO,PCO,MASCULINO,SUPERIOR COMPLETO,OUTROS,APTO,NÃO ELEITO,40.0,23800.0,11974.36,0.0,44.0,0.0,Maior estrutura financeira
250001611408,1655,MARCELLO FERREIRA DOS SANTOS,MARCELLO PABLITO,PSTU,MASCULINO,SUPERIOR INCOMPLETO,AUXILIAR DE ESCRITÓRIO E ASSEMELHADOS,APTO,NÃO ELEITO,40.0,29332.48,21972.18,20526.88,1256.0,0.0,Maior estrutura financeira
250001610689,1387,FERNANDA STEFANI CURTI,FERNANDA CURTI,PT,FEMININO,SUPERIOR INCOMPLETO,"ESTUDANTE, BOLSISTA, ESTAGIÁRIO E ASSEMELHADOS",APTO,SUPLENTE,27.0,0.0,1360971.48,1349357.55,24566.0,2.0,Estrutura financeira intermediária
250001610710,1354,ALEXANDRE ROCHA SANTOS PADILHA,ALEXANDRE PADILHA,PT,MASCULINO,SUPERIOR COMPLETO,DEPUTADO,APTO,ELEITO POR QP,51.0,0.0,2198002.28,2191676.79,140037.0,2.0,Estrutura financeira intermediária
250001610698,1371,FABIO SILVA CALIXTO,FABIO CALIXTO,PT,MASCULINO,SUPERIOR COMPLETO,ADMINISTRADOR,APTO,SUPLENTE,29.0,2.75,87948.97,73649.5,1912.0,2.0,Estrutura financeira intermediária
250001610671,1332,REINALDO FRANCO DE SOUZA,PROFESSOR REINALDO,PT,MASCULINO,SUPERIOR COMPLETO,OUTROS,APTO,SUPLENTE,43.0,277960.0,54202.78999999999,46898.4,3428.0,0.0,Maior estrutura financeira
250001610701,1310,IARA BERNARDI,IARA BERNARDI COLETIVA ELAS,PT,FEMININO,SUPERIOR COMPLETO,VEREADOR,APTO,SUPLENTE,70.0,353256.4,1551820.48,1544602.04,45136.0,0.0,Maior estrutura financeira
250001610667,1320,WAGNER OCIMAR BALIEIRO,WAGNER BALIEIRO,PT,MASCULINO,SUPERIOR COMPLETO,ENGENHEIRO,APTO,SUPLENTE,44.0,355154.19,590877.29,564613.43,49562.0,0.0,Maior estrutura financeira
250001610674,1370,CARLOS ALBERTO ROLIM ZARATTINI,CARLOS ZARATTINI,PT,MASCULINO,SUPERIOR COMPLETO,DEPUTADO,APTO,ELEITO POR QP,63.0,1356697.95,2202254.05,2179690.32,147349.0,0.0,Maior estrutura financeira
250001610654,1380,JILMAR AUGUSTINHO TATTO,JILMAR TATTO,PT,MASCULINO,SUPERIOR COMPLETO,OUTROS,APTO,ELEITO POR QP,57.0,125601.62,1999707.88,1989624.35,157843.0,0.0,Maior estrutura financeira
250001610670,1323,PASCOALINA SOUZA SILVA,LILI,PT,FEMININO,SUPERIOR INCOMPLETO,"TÉCNICO CONTABILIDADE, ESTATÍSTICA, ECONOMIA DOMÉSTICA E ADMINISTRAÇÃO",APTO,SUPLENTE,60.0,133620.87,157120.75,151874.0,6224.0,0.0,Maior estrutura financeira
250001606108,7741,VALDOMIRO SUTERIO,MIRO SUTÉRIO,SOLIDARIEDADE,MASCULINO,SUPERIOR COMPLETO,SERVIDOR PÚBLICO MUNICIPAL,APTO,SUPLENTE,59.0,0.0,130196.74,108745.0,986.0,2.0,Estrutura financeira intermediária
250001606079,7770,FERNANDO ANTONIO MARCELO,PROFESSOR FERNANDO,SOLIDARIEDADE,MASCULINO,SUPERIOR COMPLETO,SERVIDOR PÚBLICO ESTADUAL,APTO,SUPLENTE,45.0,120000.0,83758.4,74000.0,1805.0,0.0,Maior estrutura financeira
250001606091,7745,ANTÔNIO AGNALDO GUERRA,GUERRA,SOLIDARIEDADE,MASCULINO,ENSINO MÉDIO COMPLETO,COMERCIANTE,APTO,SUPLENTE,53.0,4300000.0,59718.4,45351.3,561.0,0.0,Maior estrutura financeira
250001606102,7737,CLEUZA BORDIN QUEIROZ DA SILVA,CLEUZA BORDIN,SOLIDARIEDADE,FEMININO,SUPERIOR COMPLETO,SERVIDOR PÚBLICO MUNICIPAL,APTO,SUPLENTE,52.0,262000.0,30785.56,17977.4,248.0,0.0,Maior estrutura financeira
250001606090,7791,LORENY MAYARA CAETANO ROBERTO,LORENY,SOLIDARIEDADE,FEMININO,SUPERIOR COMPLETO,OUTROS,APTO,SUPLENTE,31.0,444263.71,1694698.4,1691070.09,29703.0,0.0,Maior estrutura financeira
250001606083,7760,LUIS CLAUDIO BILI LINS DA SILVA,BILI,SOLIDARIEDADE,MASCULINO,SUPERIOR COMPLETO,PUBLICITÁRIO,APTO,SUPLENTE,51.0,899275.0,70868.4,56993.85,953.0,0.0,Maior estrutura financeira
250001606064,7723,CRISTIANO SALMEIRÃO,CRISTIANO SALMEIRÃO,SOLIDARIEDADE,MASCULINO,SUPERIOR COMPLETO,ADVOGADO,APTO,SUPLENTE,48.0,0.0,480645.07,439708.32,11417.0,2.0,Estrutura financeira intermediária
250001606099,7799,ALEXSANDRE SANTOS RAMOS,SANDRINHO SANTOS,SOLIDARIEDADE,MASCULINO,SUPERIOR COMPLETO,VEREADOR,APTO,SUPLENTE,42.0,504228.03,347301.73,318175.01,9403.0,0.0,Maior estrutura financeira
250001606075,7774,SILÉA BENEDETTI DE MACEDO PEDROSO,SILÉA BENEDETTI,SOLIDARIEDADE,FEMININO,SUPERIOR COMPLETO,APOSENTADO (EXCETO SERVIDOR PÚBLICO),APTO,SUPLENTE,53.0,541500.0,72787.23,57000.0,498.0,0.0,Maior estrutura financeira
250001606077,7751,PATRÍCIA CRISTINA MARÇAL,DRA. PATRICIA MARÇAL,SOLIDARIEDADE,FEMININO,SUPERIOR COMPLETO,OUTROS,APTO,SUPLENTE,37.0,30000.0,92932.34999999999,76870.45,711.0,0.0,Maior estrutura financeira
250001606092,7727,LUIZ DE SOUZA ARRAES,LUIZ ARRAES,SOLIDARIEDADE,MASCULINO,ENSINO MÉDIO INCOMPLETO,OUTROS,APTO,SUPLENTE,62.0,100939.34,244580.2,234784.0,1774.0,0.0,Maior estrutura financeira
250001643728,1223,RUTE APARECIDA LEITE RIPARI,RUTE RIPARI,PDT,FEMININO,SUPERIOR COMPLETO,APOSENTADO (EXCETO SERVIDOR PÚBLICO),APTO,NÃO ELEITO,62.0,298382.86,11034.9,11028.9,1523.0,0.0,Maior estrutura financeira
250001643731,1281,LUIZ FELIPE DIAS,LUIZ FELIPE,PDT,MASCULINO,SUPERIOR INCOMPLETO,ELETRICISTA E ASSEMELHADOS,APTO,NÃO ELEITO,31.0,0.0,0.0,0.0,78.0,1.0,Baixa movimentação financeira
250001643714,1230,ANTONIO MARIO DE PAULA FERREIRA IELO,IELO,PDT,MASCULINO,SUPERIOR COMPLETO,ARQUITETO,APTO,NÃO ELEITO,62.0,583700.0,80000.0,79877.0,5796.0,0.0,Maior estrutura financeira
250001643730,1254,ANDRÉ LUIS DE MORAES,ANDRÉ GAETTA,PDT,MASCULINO,LÊ E ESCREVE,ATOR E DIRETOR DE ESPETÁCULOS PÚBLICOS,APTO,NÃO ELEITO,65.0,0.0,15000.0,14814.9,1055.0,2.0,Estrutura financeira intermediária
250001643753,1207,MARIA REGINA MENDES FERREIRA,REGINA FERREIRA,PDT,FEMININO,SUPERIOR COMPLETO,APOSENTADO (EXCETO SERVIDOR PÚBLICO),APTO,NÃO ELEITO,61.0,0.0,30000.0,30000.0,184.0,2.0,Estrutura financeira intermediária
250001643715,1224,CLAUDIA KEITI DA COSTA,CLAUDINHA DA LAN HOUSE,PDT,FEMININO,SUPERIOR INCOMPLETO,ADMINISTRADOR,APTO,NÃO ELEITO,40.0,0.0,70000.0,70000.0,432.0,2.0,Estrutura financeira intermediária
250001604876,1475,JAIR GOMES DA SILVA,JAIR GOMES,PTB,MASCULINO,ENSINO MÉDIO COMPLETO,OUTROS,APTO,NÃO ELEITO,55.0,0.0,20000.0,20500.0,488.0,2.0,Estrutura financeira intermediária
250001604860,1436,MARIA CELESTE JUSTA,BISPA JUSTA,PTB,FEMININO,SUPERIOR COMPLETO,ADMINISTRADOR,APTO,NÃO ELEITO,70.0,0.0,35000.0,32530.63,289.0,2.0,Estrutura financeira intermediária
250001604868,1489,VERA LUCIA SERVONE PINTO,VERA SERVONE,PTB,FEMININO,SUPERIOR COMPLETO,APOSENTADO (EXCETO SERVIDOR PÚBLICO),APTO,NÃO ELEITO,67.0,0.0,10000.0,10000.0,179.0,2.0,Estrutura financeira intermediária
250001604861,1474,BOLIVAR FUNDÃO FILHO,COMANDANTE BOLIVAR,PTB,MASCULINO,SUPERIOR COMPLETO,OUTROS,APTO,NÃO ELEITO,59.0,0.0,20000.0,19920.0,402.0,2.0,Estrutura financeira intermediária
250001611967,1112,ISRAEL NANTES SANTOS,SARGENTO NANTES,PP,MASCULINO,SUPERIOR COMPLETO,POLICIAL MILITAR,APTO,SUPLENTE,38.0,489277.0,136500.0,136399.1,42470.0,0.0,Maior estrutura financeira
250001611985,1115,JOSIANE DE OLIVEIRA,DRA JOSI DENTISTA,PP,FEMININO,SUPERIOR COMPLETO,ODONTÓLOGO,APTO,SUPLENTE,43.0,0.0,150000.0,148472.85,475.0,2.0,Estrutura financeira intermediária
250001611993,1110,ROGE BAUDICHON,ROGE BAUDICHON,PP,MASCULINO,SUPERIOR INCOMPLETO,VEREADOR,APTO,SUPLENTE,28.0,42740.29,14900.0,7200.0,4728.0,0.0,Maior estrutura financeira
250001611955,1126,CARINA BALBINO CARNEIRO,CARINA CARNEIRO,PP,FEMININO,ENSINO MÉDIO COMPLETO,OUTROS,APTO,SUPLENTE,37.0,0.0,30000.0,28956.0,263.0,2.0,Estrutura financeira intermediária
250001611965,1143,ELIZARDE DA SILVA SOUSA,BAIANA DO SANTA RITA,PP,FEMININO,ENSINO MÉDIO COMPLETO,EMPRESÁRIO,APTO,SUPLENTE,27.0,520000.0,50000.0,49979.5,806.0,0.0,Maior estrutura financeira
250001612004,1147,DAIANE CRISTINA MELO CORREA BARBOSA,DAIANE MELLO,PP,FEMININO,SUPERIOR COMPLETO,EMPRESÁRIO,APTO,SUPLENTE,32.0,85000.0,106450.0,100449.98,3590.0,0.0,Maior estrutura financeira
250001611999,1101,SOLANGE DE CÁSSIA MORAES,SOLANGE MORAES,PP,FEMININO,SUPERIOR COMPLETO,JORNALISTA E REDATOR,APTO,SUPLENTE,60.0,462840.44,710811.1,700011.1,8150.0,0.0,Maior estrutura financeira
250001612022,1191,RAPHAEL APARECIDO DE OLIVEIRA,DR RAPHAEL O DR. PREVIDENCIA,PP,MASCULINO,SUPERIOR COMPLETO,ADVOGADO,APTO,SUPLENTE,38.0,1427626.6400000001,111011.0,105971.4,12596.0,0.0,Maior estrutura financeira
250001612007,1150,DOUGLAS DE ARAUJO GIGLIO,DOUGLAS GIGLIO,PP,MASCULINO,SUPERIOR INCOMPLETO,EMPRESÁRIO,APTO,SUPLENTE,33.0,867730.0,100000.0,110000.0,666.0,0.0,Maior estrutura financeira
250001611975,1120,CAROLINA TAKAYAMA DOS SANTOS,DRA CAROL TAKAYAMA,PP,FEMININO,SUPERIOR COMPLETO,GERENTE,APTO,SUPLENTE,39.0,0.0,50000.0,50000.0,1085.0,2.0,Estrutura financeira intermediária
250001611991,1113,MICHELLI CASSIANA DA PAIXÃO,MICHELLI PAIXÃO,PP,FEMININO,ENSINO MÉDIO COMPLETO,OUTROS,APTO,SUPLENTE,43.0,0.0,100000.0,99918.5,1303.0,2.0,Estrutura financeira intermediária
250001597668,3023,VINICIUS MANGABEIRA CARINI,VINICIUS MANGABEIRA,NOVO,MASCULINO,SUPERIOR COMPLETO,ENGENHEIRO,APTO,SUPLENTE,34.0,303000.0,2391.53,1150.0,570.0,0.0,Maior estrutura financeira
250001597719,3078,BRUNA KARINI DA SILVA,BRUNA KARINI,NOVO,FEMININO,SUPERIOR COMPLETO,ADMINISTRADOR,APTO,SUPLENTE,27.0,0.0,1241.5300000000002,0.0,763.0,2.0,Estrutura financeira intermediária
250001597708,3034,FABIO RENATO DE SOUSA FERREIRA,FÁBIO RENATO,NOVO,MASCULINO,SUPERIOR COMPLETO,ENGENHEIRO,APTO,SUPLENTE,48.0,1502800.0,5931.53,4385.29,570.0,0.0,Maior estrutura financeira
250001597704,3050,RODRIGO TAVANO,RODRIGO TAVANO,NOVO,MASCULINO,ENSINO MÉDIO INCOMPLETO,EMPRESÁRIO,APTO,SUPLENTE,45.0,1968600.0,69461.53,46374.61,3975.0,0.0,Maior estrutura financeira
250001597692,3010,HUMBERTO JANTIM NETO,HUMBERTO JANTIM,NOVO,MASCULINO,SUPERIOR COMPLETO,ENGENHEIRO,APTO,SUPLENTE,40.0,780966.89,5679.530000000001,4438.0,1398.0,0.0,Maior estrutura financeira
250001597700,3077,MONICA ROSENBERG BRAIZAT,MONICA ROSENBERG,NOVO,FEMININO,SUPERIOR COMPLETO,ADVOGADO,APTO,SUPLENTE,53.0,660000.0,780571.66,778202.5599999999,11655.0,0.0,Maior estrutura financeira
250001604937,5527,KALED ALI EL MALAT,KALED MALAT,PSD,MASCULINO,SUPERIOR COMPLETO,SERVIDOR PÚBLICO MUNICIPAL,APTO,SUPLENTE,46.0,0.0,110256.41,100000.0,1499.0,2.0,Estrutura financeira intermediária
250001604969,5586,ALESSANDRO RUIZ MARTINEZ,ALESSANDRO FATTIOLI,PSD,MASCULINO,SUPERIOR COMPLETO,TAXISTA,APTO,SUPLENTE,47.0,180060.0,210256.41,199927.0,8626.0,0.0,Maior estrutura financeira
250001604944,5517,AGNALDO CRUZ DE OLIVEIRA,AGNALDO OLIVEIRA,PSD,MASCULINO,ENSINO FUNDAMENTAL COMPLETO,REPRESENTANTE COMERCIAL,APTO,SUPLENTE,38.0,0.0,10000.0,9936.0,186.0,2.0,Estrutura financeira intermediária
250001604964,5575,ALESSANDRO DE FREITAS LEONE,LEONE,PSD,MASCULINO,SUPERIOR COMPLETO,TAXISTA,APTO,SUPLENTE,49.0,2443543.0,70326.41,59849.55,2275.0,0.0,Maior estrutura financeira
250001604945,5533,KARINA CELESTE MOURA,KARINA SOLTUR,PSD,FEMININO,SUPERIOR COMPLETO,VEREADOR,APTO,SUPLENTE,43.0,15854.0,236188.04,220007.63,20725.0,0.0,Maior estrutura financeira
250001604974,5502,FABIO HENRIQUE DA CONCEIÇÃO,FABIÃO SJC,PSD,MASCULINO,ENSINO MÉDIO COMPLETO,MOTORISTA PARTICULAR,APTO,SUPLENTE,41.0,0.0,45000.0,44957.99,1239.0,2.0,Estrutura financeira intermediária
250001604939,5500,MARCO AURELIO BERTAIOLLI,MARCO BERTAIOLLI,PSD,MASCULINO,SUPERIOR COMPLETO,DEPUTADO,APTO,ELEITO POR QP,54.0,1336782.0,2364056.41,2350761.26,157552.0,0.0,Maior estrutura financeira
250001604958,5511,ANDRÉ MAXIMILIANO MORON MACHADO,DELEGADO ANDRÉ MORON,PSD,MASCULINO,SUPERIOR COMPLETO,OUTROS,APTO,SUPLENTE,58.0,653722.0,273935.41000000003,244679.0,11916.0,0.0,Maior estrutura financeira
250001604963,5588,VINICIUS MARCHESE MARINELLI,VINICIUS MARCHESE,PSD,MASCULINO,SUPERIOR COMPLETO,ENGENHEIRO,APTO,SUPLENTE,38.0,575054.0,2526248.75,2526248.75,45933.0,0.0,Maior estrutura financeira
250001611872,1055,MILTON VIEIRA PINTO,MILTON VIEIRA,REPUBLICANOS,MASCULINO,SUPERIOR INCOMPLETO,DEPUTADO,APTO,ELEITO POR QP,60.0,1456152.38,1075001.21,1082363.21,98557.0,0.0,Maior estrutura financeira
250001611865,1005,RENATO TAROCO,RENATO TAROCO,REPUBLICANOS,MASCULINO,SUPERIOR INCOMPLETO,POLICIAL MILITAR,APTO,SUPLENTE,44.0,229000.0,109865.0,104900.85,20897.0,0.0,Maior estrutura financeira
250001611896,1050,ARTHUR MARIO PINHEIRO MACHADO,ARTHUR P. MACHADO,REPUBLICANOS,MASCULINO,SUPERIOR COMPLETO,EMPRESÁRIO,APTO,SUPLENTE,46.0,49821285.26,71822.0,70022.0,6600.0,0.0,Maior estrutura financeira
250001611891,1019,PAULO SERGIO DA ROCHA,MAJOR SERGIO,REPUBLICANOS,MASCULINO,SUPERIOR COMPLETO,POLICIAL MILITAR,APTO,SUPLENTE,51.0,454500.0,47300.0,28325.0,4075.0,0.0,Maior estrutura financeira
250001611850,1024,LUCIANA DA SILVA,LUCIANA SILVA,REPUBLICANOS,FEMININO,ENSINO MÉDIO COMPLETO,CABELEIREIRO E BARBEIRO,APTO,SUPLENTE,49.0,0.0,55555.0,49534.76,333.0,2.0,Estrutura financeira intermediária
250001611887,1098,ELAINE APARECIDA PEREIRA GOMES,ELAINE GOMES,REPUBLICANOS,FEMININO,ENSINO MÉDIO COMPLETO,SERVIDOR PÚBLICO MUNICIPAL,APTO,SUPLENTE,59.0,319000.0,126788.0,69988.0,1562.0,0.0,Maior estrutura financeira
250001611861,1037,TANIA MARA DA CRUZ TONET,ENFERMEIRA TANIA TONET,REPUBLICANOS,FEMININO,SUPERIOR COMPLETO,SERVIDOR PÚBLICO MUNICIPAL,APTO,SUPLENTE,41.0,370000.0,106365.0,99866.0,1926.0,0.0,Maior estrutura financeira
250001611907,1028,DOMINGOS LUCIO FLEMING GALILEU DE VASCONCELOS,TEDDY VASCONCELOS,REPUBLICANOS,MASCULINO,ENSINO MÉDIO COMPLETO,AGRICULTOR,APTO,SUPLENTE,63.0,507160.42,40000.0,40000.0,2174.0,0.0,Maior estrutura financeira
250001677921,9023,ERICO ROMÃO DE VILLALBA ALVIM,DR ALVIM,PROS,MASCULINO,SUPERIOR COMPLETO,OUTROS,APTO,NÃO ELEITO,63.0,1354821.54,30000.0,30000.0,54.0,0.0,Maior estrutura financeira
250001677891,9033,WALTER GUALBERTO DE BRITO,JORNALISTA WALTER BRITO,PROS,MASCULINO,SUPERIOR COMPLETO,JORNALISTA E REDATOR,APTO,NÃO ELEITO,67.0,0.0,0.0,0.0,188.0,1.0,Baixa movimentação financeira
250001677883,9019,RICARDO DUREGGER,RICARDO DUREGGER,PROS,MASCULINO,SUPERIOR INCOMPLETO,EMPRESÁRIO,APTO,NÃO ELEITO,51.0,817500.0,1650.0,1650.0,544.0,0.0,Maior estrutura financeira
250001677905,9004,NEUSA ANTONIA PERINO,NEUSINHA PERINO,PROS,FEMININO,ENSINO MÉDIO COMPLETO,SECRETÁRIO E DATILÓGRAFO,APTO,NÃO ELEITO,49.0,20000.0,351599.19,348236.86,417.0,0.0,Maior estrutura financeira
250001677922,9034,ANDERSON LUIZ BIANCHINI,ANDERSON BIANCHINI,PROS,MASCULINO,ENSINO MÉDIO INCOMPLETO,EMPRESÁRIO,APTO,NÃO ELEITO,45.0,0.0,20000.0,20000.0,69.0,2.0,Estrutura financeira intermediária
250001677876,9003,MARTA CRISTINA LUCHI DE LIMA,MARTA LIMA,PROS,FEMININO,SUPERIOR INCOMPLETO,EMPRESÁRIO,APTO,NÃO ELEITO,50.0,0.0,0.0,0.0,18.0,1.0,Baixa movimentação financeira
250001677898,9097,JÓ RODRIGUES COSTA DO NASCIMENTO,JÓ RODRIGUES,PROS,MASCULINO,SUPERIOR INCOMPLETO,SERVIDOR PÚBLICO MUNICIPAL,APTO,NÃO ELEITO,31.0,0.0,0.0,0.0,131.0,1.0,Baixa movimentação financeira
250001635950,3512,NEMIAS DA SILVA MOREIRA,NEMIAS MOREIRA,PMB,MASCULINO,SUPERIOR INCOMPLETO,OUTROS,APTO,NÃO ELEITO,55.0,0.0,0.0,0.0,374.0,1.0,Baixa movimentação financeira
250001635952,3588,PAULO GUILHERMINO DE ARAUJO,PAULO GUILHERMINO,PMB,MASCULINO,SUPERIOR COMPLETO,POLICIAL MILITAR,APTO,NÃO ELEITO,50.0,384533.0,2150.0,0.0,112.0,0.0,Maior estrutura financeira
250001635937,3599,FRANCIS GRACE RAMOS FRANCISCO,JORNALISTA FRANCIS,PMB,MASCULINO,SUPERIOR COMPLETO,JORNALISTA E REDATOR,APTO,NÃO ELEITO,51.0,0.0,0.0,0.0,47.0,1.0,Baixa movimentação financeira
250001602038,4430,LAIR MOURA SALA MALAVILA JUSEVICIUS,LAIR MOURA,UNIÃO,FEMININO,SUPERIOR COMPLETO,OUTROS,INAPTO,NÃO ELEITO,72.0,1392500.0,565096.53,1151928.15,8690.0,0.0,Maior estrutura financeira
250001613963,3310,JORGE DONIZETTI RIBEIRO DE MATOS,JORGE MATOS,PMN,MASCULINO,SUPERIOR COMPLETO,OUTROS,INAPTO,NÃO ELEITO,60.0,1276269.55,645.0,645.0,88.0,0.0,Maior estrutura financeira
250001715866,2890,APARECIDO RODRIGUES DE SIQUEIRA,SIQUEIRA JUNIOR,PRTB,MASCULINO,ENSINO FUNDAMENTAL INCOMPLETO,EMPRESÁRIO,APTO,NÃO ELEITO,47.0,670000.0,4362.09,1540.0,132.0,0.0,Maior estrutura financeira
250001717134,3604,GERALDO RODRIGUES GUILHERME,GERALDO RODRIGUES,AGIR,MASCULINO,SUPERIOR COMPLETO,OUTROS,INAPTO,NÃO ELEITO,55.0,0.0,5000.0,5000.0,131.0,2.0,Estrutura financeira intermediária
250001738898,9000,PABLO HENRIQUE COSTA MARÇAL,PABLO MARÇAL,PROS,MASCULINO,SUPERIOR COMPLETO,EMPRESÁRIO,INAPTO,NÃO ELEITO,35.0,88441467.08,1439255.58,1021888.07,243037.0,0.0,Maior estrutura financeira
250001620773,5161,EDISON DE OLIVEIRA,EDISON FURMIGA,PATRIOTA,MASCULINO,ENSINO MÉDIO COMPLETO,OUTROS,INAPTO,NÃO ELEITO,55.0,499645.81,29078.9,10000.0,,0.0,Maior estrutura financeira
250001604814,1422,ADRIANA RAMOS AFONSO EL RIFAI,ADRIANA AFONSO,PTB,FEMININO,SUPERIOR COMPLETO,EMPRESÁRIO,INAPTO,NÃO ELEITO,57.0,1382450.0,250000.0,244860.26,,0.0,Maior estrutura financeira
250001597675,3006,CAIO BIANCHI BECHARA,CAIO BIANCHI,NOVO,MASCULINO,SUPERIOR INCOMPLETO,PROGRAMADOR DE COMPUTADOR,INAPTO,NÃO ELEITO,26.0,0.0,1241.5300000000002,0.0,,2.0,Estrutura financeira intermediária
250001610286,1930,URIÃ FANCELLI BAUMGARTNER,URIÃ FANCELLI,PODE,MASCULINO,SUPERIOR COMPLETO,ESCRITOR E CRÍTICO,INAPTO,#NULO,31.0,1000.0,0.0,0.0,,1.0,Baixa movimentação financeira
250001695264,2793,WILSON CAPUTO SANT ANNA,BOMBEIRO CAPUTO,DC,MASCULINO,SUPERIOR COMPLETO,BOMBEIRO CIVIL,INAPTO,#NULO,55.0,0.0,9071.04,0.0,,2.0,Estrutura financeira intermediária
250001695291,2780,MARIA CÉLIA DE JESUS OLIVEIRA,CÉLIA,DC,FEMININO,ENSINO MÉDIO COMPLETO,OUTROS,INAPTO,#NULO,60.0,0.0,16301.78,0.0,,2.0,Estrutura financeira intermediária
250001695278,2757,CESAR FERREIRA LONGARES,VETERANO LONGARES,DC,MASCULINO,ENSINO MÉDIO COMPLETO,ELETRICISTA E ASSEMELHADOS,INAPTO,#NULO,48.0,0.0,10261.76,0.0,,2.0,Estrutura financeira intermediária
250001613979,3331,SILVINO ROQUE NETO,RUSSO,PMN,MASCULINO,ENSINO MÉDIO COMPLETO,OUTROS,INAPTO,#NULO,54.0,0.0,0.0,0.0,,1.0,Baixa movimentação financeira
250001677881,9073,NOEMI MACHADO DE ALMEIDA,PROFESSORA NOEMI MACHADO,PROS,FEMININO,SUPERIOR COMPLETO,PROFESSOR E INSTRUTOR DE FORMAÇÃO PROFISSIONAL,INAPTO,#NULO,67.0,0.0,0.0,0.0,,1.0,Baixa movimentação financeira
250001612125,4557,JONATHAN CRISTIANO RODRIGUES DA SILVA SALES,ANUXA SALES,PSDB,FEMININO,ENSINO MÉDIO INCOMPLETO,VEREADOR,INAPTO,#NULO,34.0,0.0,100.0,0.0,,2.0,Estrutura financeira intermediária
250001620102,4507,FÁBIO NOVAIS MAGALHÃES,FÁBIO MAGALHÃES,PSDB,MASCULINO,SUPERIOR INCOMPLETO,EMPRESÁRIO,INAPTO,#NULO,60.0,25895.2,0.0,0.0,,1.0,Baixa movimentação financeira
250001604880,1440,JOSE CAMILO GAVA NETO,CAMILO GAVA,PTB,MASCULINO,SUPERIOR COMPLETO,ADVOGADO,INAPTO,#NULO,57.0,0.0,200000.0,180000.0,,2.0,Estrutura financeira intermediária
250001611857,1079,REBECA GADI TEIXEIRA DA SILVA,REBECA GADE,REPUBLICANOS,FEMININO,SUPERIOR COMPLETO,ADMINISTRADOR,INAPTO,#NULO,32.0,0.0,0.0,0.0,,1.0,Baixa movimentação financeira
250001611363,2212,CARLOS ALBERTO DE SOUZA,CAPITÃO SOUZA,PL,MASCULINO,SUPERIOR COMPLETO,OUTROS,APTO,SUPLENTE,53.0,328000.0,603250.64,460240.35,37969.0,0.0,Maior estrutura financeira
250001611360,2217,LILIAN REGINA SANTANA TROVÃO,LILIAN TROVÃO,PL,FEMININO,SUPERIOR COMPLETO,SERVIDOR PÚBLICO FEDERAL,APTO,SUPLENTE,35.0,510868.22,166465.34,149439.8,3443.0,0.0,Maior estrutura financeira
250001613814,5070,ERIKA SANTOS SILVA,ERIKA HILTON,PSOL,FEMININO,SUPERIOR COMPLETO,VEREADOR,APTO,ELEITO POR QP,29.0,19989.96,1520936.59,1479837.39,256903.0,0.0,Maior estrutura financeira
250001613782,5011,ANTÔNIO OCILIO VASCONCELOS DA SILVA,ANTÔNIO OCILIO,PSOL,MASCULINO,ENSINO MÉDIO COMPLETO,MECÂNICO DE MANUTENÇÃO,APTO,SUPLENTE,53.0,60000.0,150786.85,141974.18,2609.0,0.0,Maior estrutura financeira
250001610284,1969,EUCLIDES ROBERTO FERREIRA,ROBERTO BRASIL,PODE,MASCULINO,SUPERIOR COMPLETO,OUTROS,APTO,SUPLENTE,47.0,408240.44,103048.4,104909.18,540.0,0.0,Maior estrutura financeira
250001610268,1922,PAULO ROBERTO DE CAMPOS,PAULO CAMPOS,PODE,MASCULINO,SUPERIOR COMPLETO,VEREADOR,APTO,SUPLENTE,42.0,23100.0,406895.0,408400.0,24790.0,0.0,Maior estrutura financeira
250001610271,1940,LUIZ CLAUDIO NOGAROTO AMARAL,CAL NOGAROTO,PODE,MASCULINO,SUPERIOR COMPLETO,SERVIDOR PÚBLICO FEDERAL,APTO,SUPLENTE,44.0,1242764.86,359223.75,352073.49,8498.0,0.0,Maior estrutura financeira
250001610294,1903,SERGIO RICARDO RIBEIRO DE OLIVEIRA,MORTADELA,PODE,MASCULINO,ENSINO FUNDAMENTAL INCOMPLETO,EMPRESÁRIO,APTO,SUPLENTE,49.0,0.0,160000.0,160000.0,2108.0,2.0,Estrutura financeira intermediária
250001620298,4064,WAGNER RUBINELLI,RUBINELLI,PSB,MASCULINO,SUPERIOR COMPLETO,ADVOGADO,APTO,SUPLENTE,58.0,891500.0,463096.96,456615.5,18419.0,0.0,Maior estrutura financeira
250001620274,4051,ELIAS DE SISTO,ELIAS DE MOCOCA,PSB,MASCULINO,ENSINO MÉDIO COMPLETO,EMPRESÁRIO,APTO,SUPLENTE,53.0,0.0,106086.95999999999,100000.0,1223.0,2.0,Estrutura financeira intermediária
250001620252,4020,ANA MARIA DE GOUVÊA,TECA GOUVÊA,PSB,FEMININO,SUPERIOR COMPLETO,APOSENTADO (EXCETO SERVIDOR PÚBLICO),APTO,SUPLENTE,74.0,1547441.0,103261.31,77467.68,1096.0,0.0,Maior estrutura financeira
250001620285,4097,WILLIAM SILVA DAS MERCES,WILLIAM SILVA,PSB,MASCULINO,ENSINO MÉDIO INCOMPLETO,EMPRESÁRIO,APTO,SUPLENTE,51.0,0.0,47796.36,40000.0,65.0,2.0,Estrutura financeira intermediária
250001651398,4087,JULIO CESAR DE LIMA MORAES,JULIO MORAES,PSB,MASCULINO,ENSINO MÉDIO COMPLETO,ADMINISTRADOR,APTO,SUPLENTE,36.0,0.0,47796.36,0.0,116.0,2.0,Estrutura financeira intermediária
250001620270,4031,SANDRA CRISTINA DOS SANTOS SOARES,SANDRA PEQUENO LUCCA,PSB,FEMININO,SUPERIOR COMPLETO,PROFESSOR DE ENSINO FUNDAMENTAL,APTO,SUPLENTE,51.0,337100.0,103817.73999999999,75221.56,402.0,0.0,Maior estrutura financeira
250001620259,4094,GETULIO PEREIRA SERPA,DR GETULIO SERPA,PSB,MASCULINO,SUPERIOR COMPLETO,ADVOGADO,APTO,SUPLENTE,76.0,10380000.0,47796.36,39999.95,538.0,0.0,Maior estrutura financeira
250001620281,4040,TABATA CLAUDIA AMARAL DE PONTES,TABATA AMARAL,PSB,FEMININO,SUPERIOR COMPLETO,DEPUTADO,APTO,ELEITO POR QP,28.0,556700.29,2339466.37,2282868.17,337873.0,0.0,Maior estrutura financeira
250001610308,1906,PRISCILA SILVA SOUZA,PRISCILA SOUZA-MAND COLETIVO,PODE,FEMININO,SUPERIOR COMPLETO,ADMINISTRADOR,APTO,SUPLENTE,43.0,36900.0,50000.0,49946.9,626.0,0.0,Maior estrutura financeira
250001610276,1989,CRISTIANE FORSSELL FERRARA FOMIN,CRIS FORSSELL,PODE,FEMININO,SUPERIOR COMPLETO,SERVIDOR PÚBLICO ESTADUAL,APTO,SUPLENTE,51.0,65000.0,769275.6,649792.3,2830.0,0.0,Maior estrutura financeira
250001610257,1953,DIUMIRA CARDOSO DE LIMA,VERA DA PERTIGALETE,PODE,FEMININO,LÊ E ESCREVE,APOSENTADO (EXCETO SERVIDOR PÚBLICO),APTO,SUPLENTE,69.0,200000.0,50000.0,49978.0,395.0,0.0,Maior estrutura financeira
250001610258,1919,RENATA HELLMEISTER DE ABREU MELO,RENATA ABREU,PODE,FEMININO,SUPERIOR COMPLETO,DEPUTADO,APTO,ELEITO POR QP,40.0,1393523.71,3313917.4,2908610.02,180247.0,0.0,Maior estrutura financeira
250001610302,1920,DANIEL JOSÉ DA SILVA OLIVEIRA,DANIEL JOSÉ,PODE,MASCULINO,SUPERIOR COMPLETO,DEPUTADO,APTO,SUPLENTE,34.0,39167.26,1767356.33,1776856.33,38090.0,0.0,Maior estrutura financeira
250001610281,1978,RICARDO HOLZ VIDAL DOS SANTOS,RICARDO HOLZ,PODE,MASCULINO,SUPERIOR COMPLETO,EMPRESÁRIO,APTO,SUPLENTE,44.0,2786552.29,85317.75,78750.0,2177.0,0.0,Maior estrutura financeira
250001610316,1977,RODRIGO GAMBALE VIEIRA,RODRIGO GAMBALE,PODE,MASCULINO,SUPERIOR INCOMPLETO,DEPUTADO,APTO,ELEITO POR MÉDIA,38.0,409964.91,1800000.0,1799593.95,108209.0,0.0,Maior estrutura financeira
250001610266,1990,MARCELO JOSÉ ORTEGA,MARCELO ORTEGA,PODE,MASCULINO,SUPERIOR COMPLETO,VEREADOR,APTO,SUPLENTE,45.0,63497.0,144700.0,141453.19,3665.0,0.0,Maior estrutura financeira
250001602073,4448,EDUARDO SANASSAR FONSECA,SANAZAR,UNIÃO,MASCULINO,SUPERIOR COMPLETO,APOSENTADO (EXCETO SERVIDOR PÚBLICO),APTO,SUPLENTE,52.0,615500.0,218374.53,199871.45,637.0,0.0,Maior estrutura financeira
250001602077,4436,REINALDO DE SOUZA ALGUZ,REINALDO ALGUZ,UNIÃO,MASCULINO,SUPERIOR COMPLETO,DEPUTADO,APTO,SUPLENTE,59.0,2830787.81,2225074.53,2183775.7,62666.0,0.0,Maior estrutura financeira
250001602064,4409,RICARDO MURILO COGHI,MURILO COGHI,UNIÃO,MASCULINO,SUPERIOR COMPLETO,EMPRESÁRIO,APTO,SUPLENTE,35.0,756120.28,564477.58,496448.63,10607.0,0.0,Maior estrutura financeira
250001651720,4460,VITOR NARESSI NETTO,VITOR NARESSI,UNIÃO,MASCULINO,SUPERIOR COMPLETO,VEREADOR,APTO,SUPLENTE,32.0,144979.71,260074.53,250000.0,4359.0,0.0,Maior estrutura financeira
250001602044,4401,MARCELA DE CARVALHO NORA,MARCELA NORÁ VETERINÁRIA,UNIÃO,FEMININO,SUPERIOR COMPLETO,VETERINÁRIO,APTO,SUPLENTE,37.0,370000.0,546434.77,593274.03,3235.0,0.0,Maior estrutura financeira
250001602072,4469,CLOVIS BASILIO DOS SANTOS,KID BENGALA,UNIÃO,MASCULINO,ENSINO FUNDAMENTAL COMPLETO,EMPRESÁRIO,APTO,SUPLENTE,67.0,1552000.0,2455509.3,2404655.34,10312.0,0.0,Maior estrutura financeira
250001602041,4445,JOSE CARLOS OROSCO,JUNIOR OROSCO,UNIÃO,MASCULINO,SUPERIOR COMPLETO,ADMINISTRADOR,APTO,SUPLENTE,43.0,8244576.5600000005,2589840.5300000003,2967473.64,23224.0,0.0,Maior estrutura financeira
250001602080,4410,PAULO SERGIO ABOU ANNI,ABOU ANNI,UNIÃO,MASCULINO,SUPERIOR COMPLETO,DEPUTADO,APTO,SUPLENTE,55.0,1389921.65,2574531.4,2521722.29,39013.0,0.0,Maior estrutura financeira
250001602074,4417,MARIA AUGUSTA FERREIRA FONSECA,AUGUSTA,UNIÃO,FEMININO,ENSINO MÉDIO COMPLETO,OUTROS,APTO,SUPLENTE,56.0,1.98,428074.53,419997.97,358.0,2.0,Estrutura financeira intermediária
250001695280,2744,EDIVALDO CORREIA DE OLIVEIRA,EDIVALDO CORREIA,DC,MASCULINO,ENSINO MÉDIO INCOMPLETO,ESTETICISTA,APTO,NÃO ELEITO,53.0,0.0,13959.04,39.99,202.0,2.0,Estrutura financeira intermediária
250001695265,2764,JOÃO ROBERTO DE SOUZA,JOÃOZINHO,DC,MASCULINO,ENSINO MÉDIO INCOMPLETO,"VENDEDOR PRACISTA, REPRESENTANTE, CAIXEIRO-VIAJANTE E ASSEMELHADOS",APTO,NÃO ELEITO,47.0,0.0,10261.76,0.0,275.0,2.0,Estrutura financeira intermediária
250001695275,2770,AILTON BOLIGNARI,DR ECO PLANET,DC,MASCULINO,SUPERIOR COMPLETO,EMPRESÁRIO,APTO,NÃO ELEITO,45.0,1850000.0,9071.05,0.0,488.0,0.0,Maior estrutura financeira
250001613971,3325,MARIA ELISANGELA DE ARAÚJO,MARIA ELIZANGELA ZANZA,PMN,FEMININO,SUPERIOR INCOMPLETO,OUTROS,APTO,NÃO ELEITO,48.0,220000.0,0.0,0.0,366.0,1.0,Baixa movimentação financeira
250001613965,3319,JOSÉ FERREIRA CAMPOS FILHO,DOUTOR CAMPOS,PMN,MASCULINO,SUPERIOR COMPLETO,ADVOGADO,APTO,NÃO ELEITO,58.0,0.0,0.0,0.0,196.0,1.0,Baixa movimentação financeira
250001613959,3378,HELTON MICHAEL LEITE FERREIRA,HELTON MICHAEL,PMN,MASCULINO,SUPERIOR COMPLETO,OUTROS,APTO,NÃO ELEITO,46.0,262000.0,30000.0,30000.0,570.0,0.0,Maior estrutura financeira
250001613947,3350,ELIMARA LOTERIO DA SILVA DIAS,MISSIONÁRIA ELIMARA LOTERIO,PMN,FEMININO,SUPERIOR INCOMPLETO,OUTROS,APTO,NÃO ELEITO,35.0,0.0,30000.0,30000.0,26.0,2.0,Estrutura financeira intermediária
250001613940,3334,ARTUR CESAR BONACCORSI,DR ARTUR CESAR,PMN,MASCULINO,SUPERIOR COMPLETO,ADVOGADO,APTO,NÃO ELEITO,52.0,313000.0,0.0,0.0,138.0,1.0,Baixa movimentação financeira
250001613956,3348,GLÁUCIA ASSUNÇÃO DE OLIVEIRA,GLÁUCIA ASSUNÇÃO,PMN,FEMININO,ENSINO MÉDIO COMPLETO,"ESTUDANTE, BOLSISTA, ESTAGIÁRIO E ASSEMELHADOS",APTO,NÃO ELEITO,38.0,0.0,20000.0,20000.0,197.0,2.0,Estrutura financeira intermediária
250001613958,3340,HELOIZA RAVASQ DA SILVA,HELOIZA RAVASQ,PMN,FEMININO,SUPERIOR COMPLETO,ADVOGADO,APTO,NÃO ELEITO,39.0,15000.0,30000.0,30000.0,460.0,0.0,Maior estrutura financeira
250001640577,2100,CLAUDIMAR AMARO DE ANDRADE RODRIGUES,DR CLAUDIMAR JABA COL UNIDOS,PCB,MASCULINO,SUPERIOR COMPLETO,MÉDICO,APTO,NÃO ELEITO,43.0,198040.99,1411.0,11411.0,1676.0,0.0,Maior estrutura financeira
250001622099,7078,THIAGO JOSÉ ISOLA,THIAGO ISOLA,AVANTE,MASCULINO,SUPERIOR INCOMPLETO,EMPRESÁRIO,APTO,NÃO ELEITO,39.0,150000.0,16424.0,4000.0,2266.0,0.0,Maior estrutura financeira
250001622070,7067,LUIZA FAUSTINO PEREIRA PARI,MALU PARISI,AVANTE,FEMININO,SUPERIOR COMPLETO,ADVOGADO,APTO,NÃO ELEITO,62.0,532000.0,10670.25,10670.25,259.0,0.0,Maior estrutura financeira
250001622107,7001,NORMA ELIZA HIROKO OTANI MORATO,NORMA OTANI,AVANTE,FEMININO,SUPERIOR COMPLETO,OUTROS,APTO,NÃO ELEITO,37.0,4500.0,15016.75,5000.0,403.0,0.0,Maior estrutura financeira
250001622101,7003,VERA LÚCIA CHAGAS CONCEIÇÃO,DONA VERA,AVANTE,FEMININO,ENSINO FUNDAMENTAL COMPLETO,ARTESÃO,APTO,NÃO ELEITO,59.0,100000.0,60000.0,59965.85,498.0,0.0,Maior estrutura financeira
250001622084,7071,JORGE EDUARDO RUBIES,JORGE GUERREIRO,AVANTE,MASCULINO,SUPERIOR COMPLETO,ADVOGADO,APTO,NÃO ELEITO,50.0,9591841.5,235485.05,235485.05,404.0,0.0,Maior estrutura financeira
250001622089,7009,COSME APARECIDO FELIX,COSME FÉLIX,AVANTE,MASCULINO,ENSINO MÉDIO COMPLETO,JORNALISTA E REDATOR,APTO,NÃO ELEITO,59.0,0.0,12000.0,7805.0,1140.0,2.0,Estrutura financeira intermediária
250001622091,7032,PAULO DE TARSO NUNES CHIODE,DR PAULO DE TARSO,AVANTE,MASCULINO,SUPERIOR COMPLETO,MÉDICO,APTO,NÃO ELEITO,59.0,820837.3099999999,166000.0,148488.65,7600.0,0.0,Maior estrutura financeira
250001717165,3622,REYNALDO CAMPANATTI PEREIRA,PROF. CAMPANATTI,AGIR,MASCULINO,SUPERIOR COMPLETO,PROFESSOR DE ENSINO SUPERIOR,APTO,NÃO ELEITO,61.0,0.0,50000.0,48670.0,2031.0,2.0,Estrutura financeira intermediária
250001717151,3613,RICARDO FASSIO CAVALCANTE CUNHA,RICARDO FÁSSIO,AGIR,MASCULINO,SUPERIOR INCOMPLETO,JORNALISTA E REDATOR,APTO,NÃO ELEITO,44.0,0.0,10000.0,9971.95,673.0,2.0,Estrutura financeira intermediária
250001717137,3656,RENE ROSA,RENE DO RAP,AGIR,MASCULINO,SUPERIOR COMPLETO,JORNALISTA E REDATOR,APTO,NÃO ELEITO,56.0,142908.5,10265.01,10258.85,608.0,0.0,Maior estrutura financeira
250001717153,3672,SEVERINO DE OLIVEIRA MELO,BILLA MUDANÇAS,AGIR,MASCULINO,ENSINO MÉDIO COMPLETO,MOTORISTA PARTICULAR,APTO,NÃO ELEITO,69.0,110000.0,5000.0,5000.0,148.0,0.0,Maior estrutura financeira
250001717184,3626,JOSÉ AUGUSTINHO DOS SANTOS,AUGUSTO DO JORNAL,AGIR,MASCULINO,ENSINO FUNDAMENTAL INCOMPLETO,OUTROS,APTO,NÃO ELEITO,50.0,0.0,17953.0,17953.0,575.0,2.0,Estrutura financeira intermediária
250001717149,3664,PAULO EDUARDO DE PAULA,PAULO EDUARDO,AGIR,MASCULINO,ENSINO MÉDIO COMPLETO,OUTROS,APTO,NÃO ELEITO,64.0,0.0,0.0,0.0,101.0,1.0,Baixa movimentação financeira
250001717145,3615,LUIZ CARLOS RAMOS ARRUDA DA SILVA,LUIZ MELADINHO,AGIR,MASCULINO,ENSINO MÉDIO COMPLETO,EMPRESÁRIO,APTO,NÃO ELEITO,36.0,15500.0,10000.0,9980.0,207.0,0.0,Maior estrutura financeira
250001717170,3606,ADELSON DE SOUZA PENHA,ADELSON DE SOUZA PENHA,AGIR,MASCULINO,ENSINO MÉDIO COMPLETO,AUXILIAR DE ESCRITÓRIO E ASSEMELHADOS,APTO,NÃO ELEITO,72.0,0.0,5000.0,5000.0,313.0,2.0,Estrutura financeira intermediária
250001611218,1554,LUIZ OTAVIO OLIVEIRA CAMPOS,LUIZ OTAVIO,MDB,MASCULINO,SUPERIOR COMPLETO,APOSENTADO (EXCETO SERVIDOR PÚBLICO),APTO,SUPLENTE,68.0,268518.64,0.0,0.0,512.0,1.0,Baixa movimentação financeira
250001611235,1501,LEONORA MENDES DE LIMA,LÉO AQUILLA,MDB,FEMININO,SUPERIOR COMPLETO,JORNALISTA E REDATOR,APTO,SUPLENTE,52.0,244280.64,302800.0,299979.55,16678.0,0.0,Maior estrutura financeira
250001611254,1580,FÁBIO EDUARDO DE OLIVEIRA TERUEL,FABIO TERUEL,MDB,MASCULINO,SUPERIOR COMPLETO,PUBLICITÁRIO,APTO,ELEITO POR QP,50.0,12094157.48,1000000.0,986700.12,235165.0,0.0,Maior estrutura financeira
250001611216,1507,MAICON VINICIUS RIBEIRO DA SILVA,MAICON VINÍCIUS,MDB,MASCULINO,ENSINO MÉDIO COMPLETO,OUTROS,APTO,SUPLENTE,31.0,0.0,50000.0,50000.0,1352.0,2.0,Estrutura financeira intermediária
250001611222,1503,CARLA CRISTINA MASSARO FLORES,CARLA FLORES,MDB,FEMININO,SUPERIOR COMPLETO,VEREADOR,APTO,SUPLENTE,46.0,0.0,163000.0,160800.0,1304.0,2.0,Estrutura financeira intermediária
250001611240,1550,JOÃO CURY NETO,JOÃO CURY,MDB,MASCULINO,SUPERIOR COMPLETO,OUTROS,APTO,SUPLENTE,48.0,2622540.07,2734345.14,2660575.95,80085.0,0.0,Maior estrutura financeira
250001611260,1578,CLEUSA RAMOS ZERBINI,CLEUSA RAMOS ZERBINI,MDB,FEMININO,ENSINO FUNDAMENTAL COMPLETO,APOSENTADO (EXCETO SERVIDOR PÚBLICO),APTO,SUPLENTE,70.0,1245134.13,1007500.0,855029.0,35542.0,0.0,Maior estrutura financeira
250001611219,1517,ADENILSON SILVA ALVES,MESTRE TICO,MDB,MASCULINO,SUPERIOR INCOMPLETO,ATLETA PROFISSIONAL E TÉCNICO EM DESPORTOS,APTO,SUPLENTE,56.0,67000.0,75000.0,75000.0,4502.0,0.0,Maior estrutura financeira
250001649676,1572,JOÃO LUIZ FEITOSA,JOÃO LUIZ FEITOSA,MDB,MASCULINO,ENSINO MÉDIO COMPLETO,COMERCIANTE,APTO,SUPLENTE,62.0,0.0,20000.0,20000.0,977.0,2.0,Estrutura financeira intermediária
250001611265,1588,HERNANI ALBERTO MONACO LEONHARDT,HERNANI LEONHARDT,MDB,MASCULINO,SUPERIOR INCOMPLETO,OUTROS,APTO,SUPLENTE,48.0,76192.7,50000.0,49997.8,4407.0,0.0,Maior estrutura financeira
250001611270,1524,ALESSANDRA ESQUIVEL PRANDI,ALESSANDRA PRANDI,MDB,FEMININO,SUPERIOR INCOMPLETO,POLICIAL CIVIL,APTO,SUPLENTE,40.0,0.0,30000.0,29973.0,1842.0,2.0,Estrutura financeira intermediária
250001643865,2006,JOAQUIM TOMAZ DOS SANTOS,PASTOR JOAQUIM O CAMINHONEIRO,PSC,MASCULINO,ENSINO MÉDIO COMPLETO,OUTROS,APTO,SUPLENTE,67.0,0.0,0.0,0.0,101.0,1.0,Baixa movimentação financeira
250001643924,2025,MÔNICA APARECIDA DA SILVA SONTINI,MÔNICA SONTINI,PSC,FEMININO,ENSINO MÉDIO COMPLETO,EMPRESÁRIO,APTO,SUPLENTE,46.0,736010.15,98081.2,98081.2,3917.0,0.0,Maior estrutura financeira
250001643883,2080,RODOLFO FRANCISCO DE SOUZA,RODOLFO DESPACHANTE,PSC,MASCULINO,SUPERIOR COMPLETO,DESPACHANTE,APTO,SUPLENTE,60.0,1431350.0,63000.0,62684.0,3381.0,0.0,Maior estrutura financeira
250001643874,2016,ODILIA EXPEDITA DE SOUSA,ODILIA SOUSA,PSC,FEMININO,ENSINO MÉDIO COMPLETO,MOTORISTA PARTICULAR,APTO,SUPLENTE,54.0,1234.4399999999998,35000.0,34285.0,222.0,0.0,Maior estrutura financeira
250001643869,2029,AILTON BISPO DOS ANJOS,AILTON BISPO,PSC,MASCULINO,ENSINO MÉDIO COMPLETO,EMPRESÁRIO,APTO,SUPLENTE,51.0,330000.0,10800.0,10000.0,731.0,0.0,Maior estrutura financeira
250001643866,2067,THIAGO HENRIQUE DA SILVA DORIGAN,THIAGO HENRIQUE DURIGAN,PSC,MASCULINO,ENSINO MÉDIO COMPLETO,EMPRESÁRIO,APTO,SUPLENTE,33.0,11025.73,25000.0,25000.0,279.0,0.0,Maior estrutura financeira
250001643906,2082,AURELIA CINAQUI AMARAL,AURELIA CINAQUI,PSC,FEMININO,ENSINO MÉDIO COMPLETO,EMPRESÁRIO,APTO,SUPLENTE,44.0,0.0,55000.0,35000.0,234.0,2.0,Estrutura financeira intermediária
250001643878,2036,MARIA DAS GRAÇAS PATRÍCIO,NENÊ NOIVAS,PSC,FEMININO,ENSINO FUNDAMENTAL COMPLETO,EMPRESÁRIO,APTO,SUPLENTE,71.0,0.0,15000.0,15000.0,162.0,2.0,Estrutura financeira intermediária
250001643919,2033,JUAREZ DOMINGOS COSTA,JUAREZ DOMINGOS,PSC,MASCULINO,ENSINO FUNDAMENTAL INCOMPLETO,ASTRÔNOMO,APTO,SUPLENTE,54.0,0.0,10000.0,10000.0,519.0,2.0,Estrutura financeira intermediária
250001643913,2059,VALTER SANTIAGO,TIO VALTER,PSC,MASCULINO,ENSINO MÉDIO COMPLETO,COMERCIANTE,APTO,SUPLENTE,66.0,950000.0,10000.0,9663.73,370.0,0.0,Maior estrutura financeira
250001612142,4577,ROSÂNGELA MARIA RIZZOLO CAMOLESE,RÔ CAMOLESE,PSDB,FEMININO,SUPERIOR COMPLETO,EMPRESÁRIO,APTO,SUPLENTE,61.0,4049716.87,561590.9,487209.45,5633.0,0.0,Maior estrutura financeira
250001612126,4511,CHUKS ILOEGBUNAM,CHUKS,PSDB,MASCULINO,SUPERIOR COMPLETO,PROFESSOR E INSTRUTOR DE FORMAÇÃO PROFISSIONAL,APTO,SUPLENTE,60.0,1200.0,11590.900000000001,0.0,2915.0,0.0,Maior estrutura financeira
250001612092,4533,PAULO ALEXANDRE PEREIRA BARBOSA,PAULO ALEXANDRE BARBOSA,PSDB,MASCULINO,SUPERIOR COMPLETO,ADVOGADO,APTO,ELEITO POR QP,43.0,851588.84,3188141.6,3172887.25,170378.0,0.0,Maior estrutura financeira
250001612110,4530,MONICA APARECIDA CALAZANS,MONICA CALAZANS,PSDB,FEMININO,SUPERIOR COMPLETO,ENFERMEIRO,APTO,SUPLENTE,56.0,0.0,464122.45,424461.68,9149.0,2.0,Estrutura financeira intermediária
250001612100,2333,ROBERTO MOREIRA DE SOUZA,ROBERTINHO DO ÓCULOS,CIDADANIA,MASCULINO,ENSINO FUNDAMENTAL COMPLETO,EMPRESÁRIO,APTO,SUPLENTE,66.0,0.0,11590.900000000001,0.0,1045.0,2.0,Estrutura financeira intermediária
250001612097,4522,MARCELO PORFIRIO DA SILVA,MARCELO BRÁS DO SACOLÃO,PSDB,MASCULINO,ENSINO MÉDIO COMPLETO,VEREADOR,APTO,SUPLENTE,40.0,0.0,39582.9,23790.0,8993.0,2.0,Estrutura financeira intermediária
250001620763,5156,CLAUDIO PERESSIM,PERESSIM,PATRIOTA,MASCULINO,SUPERIOR COMPLETO,JARDINEIRO,APTO,NÃO ELEITO,66.0,865000.0,103300.0,99995.51,580.0,0.0,Maior estrutura financeira
250001620757,5176,ELISANGELA JOVANA DOS SANTOS,ELISÂNGELA SANTOS PROTETORA,PATRIOTA,FEMININO,ENSINO FUNDAMENTAL INCOMPLETO,DONA DE CASA,APTO,NÃO ELEITO,46.0,0.0,105969.67,39932.0,546.0,2.0,Estrutura financeira intermediária
250001620755,5167,MARCIA VALERIA MARQUES LOPES SAQUETO,MARCIA VALERIA,PATRIOTA,FEMININO,SUPERIOR INCOMPLETO,ENFERMEIRO,APTO,NÃO ELEITO,48.0,0.0,33689.79,20000.0,147.0,2.0,Estrutura financeira intermediária
250001620754,5123,FLAVIO SILVA DE FREITAS,FLAVINHO AMPERMAG,PATRIOTA,MASCULINO,ENSINO FUNDAMENTAL INCOMPLETO,VEREADOR,APTO,NÃO ELEITO,46.0,983000.0,294872.26,241990.76,5825.0,0.0,Maior estrutura financeira
250001620731,5174,LUCIANA PAULA VALENTIM,LUCIANA VALENTIM,PATRIOTA,FEMININO,SUPERIOR COMPLETO,OUTROS,APTO,NÃO ELEITO,46.0,7205.24,155874.79,124989.5,490.0,0.0,Maior estrutura financeira
250001620725,5140,ALESSANDRA RUDOLPHO STRINGHETA BARBOSA,ALESSANDRA STRINGHETA,PATRIOTA,FEMININO,SUPERIOR COMPLETO,ADVOGADO,APTO,NÃO ELEITO,47.0,2480.0,187364.77,149966.7,702.0,0.0,Maior estrutura financeira
250001620745,5179,FABRICIO DE CARVALHO SILVA,FABRICIO CARVALHO,PATRIOTA,MASCULINO,ENSINO FUNDAMENTAL COMPLETO,PUBLICITÁRIO,APTO,NÃO ELEITO,44.0,0.0,60000.0,60000.0,1050.0,2.0,Estrutura financeira intermediária
250001620739,5142,FERNANDO CHIARELLI,FERNANDO CHIARELLI,PATRIOTA,MASCULINO,LÊ E ESCREVE,OUTROS,APTO,NÃO ELEITO,65.0,0.0,256358.9,199878.41,3373.0,2.0,Estrutura financeira intermediária
250001620716,5152,FELIPE AUGUSTO TEDESCHI LINTZ,FELIPE LINTZ,PATRIOTA,MASCULINO,ENSINO MÉDIO COMPLETO,JORNALISTA E REDATOR,APTO,NÃO ELEITO,27.0,2480.0,375008.91000000003,273405.6,21533.0,0.0,Maior estrutura financeira
250001620729,5129,RUZINON SILVA,ZINON SILVÁ,PATRIOTA,MASCULINO,ENSINO MÉDIO INCOMPLETO,MOTORISTA PARTICULAR,APTO,NÃO ELEITO,56.0,48000.0,20578.9,0.0,255.0,0.0,Maior estrutura financeira
250001620724,5154,GILMAR APARECIDO RODRIGUES,GILMAR,PATRIOTA,MASCULINO,ENSINO FUNDAMENTAL COMPLETO,EMPRESÁRIO,APTO,NÃO ELEITO,47.0,1250000.0,14703.9,0.0,1447.0,0.0,Maior estrutura financeira
250001620726,5113,ANDRE HENRIQUE BUENO DE OLIVEIRA,ANDRE VILÃO,PATRIOTA,MASCULINO,ENSINO FUNDAMENTAL COMPLETO,MOTOBOY,APTO,NÃO ELEITO,34.0,257000.0,191828.9,148756.0,1180.0,0.0,Maior estrutura financeira
250001620711,5188,JOSÉ ROBERTO DE CASTRO,CORONEL CASTRO,PATRIOTA,MASCULINO,SUPERIOR COMPLETO,MILITAR REFORMADO,APTO,NÃO ELEITO,65.0,553804.1,402118.9,371950.0,3157.0,0.0,Maior estrutura financeira
250001620760,5135,PATRÍCIA MARIA DA SILVA,PATRÍCIA DE SANTOS,PATRIOTA,FEMININO,ENSINO FUNDAMENTAL COMPLETO,OUTROS,APTO,NÃO ELEITO,45.0,0.0,34474.9,20850.11,302.0,2.0,Estrutura financeira intermediária
250001700021,2997,TIAGO PIRES,TIAGO PIRES,PCO,MASCULINO,SUPERIOR COMPLETO,AGENTE POSTAL,APTO,NÃO ELEITO,37.0,39831.39,11974.36,0.0,307.0,0.0,Maior estrutura financeira
250001700020,2969,PAULO BEZERRA DE MELO,PAULO BEZERRA,PCO,MASCULINO,ENSINO MÉDIO COMPLETO,APOSENTADO (EXCETO SERVIDOR PÚBLICO),APTO,NÃO ELEITO,67.0,15000.0,11974.36,0.0,169.0,0.0,Maior estrutura financeira
250001611413,1616,WELLER PEREIRA GONÇALVES,WELLER GONÇALVES,PSTU,MASCULINO,ENSINO MÉDIO COMPLETO,TRABALHADOR METALÚRGICO E SIDERÚRGICO,APTO,NÃO ELEITO,36.0,0.0,80680.22,63417.3,1995.0,2.0,Estrutura financeira intermediária
250001611409,1612,MARIANA FRAGOSO WATANABE,MARIANA FRAGOSO,PSTU,FEMININO,SUPERIOR COMPLETO,AGENTE ADMINISTRATIVO,APTO,NÃO ELEITO,32.0,0.0,5394.32,5050.0,132.0,2.0,Estrutura financeira intermediária
250001602017,8000,ISIS MUSTAFÁ DE ASSIS,ISIS MUSTAFA,UP,FEMININO,SUPERIOR COMPLETO,"ESTUDANTE, BOLSISTA, ESTAGIÁRIO E ASSEMELHADOS",APTO,NÃO ELEITO,25.0,3646.42,44463.34,0.0,21017.0,2.0,Estrutura financeira intermediária
250001610673,1333,JULIANA CARDOSO,JULIANA CARDOSO,PT,FEMININO,SUPERIOR COMPLETO,VEREADOR,APTO,ELEITO POR MÉDIA,42.0,593269.22,2641213.94,2632698.21,125517.0,0.0,Maior estrutura financeira
250001610702,1330,JANAINA FERRATO ELIAS,JANAÍNA DA BANCADA ECOSSISTEMA,PT,FEMININO,SUPERIOR COMPLETO,PROFESSOR DE ENSINO MÉDIO,APTO,SUPLENTE,38.0,158000.0,66511.48,52235.33,4235.0,0.0,Maior estrutura financeira
250001610656,4355,JOSÉ RIBAMAR PIAUILINO DE SOUSA,PIAUILINO,PV,MASCULINO,SUPERIOR COMPLETO,EMPRESÁRIO,APTO,SUPLENTE,50.0,866000.0,92187.0,79982.3,1685.0,0.0,Maior estrutura financeira
250001610643,1351,REGINALDO CAMILO DOS SANTOS,ZEZINHO,PT,MASCULINO,SUPERIOR INCOMPLETO,OUTROS,APTO,SUPLENTE,51.0,21500.0,161275.47999999998,152537.35,8858.0,0.0,Maior estrutura financeira
250001610683,4310,PATRÍCIA SIMÕES VEDRANO,PATRICIA VEDRANO,PV,FEMININO,SUPERIOR COMPLETO,EMPRESÁRIO,APTO,SUPLENTE,48.0,133853.02,128500.0,120000.0,502.0,0.0,Maior estrutura financeira
250001610688,1353,NILTO IGNÁCIO TATTO,NILTO TATTO,PT,MASCULINO,SUPERIOR COMPLETO,DEPUTADO,APTO,ELEITO POR QP,59.0,936947.08,1835453.14,1823105.29,151861.0,0.0,Maior estrutura financeira
250001610682,1344,JAQUES ARTUR MUNHOZ,DR. JAQUES,PT,MASCULINO,SUPERIOR COMPLETO,ADVOGADO,APTO,SUPLENTE,62.0,110000.0,35333.68,29022.2,5983.0,0.0,Maior estrutura financeira
250001606086,7765,ANGELA BARBOSA DOS SANTOS,ANGELA BARBOSA,SOLIDARIEDADE,FEMININO,ENSINO MÉDIO COMPLETO,RECEPCIONISTA,APTO,SUPLENTE,39.0,0.0,69960.56,59000.0,502.0,2.0,Estrutura financeira intermediária
250001606067,7780,MARCELO DE LIMA FERNANDES,MARCELO LIMA,SOLIDARIEDADE,MASCULINO,SUPERIOR COMPLETO,OUTROS,APTO,ELEITO POR QP,39.0,800000.0,2211860.4,2037666.32,110430.0,0.0,Maior estrutura financeira
250001606063,7733,RICARDO YOSHIO,DR RICARDO YOSHIO,SOLIDARIEDADE,MASCULINO,SUPERIOR COMPLETO,MÉDICO,APTO,SUPLENTE,69.0,489882.55,270744.4,224253.3,12804.0,0.0,Maior estrutura financeira
250001606085,7734,JOSÉ ANTONIO FERNANDES PAIVA,PAIVA,SOLIDARIEDADE,MASCULINO,SUPERIOR INCOMPLETO,BANCÁRIO E ECONOMIÁRIO,APTO,SUPLENTE,63.0,15000.0,65333.79,53038.3,2227.0,0.0,Maior estrutura financeira
250001606096,7713,PAULO MARCELO SCHALLENBERGER,PASTOR PAULO MARCELO,SOLIDARIEDADE,MASCULINO,ENSINO MÉDIO COMPLETO,OUTROS,APTO,SUPLENTE,47.0,0.0,530056.2,526504.1,853.0,2.0,Estrutura financeira intermediária
250001606074,7771,TANIA CRISTINA MARTINS SILVA,TANIA LOIRA,SOLIDARIEDADE,FEMININO,SUPERIOR INCOMPLETO,EMPRESÁRIO,APTO,SUPLENTE,40.0,0.0,33787.23,17995.33,299.0,2.0,Estrutura financeira intermediária
250001606062,7738,HENRI DIAS,HENRI DIAS,SOLIDARIEDADE,MASCULINO,SUPERIOR COMPLETO,ADVOGADO,APTO,SUPLENTE,55.0,1455000.0,221868.4,208000.0,2482.0,0.0,Maior estrutura financeira
250001606087,7707,ANDRÉIA ROSA DA SILVA TOFOLO,ANDREIA TOFOLLO,SOLIDARIEDADE,FEMININO,SUPERIOR COMPLETO,JORNALISTA E REDATOR,APTO,SUPLENTE,32.0,202500.0,317163.81,301132.19,3351.0,0.0,Maior estrutura financeira
250001643711,1201,ERICK JOSÉ ELOI DO NASCIMENTO,ENFERMEIRO ERICK ELOI,PDT,MASCULINO,SUPERIOR COMPLETO,EMPRESÁRIO,APTO,NÃO ELEITO,41.0,0.0,40850.0,40850.0,1979.0,2.0,Estrutura financeira intermediária
250001730274,1240,ANA CLÁUDIA FERREIRA DE PAIVA,ANA PAIVA,PDT,FEMININO,ENSINO MÉDIO COMPLETO,COMERCIÁRIO,APTO,NÃO ELEITO,48.0,0.0,33000.0,33000.0,1051.0,2.0,Estrutura financeira intermediária
250001643733,1204,CLEBER MACARIO DE MACEDO,MACARIO,PDT,MASCULINO,SUPERIOR COMPLETO,EMPRESÁRIO,APTO,NÃO ELEITO,54.0,4500000.0,39105.01,39105.01,678.0,0.0,Maior estrutura financeira
250001643749,1244,LEANDRO CSEIMAN DOURADO,LEANDRO DOURADO,PDT,MASCULINO,ENSINO MÉDIO COMPLETO,INDUSTRIAL,APTO,NÃO ELEITO,40.0,2892801.64,521916.95,367542.08,12573.0,0.0,Maior estrutura financeira
250001643747,1231,GUSTAVO MARTINS PICCOLO,GUSTAVO PICCOLO,PDT,MASCULINO,SUPERIOR COMPLETO,ADMINISTRADOR,APTO,NÃO ELEITO,39.0,484074.0,50000.0,50000.0,8084.0,0.0,Maior estrutura financeira
250001643739,1277,MARCO ANTÔNIO FACCAS,FACCAS,PDT,MASCULINO,ENSINO FUNDAMENTAL INCOMPLETO,REPRESENTANTE COMERCIAL,APTO,NÃO ELEITO,49.0,250000.0,20000.0,20000.0,594.0,0.0,Maior estrutura financeira
250001643734,1202,SEBASTIAO FARIAS PAIVA,PAIVA FARIAS,PDT,MASCULINO,ENSINO FUNDAMENTAL INCOMPLETO,EMPRESÁRIO,APTO,NÃO ELEITO,55.0,93000.0,20000.0,20000.0,569.0,0.0,Maior estrutura financeira
250001643748,1266,JORGE AUGUSTO FIGO PESSOA,JORJÃO DO BARRETOS,PDT,MASCULINO,SUPERIOR COMPLETO,EMPRESÁRIO,APTO,NÃO ELEITO,46.0,328843.55,20000.0,20000.0,817.0,0.0,Maior estrutura financeira
250001643713,1280,AMÉRICO ALEXANDRE CIANFARANI XAVIER,XAVIER,PDT,MASCULINO,SUPERIOR INCOMPLETO,ANALISTA DE SISTEMAS,APTO,NÃO ELEITO,48.0,329930.0,10000.0,9971.95,974.0,0.0,Maior estrutura financeira
250001643719,1270,ELZA ALVES DE CARVALHO,ELZA ALVES,PDT,FEMININO,ENSINO MÉDIO COMPLETO,APOSENTADO (EXCETO SERVIDOR PÚBLICO),APTO,NÃO ELEITO,76.0,350000.0,5000.0,5000.0,863.0,0.0,Maior estrutura financeira
250001604873,1456,GUILHERME SORICILLO BUNGER,GUILHERME BUNGER,PTB,MASCULINO,SUPERIOR COMPLETO,ADMINISTRADOR,APTO,NÃO ELEITO,50.0,0.0,36710.0,36710.0,1486.0,2.0,Estrutura financeira intermediária
250001604819,1457,MARCIA BUENO DA SILVA,MARCIA BUENO,PTB,FEMININO,SUPERIOR COMPLETO,EMPRESÁRIO,APTO,NÃO ELEITO,52.0,226980.02,25000.0,25000.0,264.0,0.0,Maior estrutura financeira
250001604871,1471,ALTAIR CAMPANA,ALTAIR CAMPANA,PTB,MASCULINO,ENSINO MÉDIO COMPLETO,OUTROS,APTO,NÃO ELEITO,54.0,0.0,26000.0,26000.0,297.0,2.0,Estrutura financeira intermediária
250001604834,1417,JOSE ANTONIO DE OLIVEIRA,GAGUINHO,PTB,MASCULINO,ENSINO MÉDIO COMPLETO,VEREADOR,APTO,NÃO ELEITO,59.0,53794.19,30000.0,29880.0,2486.0,0.0,Maior estrutura financeira
250001604816,1438,ANDRE LUIS RAMOS PEDROSO,ANDRE PEDROSO,PTB,MASCULINO,ENSINO MÉDIO COMPLETO,EMPRESÁRIO,APTO,NÃO ELEITO,44.0,0.0,56739.9,61286.0,9106.0,2.0,Estrutura financeira intermediária
250001604866,1423,RODRIGO PIERNAS ANDOLFATO,RODRIGO ANDOLFATO,PTB,MASCULINO,SUPERIOR COMPLETO,ENGENHEIRO,APTO,NÃO ELEITO,47.0,1999971.5,72762.0,71752.38,6644.0,0.0,Maior estrutura financeira
250001604845,1434,NEFI ANTONIO CASTRO TALES,NEFI TALES FILHO,PTB,MASCULINO,SUPERIOR COMPLETO,EMPRESÁRIO,APTO,NÃO ELEITO,62.0,230133.56,25605.0,24466.29,749.0,0.0,Maior estrutura financeira
250001604862,1435,ALESSANDRA SOUZA VALIM,ALESSANDRA VALIN,PTB,FEMININO,ENSINO MÉDIO COMPLETO,APOSENTADO (EXCETO SERVIDOR PÚBLICO),APTO,NÃO ELEITO,37.0,0.0,20000.0,19395.77,254.0,2.0,Estrutura financeira intermediária
250001611998,1134,SINÉSIO LUIZ ANTONIO,DR SINÉSIO,PP,MASCULINO,SUPERIOR COMPLETO,ADVOGADO,APTO,SUPLENTE,51.0,1005000.0,14000.0,14000.0,1583.0,0.0,Maior estrutura financeira
250001611994,1102,SAMUEL DE OLIVEIRA BARBOSA,SAMUEL BARBOSA,PP,MASCULINO,SUPERIOR COMPLETO,OUTROS,APTO,SUPLENTE,39.0,634.44,1400.0,266479.74,2004.0,2.0,Estrutura financeira intermediária
250001612008,1140,GUILHERME DE SOUZA,JAMAICA,PP,MASCULINO,ENSINO FUNDAMENTAL COMPLETO,TAXISTA,APTO,SUPLENTE,54.0,305580.9,0.0,0.0,508.0,1.0,Baixa movimentação financeira
250001611958,1144,FILIPE AUGUSTO FORNARI MONTANHOLI,DR FILIPE FORNARI,PP,MASCULINO,SUPERIOR COMPLETO,MÉDICO,APTO,SUPLENTE,37.0,2298262.76,242850.0,217928.64,16583.0,0.0,Maior estrutura financeira
250001611972,1138,ANTONIO CARLOS DE SOUZA SANTANA,TONY SANTTANA,PP,MASCULINO,SUPERIOR COMPLETO,ADVOGADO,APTO,SUPLENTE,37.0,3200000.0,13150.0,8150.0,6274.0,0.0,Maior estrutura financeira
250001597677,3015,CIBELE FRANCO NAZARETH,CIBELE FRANCO,NOVO,FEMININO,SUPERIOR COMPLETO,PROFESSOR DE ENSINO FUNDAMENTAL,APTO,SUPLENTE,42.0,130000.0,2051.53,29.57,534.0,0.0,Maior estrutura financeira
250001597713,3021,MARCO ANTONIO DE SOUZA PINTO,MARCO ANTONIO PINTO,NOVO,MASCULINO,SUPERIOR COMPLETO,ENGENHEIRO,APTO,SUPLENTE,59.0,0.0,1241.5300000000002,0.0,561.0,2.0,Estrutura financeira intermediária
250001597664,3040,CESAR MAX DE LIMA VIEIRA,CESAR MAX,NOVO,MASCULINO,SUPERIOR COMPLETO,EMPRESÁRIO,APTO,SUPLENTE,22.0,185000.0,5641.530000000001,6962.01,622.0,0.0,Maior estrutura financeira
250001597679,3014,SANDRA CAMARINHO DE MACEDO,SANDRA MACEDO,NOVO,FEMININO,SUPERIOR COMPLETO,CAPITALISTA DE ATIVOS FINANCEIROS,APTO,SUPLENTE,57.0,828018.52,5891.53,4602.88,595.0,0.0,Maior estrutura financeira
250001597699,3020,MAURICIO RAPPA SANTOS,MAURÍCIO RAPPA,NOVO,MASCULINO,SUPERIOR COMPLETO,ADMINISTRADOR,APTO,SUPLENTE,47.0,3987528.79,46953.53,43655.55,5557.0,0.0,Maior estrutura financeira
250001597693,3011,DANILO HENRIQUE PEREIRA DAVID,DANILO REZENDE,NOVO,MASCULINO,SUPERIOR COMPLETO,EMPRESÁRIO,APTO,SUPLENTE,31.0,640000.0,4491.53,4613.2,1526.0,0.0,Maior estrutura financeira
250001597682,3031,ANDRÉA DE OLIVEIRA MORAES,ANDRÉA MORAES,NOVO,FEMININO,SUPERIOR COMPLETO,SERVIDOR PÚBLICO CIVIL APOSENTADO,APTO,SUPLENTE,57.0,5085000.0,3313.3900000000003,2071.86,1176.0,0.0,Maior estrutura financeira
250001604942,5520,CÉLIA RAMOS DE JESUS FEITOSA,CÉLIA RAMOS,PSD,FEMININO,ENSINO MÉDIO COMPLETO,OUTROS,APTO,SUPLENTE,47.0,405000.0,158706.41,148493.25,1910.0,0.0,Maior estrutura financeira
250001604938,5507,MARIA APARECIDA PINTO,CIDINHA RAIZ,PSD,FEMININO,SUPERIOR COMPLETO,APOSENTADO (EXCETO SERVIDOR PÚBLICO),APTO,SUPLENTE,65.0,1944505.0,210256.41,200000.0,1279.0,0.0,Maior estrutura financeira
250001604947,5561,LUANA DE BRITO TAVARES,LUANA TAVARES,PSD,FEMININO,SUPERIOR COMPLETO,EMPRESÁRIO,APTO,SUPLENTE,36.0,821972.0,1416496.17,1366995.91,3240.0,0.0,Maior estrutura financeira
250001604953,5503,THIAGO DE AZEVEDO LOPES FONSECA,THIAGO SURFISTA,PSD,MASCULINO,SUPERIOR COMPLETO,VEREADOR,APTO,SUPLENTE,40.0,300000.0,428316.41,329530.53,40477.0,0.0,Maior estrutura financeira
250001611870,1007,LEANDRO OSVALDO SANTOS MEIRELES DA FONSECA,DR. LEANDRO,REPUBLICANOS,MASCULINO,SUPERIOR COMPLETO,MÉDICO,APTO,SUPLENTE,43.0,4748761.36,847811.0,739075.52,4069.0,0.0,Maior estrutura financeira
250001611846,1022,MARIA DO PARTO MENDES ROSAS,MARIA ROSAS,REPUBLICANOS,FEMININO,SUPERIOR COMPLETO,DEPUTADO,APTO,ELEITO POR MÉDIA,57.0,3340.5899999999997,2899335.6,2628942.09,94787.0,0.0,Maior estrutura financeira
250001611844,1032,DANUTTA DE FIGUEIREDO FALCÃO ROSSETO,DANUTTA ROSSETO,REPUBLICANOS,FEMININO,SUPERIOR COMPLETO,NUTRICIONISTA E ASSEMELHADOS,APTO,SUPLENTE,35.0,145000.0,100200.0,49045.39,4730.0,0.0,Maior estrutura financeira
250001611905,1001,DANIEL FERNANDO DE SOUZA CAMILO,DANIEL CAMILO,REPUBLICANOS,MASCULINO,ENSINO MÉDIO COMPLETO,JORNALISTA E REDATOR,APTO,SUPLENTE,40.0,0.0,598885.88,502361.9,4120.0,2.0,Estrutura financeira intermediária
250001652803,1035,CRISLAINE MARTINS PINHEIRO DA PAZ,CRIS PINHEIRO,REPUBLICANOS,FEMININO,SUPERIOR COMPLETO,COMERCIANTE,APTO,SUPLENTE,37.0,0.0,264804.0,249866.76,507.0,2.0,Estrutura financeira intermediária
250001611866,1056,ROBERTO PIRES,ROBERTO PIRES,REPUBLICANOS,MASCULINO,SUPERIOR COMPLETO,COMERCIÁRIO,APTO,SUPLENTE,57.0,747304.49,286839.05,286838.8,3364.0,0.0,Maior estrutura financeira
250001611888,1082,ELAINE CRISTINA DO NASCIMENTO,SARGENTO ELAINE,REPUBLICANOS,FEMININO,SUPERIOR COMPLETO,POLICIAL MILITAR,APTO,SUPLENTE,44.0,0.0,298976.5,209478.79,3185.0,2.0,Estrutura financeira intermediária
250001677884,9009,ROMÉRIO MOURA DA FONSECA,ROMÁRIO,PROS,MASCULINO,SUPERIOR INCOMPLETO,"CORRETOR DE IMÓVEIS, SEGUROS, TÍTULOS E VALORES",APTO,NÃO ELEITO,52.0,16000.0,55640.09,51083.81,404.0,0.0,Maior estrutura financeira
250001677923,9011,ANTONIO DONIZETE LIMA DE ALENCAR,TONINHO DA MARIFLEX,PROS,MASCULINO,SUPERIOR COMPLETO,EMPRESÁRIO,APTO,NÃO ELEITO,65.0,3015000.0,76000.0,67937.0,775.0,0.0,Maior estrutura financeira
250001677916,9039,ROSNAY LUCAS BERNARDES,NAY BERNARDES,PROS,FEMININO,ENSINO MÉDIO COMPLETO,OUTROS,APTO,NÃO ELEITO,60.0,0.0,0.0,0.0,35.0,1.0,Baixa movimentação financeira
250001677865,9065,APARECIDO RUBENS DE ANDRADE,APARECIDO RUBENS DE ANDRADE,PROS,MASCULINO,SUPERIOR COMPLETO,EMPRESÁRIO,APTO,NÃO ELEITO,64.0,100000.0,20000.0,20000.0,162.0,0.0,Maior estrutura financeira
250001677908,9070,DANIEL BELCHIOR SANTANA,DANIEL BELCHIOR SANTANA,PROS,MASCULINO,SUPERIOR INCOMPLETO,OUTROS,APTO,NÃO ELEITO,52.0,0.0,50000.0,49808.45,76.0,2.0,Estrutura financeira intermediária
250001677917,9080,MARCELO FABIÁN MERCAU FILHO,MARCELO MERCAU,PROS,MASCULINO,SUPERIOR INCOMPLETO,EMPRESÁRIO,APTO,NÃO ELEITO,37.0,0.0,20000.0,20000.0,658.0,2.0,Estrutura financeira intermediária
250001677889,9060,VÂNIA REGINA RIBEIRO,VANIA RIBEIRO,PROS,FEMININO,SUPERIOR COMPLETO,SERVIDOR PÚBLICO MUNICIPAL,APTO,NÃO ELEITO,48.0,295000.0,150000.0,150000.0,852.0,0.0,Maior estrutura financeira
250001635957,3503,MARCOS VINICIUS LUZ GIANNONI,MARCÃO DA EMA,PMB,MASCULINO,SUPERIOR COMPLETO,AGRICULTOR,APTO,NÃO ELEITO,49.0,1671660.17,19966.7,18966.7,1011.0,0.0,Maior estrutura financeira
250001635934,3530,EDIVALDO DOMINGOS DE CASTRO,EDIVALDO CASTRO BRANCO,PMB,MASCULINO,ENSINO MÉDIO COMPLETO,OUTROS,APTO,NÃO ELEITO,45.0,85780.0,0.0,0.0,532.0,1.0,Baixa movimentação financeira
250001635933,3502,ARTHUR BRAGANCA DE VASCONCELLOS WEINTRAUB,ARTHUR WEINTRAUB,PMB,MASCULINO,SUPERIOR COMPLETO,ADVOGADO,APTO,NÃO ELEITO,46.0,4528946.83,50596.14,50460.97,1990.0,0.0,Maior estrutura financeira
250001635945,3517,JUAREZ DE CARVALHO COSTA,JUAREZ DA INTERNET,PMB,MASCULINO,ENSINO MÉDIO COMPLETO,OUTROS,APTO,NÃO ELEITO,45.0,6903.0,0.0,0.0,397.0,1.0,Baixa movimentação financeira
250001635942,3536,AGNALDO JOSÉ DOS SANTOS,AGNALDO SANTOS,PMB,MASCULINO,ENSINO MÉDIO COMPLETO,OUTROS,APTO,NÃO ELEITO,53.0,180577.9,450.15,430.52,220.0,0.0,Maior estrutura financeira
250001635941,3501,ABRAHAM BRAGANÇA DE VASCONCELLOS WEINTRAUB,ABRAHAM WEINTRAUB,PMB,MASCULINO,SUPERIOR COMPLETO,ECONOMISTA,APTO,NÃO ELEITO,50.0,15145244.51,135935.01,135636.66,4057.0,0.0,Maior estrutura financeira
250001715846,2806,JOÃO ROBERTO TRINDADE,ROBERTO BUJUTSU,PRTB,MASCULINO,SUPERIOR INCOMPLETO,EMPRESÁRIO,APTO,NÃO ELEITO,68.0,1.0,4622.09,1800.0,92.0,2.0,Estrutura financeira intermediária
250001715872,2822,ROGERIO STRACIALANO PARADA,ROGERIO PARADA,PRTB,MASCULINO,SUPERIOR COMPLETO,ADVOGADO,APTO,NÃO ELEITO,56.0,2219175.9699999997,16776.22,13954.130000000001,2560.0,0.0,Maior estrutura financeira
250001613948,3391,ELISANGELA RODRIGUES DA SILVA,TATÁ RODRIGUES,PMN,FEMININO,ENSINO FUNDAMENTAL INCOMPLETO,OUTROS,INAPTO,NÃO ELEITO,50.0,0.0,0.0,0.0,252.0,1.0,Baixa movimentação financeira
250001715891,2897,THAIS ALBERTINA DA CRUZ,THAIS CRUZ,PRTB,FEMININO,ENSINO MÉDIO COMPLETO,ENFERMEIRO,APTO,NÃO ELEITO,40.0,167500.0,2822.09,0.0,7.0,0.0,Maior estrutura financeira
250001715845,2880,HERMES RODRIGUES NERY,DR. HERMES NERY,PRTB,MASCULINO,SUPERIOR COMPLETO,PROFESSOR DE ENSINO SUPERIOR,APTO,NÃO ELEITO,57.0,1.0,2822.09,0.0,6481.0,2.0,Estrutura financeira intermediária
250001715863,2841,LAUDERICO SARTORATTO,LAU SARTORATTO,PRTB,MASCULINO,SUPERIOR COMPLETO,EMPRESÁRIO,APTO,NÃO ELEITO,58.0,1.0,2822.09,0.0,159.0,2.0,Estrutura financeira intermediária
250001715855,2888,ANETE MARIA PIZZIMENTI,ANETE PIZZIMENTI,PRTB,FEMININO,SUPERIOR COMPLETO,ADVOGADO,APTO,NÃO ELEITO,58.0,113002.69,6058.68,2062.38,478.0,0.0,Maior estrutura financeira
250001715851,2851,MARCELO CESAR TORRES RUBI,MARCELO RUBI,PRTB,MASCULINO,ENSINO MÉDIO COMPLETO,VEREADOR,APTO,NÃO ELEITO,54.0,1.0,3022.09,200.0,652.0,2.0,Estrutura financeira intermediária
250001715901,2811,DIENES PEREIRA DE SOUZA,PIERO,PRTB,MASCULINO,ENSINO MÉDIO COMPLETO,COMERCIANTE,APTO,NÃO ELEITO,42.0,0.01,13222.09,10400.0,1340.0,2.0,Estrutura financeira intermediária
250001715882,2802,ROGÉRIO DOS SANTOS GOMES,ROGERIO,PRTB,MASCULINO,SUPERIOR INCOMPLETO,EMPRESÁRIO,INAPTO,NÃO ELEITO,33.0,1.0,2822.09,0.0,,2.0,Estrutura financeira intermediária
250001715894,2809,MARCOS RODRIGUES,MAQUITA,PRTB,MASCULINO,ENSINO MÉDIO COMPLETO,COMERCIANTE,INAPTO,NÃO ELEITO,61.0,0.0,2822.09,0.0,104.0,2.0,Estrutura financeira intermediária
250001677866,9013,DEIVERSON DIEGO AMARANTE,PROFESSOR DEIVERSON AMARANTE,PROS,MASCULINO,SUPERIOR COMPLETO,PROFESSOR DE ENSINO MÉDIO,INAPTO,NÃO ELEITO,40.0,51500.0,0.0,0.0,,1.0,Baixa movimentação financeira
250001620717,5177,FELICIANO NAHIMY FILHO,FELICIANO,PATRIOTA,MASCULINO,SUPERIOR COMPLETO,ECONOMISTA,INAPTO,NÃO ELEITO,65.0,2599508.14,503358.9,499128.8,9049.0,0.0,Maior estrutura financeira
250001606078,7798,SIRLENE DE LIMA DOMINGUES,DRA SIRLENE,SOLIDARIEDADE,FEMININO,SUPERIOR COMPLETO,FARMACÊUTICO,INAPTO,NÃO ELEITO,46.0,0.0,44584.56,33600.0,185.0,2.0,Estrutura financeira intermediária
250001611848,1080,MAURREN HIGA MAGGI,MAURREN MAGGI,REPUBLICANOS,FEMININO,SUPERIOR INCOMPLETO,ATLETA PROFISSIONAL E TÉCNICO EM DESPORTOS,INAPTO,NÃO ELEITO,46.0,7860000.0,30625.5,30000.0,3385.0,0.0,Maior estrutura financeira
250001677874,9010,MARCIO ANTONIO DE OLIVEIRA,CAFÉ PIPAS,PROS,MASCULINO,ENSINO MÉDIO COMPLETO,COMERCIANTE,INAPTO,NÃO ELEITO,45.0,40000.0,0.0,0.0,,1.0,Baixa movimentação financeira
250001604978,5556,JOSIANE CRISTINA FRANCISCO PIETRO,JOSI,PSD,FEMININO,SUPERIOR COMPLETO,SERVIDOR PÚBLICO MUNICIPAL,INAPTO,NÃO ELEITO,43.0,0.0,16748.41,6477.0,,2.0,Estrutura financeira intermediária
250001613779,5023,FERNANDA SCHLIC GARCIA,FERNANDA GARCIA,PSOL,FEMININO,SUPERIOR COMPLETO,PROFESSOR DE ENSINO DE PRIMEIRO E SEGUNDO GRAUS,INAPTO,#NULO,44.0,3954.94,0.0,0.0,,1.0,Baixa movimentação financeira
250001695266,2734,MARIO EDUARDO DE OLIVEIRA,MEO,DC,MASCULINO,SUPERIOR COMPLETO,ADMINISTRADOR,INAPTO,#NULO,66.0,250000.0,9071.04,0.0,,0.0,Maior estrutura financeira
250001695263,2712,ODILON VIANA DA SILVA,ODILON VIANA,DC,MASCULINO,SUPERIOR COMPLETO,POLICIAL CIVIL,INAPTO,#NULO,73.0,0.0,10261.75,0.0,,2.0,Estrutura financeira intermediária
250001695282,2777,GISELE DE MORAES PONTES,GISELE PONTES,DC,FEMININO,SUPERIOR COMPLETO,PSICÓLOGO,INAPTO,#NULO,33.0,0.0,16302.24,4998.04,,2.0,Estrutura financeira intermediária
250001695261,2738,MAURICIO PEREIRA CARDOSO,MAURICIO CARDOSO,DC,MASCULINO,SUPERIOR COMPLETO,POLICIAL MILITAR,INAPTO,#NULO,52.0,10000.0,10261.75,0.0,,0.0,Maior estrutura financeira
250001677925,9091,FABIOLA DE ALMEIDA PINTO,FABIOLA PINTO,PROS,FEMININO,SUPERIOR COMPLETO,OUTROS,INAPTO,#NULO,40.0,0.0,0.0,0.0,,1.0,Baixa movimentação financeira
250001677903,9035,MARAISA PINHEIRO TANNURE,MARAISA TANNURE,PROS,FEMININO,SUPERIOR COMPLETO,EMPRESÁRIO,INAPTO,#NULO,38.0,0.0,0.0,0.0,,1.0,Baixa movimentação financeira
250001643756,1265,MARIA FABIA DA SILVA,FABIA MARIA,PDT,FEMININO,SUPERIOR INCOMPLETO,RECEPCIONISTA,INAPTO,#NULO,51.0,0.0,0.0,0.0,,1.0,Baixa movimentação financeira
250001612010,1179,CATARINA SANTOS BRIOZO,TIA CATARINA,PP,FEMININO,SUPERIOR COMPLETO,EMPRESÁRIO,INAPTO,#NULO,46.0,30300.0,0.0,0.0,,1.0,Baixa movimentação financeira
250001611307,2288,FREDERICO BRAUN D AVILA,FREDERICO DAVILA,PL,MASCULINO,SUPERIOR COMPLETO,DEPUTADO,APTO,SUPLENTE,44.0,7109907.75,1778501.58,1763060.95,46974.0,0.0,Maior estrutura financeira
250001611332,2245,ARMANDO BEGA,PROFESSOR BEGA,PL,MASCULINO,SUPERIOR COMPLETO,PROFESSOR DE ENSINO SUPERIOR,APTO,SUPLENTE,61.0,600261.82,315859.63,308779.22,9841.0,0.0,Maior estrutura financeira
250001611366,2287,MARTINHO CARLOS COLPANI FILHO,MARTINHO COLPANI,PL,MASCULINO,SUPERIOR COMPLETO,EMPRESÁRIO,APTO,SUPLENTE,49.0,341778.3,103831.42,102400.0,7254.0,0.0,Maior estrutura financeira
250001611347,2276,MARSCHELO RODRIGO MARIN MECHE,MARSCHELO MECHE,PL,MASCULINO,ENSINO MÉDIO COMPLETO,VEREADOR,APTO,SUPLENTE,36.0,116422.18,91931.42,90500.0,10996.0,0.0,Maior estrutura financeira
250001611318,2280,WESLEY RENATO DE OLIVEIRA SOUZA,WESLEY ROS,PL,MASCULINO,ENSINO MÉDIO COMPLETO,EMPRESÁRIO,APTO,SUPLENTE,45.0,272663.04000000004,505410.63,499940.37,15595.0,0.0,Maior estrutura financeira
250001611361,2230,MARCIO TADEU ANHAIA DE LEMOS,CORONEL TADEU,PL,MASCULINO,SUPERIOR COMPLETO,DEPUTADO,APTO,SUPLENTE,57.0,1437795.35,575035.13,569775.2,61546.0,0.0,Maior estrutura financeira
250001613799,5078,JOÃO PAULO RILLO,JOÃO PAULO RILLO,PSOL,MASCULINO,SUPERIOR COMPLETO,VEREADOR,APTO,SUPLENTE,45.0,891157.21,902231.26,887895.9,39603.0,0.0,Maior estrutura financeira
250001613809,5021,LUIZA ERUNDINA DE SOUSA,LUIZA ERUNDINA,PSOL,FEMININO,SUPERIOR COMPLETO,ASSISTENTE SOCIAL,APTO,ELEITO POR QP,87.0,1584745.51,1945593.57,1663696.65,113983.0,0.0,Maior estrutura financeira
250001613766,1880,ALEXANDRE LUÍS NOBRE TERRERI,ALEXANDRE TERRERI -REDE ANIMAL,REDE,MASCULINO,ENSINO MÉDIO COMPLETO,OUTROS,APTO,SUPLENTE,54.0,0.0,33200.0,0.0,487.0,2.0,Estrutura financeira intermediária
250001613777,1800,DORIEDSON ANTONIO DA SILVA FREITAS,DORI FREITAS,REDE,MASCULINO,SUPERIOR COMPLETO,VEREADOR,APTO,SUPLENTE,45.0,21000.0,339591.12,327285.13,3560.0,0.0,Maior estrutura financeira
250001613807,5090,RICARDO URIZZI CARVALHO,PROFESSOR RICARDO CARVALHO,PSOL,MASCULINO,SUPERIOR COMPLETO,PROFESSOR DE ENSINO MÉDIO,APTO,SUPLENTE,47.0,127108.87,23185.67,7250.28,2776.0,0.0,Maior estrutura financeira
250001613761,5010,GUILHERME CASTRO BOULOS,GUILHERME BOULOS,PSOL,MASCULINO,SUPERIOR COMPLETO,PROFESSOR DE ENSINO SUPERIOR,APTO,ELEITO POR QP,40.0,21055.07,2829243.2199999997,2823009.89,1001472.0,0.0,Maior estrutura financeira
250001613768,1807,EDEVALDO DONIZETTI DE CAMPOS,PROFESSOR EDEVALDO,REDE,MASCULINO,SUPERIOR COMPLETO,PROFESSOR DE ENSINO SUPERIOR,APTO,SUPLENTE,58.0,1392443.07,16800.0,6204.5,421.0,0.0,Maior estrutura financeira
250001613787,5080,ADÉRITO CÁSSIO DE ASSIS DUTRA,ADÉRITO DUTRA,PSOL,MASCULINO,ENSINO MÉDIO COMPLETO,COMERCIANTE,APTO,SUPLENTE,64.0,0.0,29560.77,19950.15,1646.0,2.0,Estrutura financeira intermediária
250001610296,1915,PAULO ROMEIRO DE ALMEIDA SOARES,PAULO SOARES JORNALISTA,PODE,MASCULINO,SUPERIOR COMPLETO,JORNALISTA E REDATOR,APTO,SUPLENTE,37.0,722919.45,353100.0,353100.0,34005.0,0.0,Maior estrutura financeira
250001610260,1999,MÁRIO COVAS NETO,MÁRIO COVAS,PODE,MASCULINO,SUPERIOR COMPLETO,ADVOGADO,APTO,SUPLENTE,63.0,1075283.15,1160526.51,1141126.48,4954.0,0.0,Maior estrutura financeira
250001610317,1986,JOÃO BOSCO DE OLIVEIRA,JB OLIVEIRA REPÓRTER DO POVO,PODE,MASCULINO,ENSINO FUNDAMENTAL COMPLETO,JORNALISTA E REDATOR,APTO,SUPLENTE,59.0,0.0,76065.0,69058.69,271.0,2.0,Estrutura financeira intermediária
250001610295,1960,ALESSANDRO SONEGO DE ALMEIDA,ALESSANDRO ALMEIDA,PODE,MASCULINO,SUPERIOR COMPLETO,VEREADOR,APTO,SUPLENTE,44.0,105000.0,165345.0,156000.0,6061.0,0.0,Maior estrutura financeira
250001610320,1973,CLEBER ARAÚJO BARBOSA,CLEBER ARAÚJO PROF,PODE,MASCULINO,SUPERIOR COMPLETO,OUTROS,APTO,SUPLENTE,49.0,26532.0,103200.0,103132.95,1906.0,0.0,Maior estrutura financeira
250001651383,4078,NAZARÉ BATISTA BRAGA,NAZARÉ BRAGA,PSB,FEMININO,SUPERIOR COMPLETO,VENDEDOR DE COMÉRCIO VAREJISTA E ATACADISTA,APTO,SUPLENTE,43.0,35368.619999999995,100761.31,74370.0,1290.0,0.0,Maior estrutura financeira
250001620301,4016,ROBERTO NOVAES REIS,BETO NOVAES REIS,PSB,MASCULINO,SUPERIOR COMPLETO,"ESTUDANTE, BOLSISTA, ESTAGIÁRIO E ASSEMELHADOS",APTO,SUPLENTE,39.0,116.01,87796.36,65049.509999999995,383.0,2.0,Estrutura financeira intermediária
250001620277,4077,FRANCISCO PEREIRA DE SOUSA FILHO,CHIQUINHO DOS PADEIROS,PSB,MASCULINO,ENSINO MÉDIO COMPLETO,APOSENTADO (EXCETO SERVIDOR PÚBLICO),APTO,SUPLENTE,67.0,1158494.33,722603.68,713328.37,5861.0,0.0,Maior estrutura financeira
250001736643,4056,RIVANDA OLIVEIRA RIELI,RIVANDA RIELI,PSB,FEMININO,SUPERIOR COMPLETO,ADVOGADO,APTO,SUPLENTE,68.0,265000.0,50000.0,48930.0,479.0,0.0,Maior estrutura financeira
250001620256,4068,CARLOS PIRES DE LIMA,CARLOS PIRES,PSB,MASCULINO,ENSINO MÉDIO COMPLETO,SERVIDOR PÚBLICO ESTADUAL,APTO,SUPLENTE,54.0,585.0,147796.36,140050.0,1742.0,0.0,Maior estrutura financeira
250001651397,4098,SEVERINO FRANCISCO DA COSTA,SEVERA BARBEIRO,PSB,MASCULINO,ENSINO FUNDAMENTAL INCOMPLETO,CABELEIREIRO E BARBEIRO,APTO,SUPLENTE,46.0,163000.0,47796.36,39700.0,830.0,0.0,Maior estrutura financeira
250001651395,4032,MANOEL DAMIÃO GOMES BARBOSA,DAMIÃO GOMES,PSB,MASCULINO,SUPERIOR COMPLETO,PROFESSOR E INSTRUTOR DE FORMAÇÃO PROFISSIONAL,APTO,SUPLENTE,52.0,280888.32,47796.36,39880.0,477.0,0.0,Maior estrutura financeira
250001620255,4004,AUGUSTO DE ARRUDA BOTELHO NETO,AUGUSTO DE ARRUDA BOTELHO,PSB,MASCULINO,SUPERIOR COMPLETO,ADVOGADO,APTO,SUPLENTE,45.0,19135916.96,1880102.94,1516723.75,42954.0,0.0,Maior estrutura financeira
250001620291,4035,FABIO ELY RAMOS,FABIO RAMOS,PSB,MASCULINO,SUPERIOR COMPLETO,EMPRESÁRIO,APTO,SUPLENTE,55.0,1418612.79,77596.36,69800.0,312.0,0.0,Maior estrutura financeira
250001620282,4090,VANESSA CRISTINA DE ROSSI,CABO ROSSI,PSB,FEMININO,SUPERIOR COMPLETO,SERVIDOR PÚBLICO ESTADUAL,APTO,SUPLENTE,49.0,0.0,575247.5,554689.48,1458.0,2.0,Estrutura financeira intermediária
250001620299,4015,RODRIGO ANTONIO DE AGOSTINHO MENDONÇA,RODRIGO AGOSTINHO,PSB,MASCULINO,SUPERIOR COMPLETO,DEPUTADO,APTO,SUPLENTE,44.0,1343789.0,2621086.96,2609906.37,65506.0,0.0,Maior estrutura financeira
250001620251,4088,AMILTON AUGUSTO DA SILVA JUNIOR,DR AMILTON,PSB,MASCULINO,SUPERIOR COMPLETO,ADVOGADO,APTO,SUPLENTE,40.0,6392.969999999999,47796.36,40000.0,1066.0,0.0,Maior estrutura financeira
250001610305,1900,EDUARDO JANZON AVALLONE NOGUEIRA,EDU AVALLONE,PODE,MASCULINO,SUPERIOR COMPLETO,EMPRESÁRIO,APTO,SUPLENTE,53.0,15178695.96,1148862.54,1096350.0,8869.0,0.0,Maior estrutura financeira
250001610304,1961,CAIO JOSÉ CARLOS SILVEIRA GAIANE,DR CAIO GAIANE,PODE,MASCULINO,SUPERIOR COMPLETO,MÉDICO,APTO,SUPLENTE,60.0,890141.4,60000.0,39753.6,2155.0,0.0,Maior estrutura financeira
250001610269,1928,ROSA ALVES CARDOSO,ROSA CARDOSO,PODE,FEMININO,ENSINO MÉDIO COMPLETO,EMPRESÁRIO,APTO,SUPLENTE,45.0,0.0,120000.0,120000.0,115.0,2.0,Estrutura financeira intermediária
250001610279,1988,JORGE MALULY NETO,JOCA MALULY NETO,PODE,MASCULINO,SUPERIOR COMPLETO,PUBLICITÁRIO,APTO,SUPLENTE,34.0,225499.28,634369.0,587576.05,8504.0,0.0,Maior estrutura financeira
250001602053,4444,ROBERTO SEBASTIÃO PETERNELLI JUNIOR,GENERAL PETERNELLI,UNIÃO,MASCULINO,SUPERIOR COMPLETO,DEPUTADO,APTO,SUPLENTE,68.0,2963247.27,2313040.53,2287190.34,17589.0,0.0,Maior estrutura financeira
250001602069,4422,SANDRA REGINA CARBONE TADEU MUDALEN,DRA SANDRA TADEU,UNIÃO,FEMININO,SUPERIOR COMPLETO,MÉDICO,APTO,SUPLENTE,66.0,3307652.09,2840671.56,2789027.77,26503.0,0.0,Maior estrutura financeira
250001602070,4452,NILSON BONOME,NILSON BONOME,UNIÃO,MASCULINO,SUPERIOR COMPLETO,EMPRESÁRIO,APTO,SUPLENTE,48.0,532215.51,1598968.32,1507691.17,9636.0,0.0,Maior estrutura financeira
250001725837,4488,CRISTIANO MOREIRA PINTO BERALDO,CRISTIANO BERALDO,UNIÃO,MASCULINO,SUPERIOR COMPLETO,ADMINISTRADOR,APTO,SUPLENTE,45.0,1852750.0,1371901.91,1369723.98,43460.0,0.0,Maior estrutura financeira
250001602032,4454,FABIO DIAS DE OLIVEIRA,JAPA,UNIÃO,MASCULINO,ENSINO MÉDIO COMPLETO,EMPRESÁRIO,APTO,SUPLENTE,45.0,1905000.0,1257756.72,1249682.19,14786.0,0.0,Maior estrutura financeira
250001695260,2700,MAURÍCIO JESUS DE MORAES,JUCA BALA,DC,MASCULINO,ENSINO FUNDAMENTAL COMPLETO,COMERCIANTE,APTO,NÃO ELEITO,52.0,750000.0,13071.04,4000.0,413.0,0.0,Maior estrutura financeira
250001695286,2737,MARCEL BRASIL DE SOUZA MOURA,MARCEL BRASIL,DC,MASCULINO,SUPERIOR COMPLETO,ADVOGADO,APTO,NÃO ELEITO,41.0,0.0,9071.050000000001,0.0,219.0,2.0,Estrutura financeira intermediária
250001613960,3313,IVANDA MARIA RODRIGUES COSTA,IVANDA R COSTA,PMN,FEMININO,ENSINO MÉDIO COMPLETO,VENDEDOR DE COMÉRCIO VAREJISTA E ATACADISTA,APTO,NÃO ELEITO,64.0,704700.0,20000.0,20000.0,429.0,0.0,Maior estrutura financeira
250001613949,3314,ELIVALDO NOGUEIRA CHAVES,ELIVALDO NOGUEIRA,PMN,MASCULINO,ENSINO FUNDAMENTAL INCOMPLETO,OUTROS,APTO,NÃO ELEITO,51.0,30585.0,25000.0,0.0,1128.0,0.0,Maior estrutura financeira
250001613953,3343,FLÁVIO DOS SANTOS ALECRIM,FLÁVIO ALECRIM,PMN,MASCULINO,ENSINO MÉDIO COMPLETO,OUTROS,APTO,NÃO ELEITO,44.0,0.0,30000.0,30000.0,279.0,2.0,Estrutura financeira intermediária
250001640575,2112,PAMELA CHRISTY MESQUITA MUNIZ,CHRISTY MUNIZ,PCB,FEMININO,SUPERIOR COMPLETO,OUTROS,APTO,NÃO ELEITO,28.0,300000.0,2098.31,38072.0,506.0,0.0,Maior estrutura financeira
250001622085,7046,JOSÉ DE CASTRO COIMBRA,DR COIMBRA,AVANTE,MASCULINO,SUPERIOR COMPLETO,MÉDICO,APTO,NÃO ELEITO,92.0,2671711.79,229501.75,201975.9,2433.0,0.0,Maior estrutura financeira
250001622049,7088,ANDRÉA REIS DUARTE,ANDRÉA REIS,AVANTE,FEMININO,SUPERIOR COMPLETO,EMPRESÁRIO,APTO,NÃO ELEITO,48.0,0.0,121611.75,131108.0,1050.0,2.0,Estrutura financeira intermediária
250001622090,7044,ERNESTO BENEDITO NÓBILE,ERNESTO NÓBILE,AVANTE,MASCULINO,SUPERIOR COMPLETO,ADVOGADO,APTO,NÃO ELEITO,64.0,27500.0,39230.35,6603.6,565.0,0.0,Maior estrutura financeira
250001622067,7035,FÁTIMA MAGALHÃES DE OLIVEIRA,PROF FÁTIMA MAGALHÃES,AVANTE,FEMININO,SUPERIOR COMPLETO,PROFESSOR DE ENSINO MÉDIO,APTO,NÃO ELEITO,54.0,0.0,63431.75,53320.0,1362.0,2.0,Estrutura financeira intermediária
250001622061,7010,JOSÉ EDVALDO BRITO,EDVALDO BRITO,AVANTE,MASCULINO,SUPERIOR INCOMPLETO,EMPRESÁRIO,APTO,NÃO ELEITO,52.0,40000.0,1148721.75,939661.93,8321.0,0.0,Maior estrutura financeira
250001622095,7099,ANDERSON ALVES SIMÕES,SARGENTO SIMÕES,AVANTE,MASCULINO,SUPERIOR COMPLETO,VEREADOR,APTO,NÃO ELEITO,50.0,930560.0,2174990.77,1885174.02,20081.0,0.0,Maior estrutura financeira
250001737234,7024,CARLOS ALBERTO ADÃO,CARLOS ADÃO,AVANTE,MASCULINO,SUPERIOR COMPLETO,ECONOMISTA,APTO,NÃO ELEITO,67.0,3812139.0,18700.0,18662.35,359.0,0.0,Maior estrutura financeira
250001726562,7095,MARIA LÚCIA BRESSANE CRUZ,MARIA LÚCIA BRESSANE,AVANTE,FEMININO,SUPERIOR COMPLETO,ADVOGADO,APTO,NÃO ELEITO,65.0,0.0,14200.0,10000.0,291.0,2.0,Estrutura financeira intermediária
250001622045,7076,PAULO CEZAR DA SILVA MOURA,PAULO CEZAR ADVOGADO,AVANTE,MASCULINO,SUPERIOR COMPLETO,ADVOGADO,APTO,NÃO ELEITO,38.0,412595.0,12000.0,11968.0,309.0,0.0,Maior estrutura financeira
250001622056,7049,ELIANE CRISTINA CAMARGO,CANTORA ELIANE CAMARGO,AVANTE,FEMININO,SUPERIOR COMPLETO,CANTOR E COMPOSITOR,APTO,NÃO ELEITO,57.0,0.0,3500.0,0.0,293.0,2.0,Estrutura financeira intermediária
250001717138,3699,ANTONIO CARLOS TONINI,TONINHO TONINI,AGIR,MASCULINO,SUPERIOR COMPLETO,ADVOGADO,APTO,NÃO ELEITO,67.0,1819848.24,34912.0,34912.0,568.0,0.0,Maior estrutura financeira
250001717177,3663,ELIAS TEIXEIRA,ELIAS TEIXEIRA TREINADOR,AGIR,MASCULINO,ENSINO MÉDIO COMPLETO,PROFESSOR E INSTRUTOR DE FORMAÇÃO PROFISSIONAL,APTO,NÃO ELEITO,66.0,320000.0,0.0,0.0,205.0,1.0,Baixa movimentação financeira
250001717191,3677,KELLY PIRES FREITAS,KELLY FREYMANN,AGIR,FEMININO,SUPERIOR INCOMPLETO,EMPRESÁRIO,APTO,NÃO ELEITO,44.0,750000.0,10066.0,9934.0,131.0,0.0,Maior estrutura financeira
250001717192,3603,LEONILDE RUFINO DE SENA HINA,LEONILDE SENA HINA,AGIR,FEMININO,ENSINO MÉDIO COMPLETO,COMERCIANTE,APTO,NÃO ELEITO,48.0,0.0,0.0,0.0,576.0,1.0,Baixa movimentação financeira
250001717124,3620,CLAUDIO SIDNEI RIBEIRO,CLAUDIO PARANHOS,AGIR,MASCULINO,SUPERIOR COMPLETO,DIRETOR DE ESTABELECIMENTO DE ENSINO,APTO,NÃO ELEITO,42.0,12191.15,30000.0,29990.64,632.0,0.0,Maior estrutura financeira
250001717139,3678,SAULO GOES DE ALBUQUERQUE,SAULO GOES,AGIR,MASCULINO,SUPERIOR INCOMPLETO,OUTROS,APTO,NÃO ELEITO,46.0,0.0,0.0,0.0,1420.0,1.0,Baixa movimentação financeira
250001717146,3697,MARIA MIRTES LOPES DA SILVA CAMELO,MIRTES LOPES,AGIR,FEMININO,ENSINO FUNDAMENTAL COMPLETO,OUTROS,APTO,NÃO ELEITO,52.0,0.0,5000.0,5000.0,126.0,2.0,Estrutura financeira intermediária
250001717193,3633,LILIANE NUNES DE CARVALHO DOS SANTOS,LILA CARVALHO,AGIR,FEMININO,SUPERIOR COMPLETO,ASSISTENTE SOCIAL,APTO,NÃO ELEITO,39.0,133437.31,101497.5,100000.0,1880.0,0.0,Maior estrutura financeira
250001717175,3602,ADEMIR RODRIGO DA LUZ,RODRIGÃO DOS TRAVESSOS,AGIR,MASCULINO,SUPERIOR COMPLETO,MÚSICO,APTO,NÃO ELEITO,46.0,705178.0,31200.0,31150.96,634.0,0.0,Maior estrutura financeira
250001611237,1504,PAULO MARCIO LIMA DE OLIVEIRA,PASTOR PAULO LIMA,MDB,MASCULINO,SUPERIOR INCOMPLETO,OUTROS,APTO,SUPLENTE,47.0,180000.0,0.0,0.0,1524.0,1.0,Baixa movimentação financeira
250001611267,1557,LARISSA PAIVA ANALIO MARCELINO,LARISSA ANÁLIO,MDB,FEMININO,SUPERIOR COMPLETO,OUTROS,APTO,SUPLENTE,25.0,0.0,30000.0,89365.5,880.0,2.0,Estrutura financeira intermediária
250001611253,1575,EDMILSON DE SOUZA VIEIRA FEITOSA,EDMILSON FEITOSA,MDB,MASCULINO,ENSINO MÉDIO COMPLETO,VIGILANTE,APTO,SUPLENTE,46.0,0.0,53212.0,50000.0,850.0,2.0,Estrutura financeira intermediária
250001643887,2099,DANIEL DE ANDRADE VIEIRA,DANIEL VIEIRA,PSC,MASCULINO,SUPERIOR COMPLETO,ADVOGADO,APTO,SUPLENTE,54.0,33174.75,13170.0,6544.0,1322.0,0.0,Maior estrutura financeira
250001643863,2024,MARCIO ROBERTO GARCIA LARRANHAGA,MARCIO LARRANHAGA,PSC,MASCULINO,SUPERIOR COMPLETO,APOSENTADO (EXCETO SERVIDOR PÚBLICO),APTO,SUPLENTE,52.0,991117.52,52000.0,50000.0,1012.0,0.0,Maior estrutura financeira
250001643867,2061,LENIR MARIA DE OLIVEIRA,LENYNHA,PSC,FEMININO,ENSINO MÉDIO INCOMPLETO,DONA DE CASA,APTO,SUPLENTE,55.0,0.0,35000.0,35000.0,257.0,2.0,Estrutura financeira intermediária
250001643903,2073,MARCELO GERALDO DA SILVA,MARCELO KING,PSC,MASCULINO,ENSINO MÉDIO COMPLETO,MÚSICO,APTO,SUPLENTE,48.0,49000.0,25000.0,24989.0,450.0,0.0,Maior estrutura financeira
250001643917,2077,MARCELO CANDIDO LOPES SIMÕES,PASTOR MARCELO CANDIDO,PSC,MASCULINO,ENSINO MÉDIO COMPLETO,"PORTEIRO DE EDIFÍCIO, ASCENSORISTA, GARAGISTA E ZELADOR",APTO,SUPLENTE,33.0,0.0,15000.0,15000.0,2197.0,2.0,Estrutura financeira intermediária
250001643884,2034,MARIA JOSE DA SILVA,SILVIA SOL,PSC,FEMININO,ENSINO MÉDIO COMPLETO,"CORRETOR DE IMÓVEIS, SEGUROS, TÍTULOS E VALORES",APTO,SUPLENTE,67.0,0.0,50000.0,50540.0,291.0,2.0,Estrutura financeira intermediária
250001612136,4517,ANA CLAUDIA CARLETTO,CLAUDIA CARLETTO,PSDB,FEMININO,SUPERIOR COMPLETO,JORNALISTA E REDATOR,APTO,SUPLENTE,46.0,164393.07,1314590.9,1297380.04,5722.0,0.0,Maior estrutura financeira
250001612113,4585,ANDRÉ SACCO JUNIOR,DR ANDRÉ SACCO,PSDB,MASCULINO,SUPERIOR COMPLETO,MÉDICO,APTO,SUPLENTE,69.0,2552087.98,354824.9,307886.16,5976.0,0.0,Maior estrutura financeira
250001612135,4599,HAROLD THAU,HAROLD THAU,PSDB,MASCULINO,SUPERIOR COMPLETO,APOSENTADO (EXCETO SERVIDOR PÚBLICO),APTO,SUPLENTE,71.0,325942.34,33290.9,21448.0,634.0,0.0,Maior estrutura financeira
250001612117,4532,FABIO SOARES DE OLIVEIRA,FABIO SOARES,PSDB,MASCULINO,SUPERIOR COMPLETO,ADVOGADO,APTO,SUPLENTE,47.0,493967.76,42492.9,19902.0,5792.0,0.0,Maior estrutura financeira
250001620774,5149,RAFAEL ANGELO ABUD,RAFAEL ABUD,PATRIOTA,MASCULINO,SUPERIOR COMPLETO,OUTROS,APTO,NÃO ELEITO,70.0,0.0,13953.9,0.0,196.0,2.0,Estrutura financeira intermediária
250001620744,5109,EMERSON LUIZ DA CRUZ,EMERSON CRUZ,PATRIOTA,MASCULINO,ENSINO MÉDIO COMPLETO,EMPRESÁRIO,APTO,NÃO ELEITO,45.0,10050000.0,20008.9,0.0,91.0,0.0,Maior estrutura financeira
250001620767,5189,SERGIO KHODOR CURY,SERGIO CURY,PATRIOTA,MASCULINO,SUPERIOR COMPLETO,ECONOMISTA,APTO,NÃO ELEITO,67.0,419140.53,19828.9,0.0,167.0,0.0,Maior estrutura financeira
250001620728,5147,JACKSON HENRIQUE DE SOUZA,NEGO JACKSON,PATRIOTA,MASCULINO,SUPERIOR COMPLETO,OUTROS,APTO,NÃO ELEITO,47.0,370000.0,93128.9,70000.0,1080.0,0.0,Maior estrutura financeira
250001620720,5178,MARLENE MARIA RAMOS,MARLENE RAMOS,PATRIOTA,FEMININO,ENSINO MÉDIO COMPLETO,CATADOR DE RECICLÁVEIS,APTO,NÃO ELEITO,65.0,1016050.0,70904.79,30000.0,259.0,0.0,Maior estrutura financeira
250001620771,5111,SINVAL MALHEIROS PINTO JUNIOR,DR. SINVAL MALHEIROS,PATRIOTA,MASCULINO,ENSINO MÉDIO COMPLETO,MÉDICO,APTO,NÃO ELEITO,71.0,0.0,335926.7,266707.39,21519.0,2.0,Estrutura financeira intermediária
250001620735,5145,GLAUCIA MAXIMO DOS SANTOS,GLAUCIA MAXIMO,PATRIOTA,FEMININO,SUPERIOR COMPLETO,OUTROS,APTO,NÃO ELEITO,50.0,0.0,124592.82,103671.1,764.0,2.0,Estrutura financeira intermediária
250001620736,5150,JOSÉ EDINALDO DE OLIVEIRA,ROCHINHA,PATRIOTA,MASCULINO,SUPERIOR COMPLETO,EMPRESÁRIO,APTO,NÃO ELEITO,53.0,2062070.51,113338.9,113607.58,1209.0,0.0,Maior estrutura financeira
250001620742,5159,CLAUDIA SANTOS LEAL,CLAUDIA LEAL,PATRIOTA,FEMININO,ENSINO MÉDIO COMPLETO,POLICIAL MILITAR,APTO,NÃO ELEITO,45.0,52366.04,202739.67,128787.27,475.0,0.0,Maior estrutura financeira
250001700014,2900,LISIA SAKAI,LISIA SAKAI,PCO,FEMININO,SUPERIOR INCOMPLETO,JORNALISTA E REDATOR,APTO,NÃO ELEITO,56.0,0.0,11974.36,0.0,203.0,2.0,Estrutura financeira intermediária
250001611410,1611,RENATO BENEDUCI ASSAD,RENATO BANCADA ANTICAPITALISTA,PSTU,MASCULINO,SUPERIOR INCOMPLETO,"ESTUDANTE, BOLSISTA, ESTAGIÁRIO E ASSEMELHADOS",APTO,NÃO ELEITO,29.0,264648.93,5211.2,5211.2,477.0,0.0,Maior estrutura financeira
250001610646,1390,VICENTE PAULO DA SILVA,VICENTINHO,PT,MASCULINO,SUPERIOR COMPLETO,PROFESSOR DE ENSINO SUPERIOR,APTO,SUPLENTE,66.0,472376.82999999996,2339990.83,2332405.84,82912.0,0.0,Maior estrutura financeira
250001610709,1338,GILDENOR ALVES FREIRE,GIL FREIRE,PT,MASCULINO,ENSINO MÉDIO COMPLETO,MOTORISTA DE VEÍCULOS DE TRANSPORTE COLETIVO DE PASSAGEIROS,APTO,SUPLENTE,55.0,0.0,79484.69,5000.0,2693.0,2.0,Estrutura financeira intermediária
250001610697,1307,FABIANA SOLER DOS SANTOS ANDRADE,FABIANA SOLER,PT,FEMININO,SUPERIOR COMPLETO,EMPRESÁRIO,APTO,SUPLENTE,46.0,146756.38,122167.66,111996.18,7036.0,0.0,Maior estrutura financeira
250001610699,1334,FERNANDA MENDES PRADO,FERNANDA PRADO,PT,FEMININO,SUPERIOR INCOMPLETO,ARTISTA PLÁSTICO E ASSEMELHADOS,APTO,SUPLENTE,40.0,0.0,67841.08,70002.93,1974.0,2.0,Estrutura financeira intermediária
250001610659,4377,MÁRCIA REBESCHINI PATELLA DA SILVA,MÁRCIA REBESCHINI,PV,FEMININO,SUPERIOR COMPLETO,VEREADOR,APTO,SUPLENTE,42.0,189795.57,212300.0,198931.15,2659.0,0.0,Maior estrutura financeira
250001610690,1384,JACQUELINE CHANEL,JACQUE CHANEL,PT,FEMININO,ENSINO MÉDIO COMPLETO,OUTROS,APTO,SUPLENTE,57.0,0.0,66671.48,59354.85,489.0,2.0,Estrutura financeira intermediária
250001610693,1375,DOUGLAS ELIAS BELCHIOR,DOUGLAS BELCHIOR,PT,MASCULINO,SUPERIOR COMPLETO,PROFESSOR DE ENSINO MÉDIO,APTO,SUPLENTE,43.0,333780.72000000003,2528150.79,2525590.11,50391.0,0.0,Maior estrutura financeira
250001610661,4366,MÔNICA GABRIELA BUAVA DE FREITAS,MÔNICA BUAVA MANDATO ANIMAL,PV,FEMININO,SUPERIOR COMPLETO,EMPRESÁRIO,APTO,SUPLENTE,37.0,639734.4299999999,1551808.03,1506799.03,21760.0,0.0,Maior estrutura financeira
250001610700,1393,CLAUDIO BISPO,CLAUDIO ITAVERÁ,PT,MASCULINO,ENSINO FUNDAMENTAL INCOMPLETO,EMPRESÁRIO,APTO,SUPLENTE,57.0,804521.01,112761.48,106450.0,8785.0,0.0,Maior estrutura financeira
250001606098,7740,MARIANNE BORGES TAVELLI,MARI TAVELLI,SOLIDARIEDADE,FEMININO,SUPERIOR COMPLETO,ADMINISTRADOR,APTO,SUPLENTE,34.0,0.0,320680.68,305599.35,2542.0,2.0,Estrutura financeira intermediária
250001606088,7773,ANDREIA APARECIDA GOMES DE SOUSA FERNANDES,ANDREIA DA FARMÁCIA,SOLIDARIEDADE,FEMININO,SUPERIOR INCOMPLETO,OUTROS,APTO,SUPLENTE,50.0,358000.0,50920.56,38000.0,246.0,0.0,Maior estrutura financeira
250001606081,7790,MAURICIO CHINAGLIA,MAURICINHO CHINAGLIA,SOLIDARIEDADE,MASCULINO,SUPERIOR COMPLETO,APOSENTADO (EXCETO SERVIDOR PÚBLICO),APTO,SUPLENTE,61.0,80000.0,115868.40000000001,101980.8,540.0,0.0,Maior estrutura financeira
250001643742,1219,DANIEL MONTEIRO COSTA,DANIEL MUNDURUKU,PDT,MASCULINO,SUPERIOR COMPLETO,ADMINISTRADOR,APTO,NÃO ELEITO,58.0,423408.25,155108.0,140194.24,9492.0,0.0,Maior estrutura financeira
250001643737,1222,WESLEY LEONARDO CEZAR,WESLEY CEZAR (LELINHO),PDT,MASCULINO,ENSINO FUNDAMENTAL COMPLETO,EMPRESÁRIO,APTO,NÃO ELEITO,41.0,934162.0,137018.14,105310.14,41054.0,0.0,Maior estrutura financeira
250001643736,1208,VANESSA ARAUJO,VANESSA ARAUJO PROTETORA,PDT,FEMININO,SUPERIOR COMPLETO,OUTROS,APTO,NÃO ELEITO,33.0,7083.33,10000.0,10000.0,2285.0,0.0,Maior estrutura financeira
250001643722,1276,LUCIANO MOURA DA SILVA,LUCIANO MOURA,PDT,MASCULINO,ENSINO MÉDIO COMPLETO,LOCUTOR E COMENTARISTA DE RÁDIO E TELEVISÃO E RADIALISTA,APTO,NÃO ELEITO,46.0,0.0,20000.0,19922.0,203.0,2.0,Estrutura financeira intermediária
250001604856,1484,VIVIANE BERGAMO MORGERO,VIVIANE BERGAMO MORGERO,PTB,FEMININO,SUPERIOR COMPLETO,FARMACÊUTICO,APTO,NÃO ELEITO,35.0,0.0,10000.0,0.0,201.0,2.0,Estrutura financeira intermediária
250001604848,1432,ELIAS GUIMARAES BORGES,ELIAS GUIMARAES,PTB,MASCULINO,SUPERIOR COMPLETO,ENGENHEIRO,APTO,NÃO ELEITO,71.0,518262.12,0.0,0.0,79.0,1.0,Baixa movimentação financeira
250001604881,1409,JOEL ANTONIO DE MELLO,JOEL ANTONIO DE MELLO,PTB,MASCULINO,SUPERIOR COMPLETO,ODONTÓLOGO,APTO,NÃO ELEITO,60.0,0.0,10000.0,10000.0,186.0,2.0,Estrutura financeira intermediária
250001604867,1414,ADRILLES REIS JORGE,ADRILLES JORGE,PTB,MASCULINO,SUPERIOR COMPLETO,JORNALISTA E REDATOR,APTO,NÃO ELEITO,47.0,188131.25,1558444.62,1621938.77,91485.0,0.0,Maior estrutura financeira
250001604843,1430,SILVANA MENK PINTO,SIL MENK,PTB,FEMININO,SUPERIOR INCOMPLETO,ADMINISTRADOR,APTO,NÃO ELEITO,55.0,0.0,20000.0,20000.0,318.0,2.0,Estrutura financeira intermediária
250001604830,1424,DAISE MARIA PEREIRA SILVA,PROFESSORA DAISE,PTB,FEMININO,SUPERIOR COMPLETO,APOSENTADO (EXCETO SERVIDOR PÚBLICO),APTO,NÃO ELEITO,66.0,0.0,20000.0,12310.07,222.0,2.0,Estrutura financeira intermediária
250001604850,1401,NELIO FERNANDO DOS REIS,SARGENTO NELIO REIS,PTB,MASCULINO,SUPERIOR COMPLETO,PROFESSOR DE ENSINO SUPERIOR,APTO,NÃO ELEITO,46.0,200000.0,52163.14,52163.14,2155.0,0.0,Maior estrutura financeira
250001604831,1418,CLAUDINEI DE OLIVEIRA BARBOSA,HABACUQUE,PTB,MASCULINO,ENSINO MÉDIO COMPLETO,EMPRESÁRIO,APTO,NÃO ELEITO,49.0,110000.0,121000.0,120037.04000000001,5531.0,0.0,Maior estrutura financeira
250001604875,1442,WELLINGTON MACEDO DE SOUZA,JORNALISTA WELLINGTON MACEDO,PTB,MASCULINO,SUPERIOR COMPLETO,JORNALISTA E REDATOR,APTO,NÃO ELEITO,47.0,63367.0,225000.0,225000.0,1118.0,0.0,Maior estrutura financeira
250001604878,1400,PAULO SUSSUMU KOBAYASHI,TENENTE PAULO KOBAYASHI,PTB,MASCULINO,SUPERIOR COMPLETO,POLICIAL MILITAR,APTO,NÃO ELEITO,57.0,67823.99,60000.0,60000.0,3393.0,0.0,Maior estrutura financeira
250001611973,1111,BRUNO MARCELLO DE OLIVEIRA LIMA,DELEGADO BRUNO LIMA,PP,MASCULINO,SUPERIOR COMPLETO,DEPUTADO,APTO,ELEITO POR QP,36.0,159748.62,2814000.0,2812000.0,461217.0,0.0,Maior estrutura financeira
250001611990,1100,MANOEL MAURICIO SILVA NEVES,MAURICIO NEVES,PP,MASCULINO,SUPERIOR COMPLETO,EMPRESÁRIO,APTO,ELEITO POR QP,42.0,4451374.5,2790016.95,2765442.08,129731.0,0.0,Maior estrutura financeira
250001612025,1105,MARCELO MARQUES DE SOUZA,MARCELINHO,PP,MASCULINO,SUPERIOR COMPLETO,OUTROS,APTO,SUPLENTE,43.0,313000.0,8422.0,2708.0699999999997,2225.0,0.0,Maior estrutura financeira
250001611963,1170,RONY DE CASTRO FRANÇA JUNIOR,CORONEL RONY,PP,MASCULINO,SUPERIOR COMPLETO,MEMBRO DAS FORÇAS ARMADAS,APTO,SUPLENTE,48.0,0.0,0.0,0.0,331.0,1.0,Baixa movimentação financeira
250001611966,1119,GILMAR ROTTA,GILMAR ROTTA,PP,MASCULINO,SUPERIOR COMPLETO,VEREADOR,APTO,SUPLENTE,56.0,75666.67,209382.0,209382.0,11986.0,0.0,Maior estrutura financeira
250001612000,1117,THALIA SILVA DE FARIA,THALIA BRASIL,PP,FEMININO,SUPERIOR INCOMPLETO,OUTROS,APTO,SUPLENTE,21.0,0.0,126416.0,126331.1,778.0,2.0,Estrutura financeira intermediária
250001611976,1136,CLÁUDIA PEREIRA CALDAS,CLÁUDIA P CALDAS,PP,FEMININO,SUPERIOR COMPLETO,OUTROS,APTO,SUPLENTE,54.0,216858.0,30000.0,29925.14,359.0,0.0,Maior estrutura financeira
250001597696,3074,DOUGLAS VIEIRA PRIMO,PRIMO MAIS NOVO,NOVO,MASCULINO,SUPERIOR COMPLETO,REPRESENTANTE COMERCIAL,APTO,SUPLENTE,59.0,324000.0,1241.5300000000002,0.0,170.0,0.0,Maior estrutura financeira
250001597717,3075,PAULO RAMOS BORGES PINTO VIOLARO,PROF. PAULO BORGES (VIOLARO),NOVO,MASCULINO,SUPERIOR COMPLETO,ADVOGADO,APTO,SUPLENTE,58.0,2010765.3,11011.53,9770.0,723.0,0.0,Maior estrutura financeira
250001597718,3060,PEDRO AUGUSTO LIA TEDDE,PEDRO TEDDE,NOVO,MASCULINO,SUPERIOR COMPLETO,ENGENHEIRO,APTO,SUPLENTE,67.0,13854449.0,90501.53,89212.73999999999,7873.0,0.0,Maior estrutura financeira
250001597716,3026,PAULO EDUARDO BRAZILINO,PAULINHO DO NOVO,NOVO,MASCULINO,SUPERIOR INCOMPLETO,SERVIDOR PÚBLICO ESTADUAL,APTO,SUPLENTE,51.0,436800.0,3641.53,2343.95,343.0,0.0,Maior estrutura financeira
250001604968,5553,ELIEL MIRANDA,ELIEL MIRANDA,PSD,MASCULINO,SUPERIOR COMPLETO,SERVIDOR PÚBLICO MUNICIPAL,APTO,SUPLENTE,40.0,0.0,171986.41,154777.7,50875.0,2.0,Estrutura financeira intermediária
250001604971,5522,ADRIANA ALVES DA SILVA RAMALHO,ADRIANA RAMALHO,PSD,FEMININO,SUPERIOR COMPLETO,EMPRESÁRIO,APTO,SUPLENTE,41.0,803847.0,416256.41,402976.1,11074.0,0.0,Maior estrutura financeira
250001604955,5552,VALÉRIA MEIRELLES MONTEIRO,VALÉRIA MONTEIRO,PSD,FEMININO,SUPERIOR INCOMPLETO,JORNALISTA E REDATOR,APTO,SUPLENTE,57.0,112644.0,93256.41,82874.71,1225.0,0.0,Maior estrutura financeira
250001604941,5557,SUSANA LAMBERT DE BRITO SILVA,SUSANA LAMBERT,PSD,FEMININO,SUPERIOR COMPLETO,SERVIDOR PÚBLICO ESTADUAL,APTO,SUPLENTE,41.0,192754.0,70426.41,59795.45,359.0,0.0,Maior estrutura financeira
250001604948,5577,ANTONIO CEZAR CORREIA FREIRE,CEZINHA DE MADUREIRA,PSD,MASCULINO,SUPERIOR COMPLETO,DEPUTADO,APTO,ELEITO POR QP,48.0,602418.0,1642289.1099999999,1624142.91,143434.0,0.0,Maior estrutura financeira
250001604962,5570,WALTER SHINDI IIHOSHI,WALTER IHOSHI,PSD,MASCULINO,SUPERIOR COMPLETO,ADMINISTRADOR,APTO,SUPLENTE,61.0,727337.0,1775961.8,1759705.3900000001,55027.0,0.0,Maior estrutura financeira
250001611889,1012,GLAUCIA BERENICE SANTOS DA SILVA,GLAUCIA BERENICE,REPUBLICANOS,FEMININO,SUPERIOR COMPLETO,ASSISTENTE SOCIAL,APTO,SUPLENTE,56.0,63521.0,293230.0,246643.16,16664.0,0.0,Maior estrutura financeira
250001611883,1016,CICERO DE AQUINO,CICERO INVESTIGADOR,REPUBLICANOS,MASCULINO,SUPERIOR COMPLETO,POLICIAL CIVIL,APTO,SUPLENTE,58.0,1278000.0,156685.0,150000.0,4897.0,0.0,Maior estrutura financeira
250001611878,1040,GUALTER DE ALMEIDA AMADO,GUALTER AMADO,REPUBLICANOS,MASCULINO,SUPERIOR COMPLETO,VEREADOR,APTO,SUPLENTE,48.0,605277.28,61365.0,43069.3,4318.0,0.0,Maior estrutura financeira
250001611856,1023,HENRIQUE STEIN SCIASCIO,HENRIQUE DO PARAISO,REPUBLICANOS,MASCULINO,SUPERIOR INCOMPLETO,OUTROS,APTO,SUPLENTE,37.0,400314.87,1801800.0,1788593.55,47056.0,0.0,Maior estrutura financeira
250001611873,1051,CARLOS EDUARDO MARCHESI TROMBINI,CARLOS TROMBINI,REPUBLICANOS,MASCULINO,SUPERIOR COMPLETO,ENGENHEIRO,APTO,SUPLENTE,63.0,182491.61,119790.0,78516.3,3046.0,0.0,Maior estrutura financeira
250001611897,1077,ADRIANO DA COSTA E SILVA,MAJOR COSTA E SILVA,REPUBLICANOS,MASCULINO,SUPERIOR COMPLETO,MEMBRO DAS FORÇAS ARMADAS,APTO,SUPLENTE,45.0,232558.0,473362.0,399943.35,9624.0,0.0,Maior estrutura financeira
250001611876,1021,FABIO ALVARENGA QUINTINO,CORONEL QUINTINO,REPUBLICANOS,MASCULINO,SUPERIOR COMPLETO,MEMBRO DAS FORÇAS ARMADAS,APTO,SUPLENTE,44.0,0.0,165301.78,118172.6,6538.0,2.0,Estrutura financeira intermediária
